2024-11-16 00:43:15,459 [INFO] Activator:176 - 


2024-11-16 00:43:15,460 [INFO] Activator:177 - !SESSION log4j initialized
2024-11-16 00:43:18,207 [INFO] LogOutputStream:77 - [STDOUT_REDIRECT] 
2024-11-16 00:43:19,936 [INFO] ApplicationProperties:184 - Using Application install path: C:\ST\STM32CubeIDE_1.15.1\STM32CubeIDE\plugins\com.st.stm32cube.common.mx_6.11.1.202404110753
2024-11-16 00:43:19,954 [INFO] DbMcusXml:78 - Set database path to: C:\ST\STM32CubeIDE_1.15.1\STM32CubeIDE\plugins\com.st.stm32cube.common.mx_6.11.1.202404110753\\db\/mcu/
2024-11-16 00:43:19,954 [INFO] ApiDb:274 - Set plugin database path to: C:\ST\STM32CubeIDE_1.15.1\STM32CubeIDE\plugins\com.st.stm32cube.common.mx_6.11.1.202404110753\\db\/plugins/boardmanager/
2024-11-16 00:43:19,954 [WARN] ApiDb:259 - Overriding images path with different value:  => C:\ST\STM32CubeIDE_1.15.1\STM32CubeIDE\plugins\com.st.stm32cube.common.mx_6.11.1.202404110753\\db\/plugins/mcufinder/images/
2024-11-16 00:43:19,966 [INFO] ApiDb:250 - Set database path to: C:\Users\ethan\.stmcufinder\plugins\mcufinder//mcu/
2024-11-16 00:43:19,967 [INFO] DbMcusAds:125 - Set database path to: C:\Users\ethan\.stmcufinder\plugins\mcufinder//mcu/
2024-11-16 00:43:19,968 [INFO] CrossReferenceDbSqlite:203 - Set database path to: C:\Users\ethan\.stmcufinder\plugins\mcufinder//mcu/cs/
2024-11-16 00:43:20,081 [INFO] RulesReader:64 - Compatibility file has been processed (297 Rules)
2024-11-16 00:43:20,157 [INFO] DbMcusXml:78 - Set database path to: C:\ST\STM32CubeIDE_1.15.1\STM32CubeIDE\plugins\com.st.stm32cube.common.mx_6.11.1.202404110753\\db\/mcu/
2024-11-16 00:43:20,157 [INFO] ApiDb:274 - Set plugin database path to: C:\ST\STM32CubeIDE_1.15.1\STM32CubeIDE\plugins\com.st.stm32cube.common.mx_6.11.1.202404110753\\db\/plugins/boardmanager/
2024-11-16 00:43:20,158 [INFO] ApiDb:261 - Set plugin images path to: C:\ST\STM32CubeIDE_1.15.1\STM32CubeIDE\plugins\com.st.stm32cube.common.mx_6.11.1.202404110753\\db\/plugins/mcufinder/images/
2024-11-16 00:43:20,158 [WARN] DbFile:41 - Overriding database path with different value: C:\Users\ethan\.stmcufinder\plugins\mcufinder/ => C:\Users\ethan\.stmcufinder\plugins\mcufinder
2024-11-16 00:43:20,158 [INFO] ApiDb:250 - Set database path to: C:\Users\ethan\.stmcufinder\plugins\mcufinder//mcu/
2024-11-16 00:43:20,158 [WARN] DbFile:41 - Overriding database path with different value: C:\Users\ethan\.stmcufinder\plugins\mcufinder/ => C:\Users\ethan\.stmcufinder\plugins\mcufinder
2024-11-16 00:43:20,158 [INFO] DbMcusAds:125 - Set database path to: C:\Users\ethan\.stmcufinder\plugins\mcufinder//mcu/
2024-11-16 00:43:20,158 [WARN] DbFile:41 - Overriding database path with different value: C:\Users\ethan\.stmcufinder\plugins\mcufinder/ => C:\Users\ethan\.stmcufinder\plugins\mcufinder
2024-11-16 00:43:20,158 [WARN] DbFile:41 - Overriding database path with different value: C:\Users\ethan\.stmcufinder\plugins\mcufinder/ => C:\Users\ethan\.stmcufinder\plugins\mcufinder
2024-11-16 00:43:20,158 [INFO] CrossReferenceDbSqlite:203 - Set database path to: C:\Users\ethan\.stmcufinder\plugins\mcufinder//mcu/cs/
2024-11-16 00:43:20,228 [INFO] MainPanel:264 - HeapMemory: 268435456
2024-11-16 00:43:20,314 [INFO] DbMcusXml:78 - Set database path to: C:\ST\STM32CubeIDE_1.15.1\STM32CubeIDE\plugins\com.st.stm32cube.common.mx_6.11.1.202404110753\\db\/mcu/
2024-11-16 00:43:20,315 [INFO] ApiDb:274 - Set plugin database path to: C:\ST\STM32CubeIDE_1.15.1\STM32CubeIDE\plugins\com.st.stm32cube.common.mx_6.11.1.202404110753\\db\/plugins/boardmanager/
2024-11-16 00:43:20,315 [INFO] ApiDb:261 - Set plugin images path to: C:\ST\STM32CubeIDE_1.15.1\STM32CubeIDE\plugins\com.st.stm32cube.common.mx_6.11.1.202404110753\\db\/plugins/mcufinder/images/
2024-11-16 00:43:20,315 [WARN] DbFile:41 - Overriding database path with different value: C:\Users\ethan\.stmcufinder\plugins\mcufinder/ => C:\Users\ethan\.stmcufinder\plugins\mcufinder
2024-11-16 00:43:20,316 [INFO] ApiDb:250 - Set database path to: C:\Users\ethan\.stmcufinder\plugins\mcufinder//mcu/
2024-11-16 00:43:20,316 [WARN] DbFile:41 - Overriding database path with different value: C:\Users\ethan\.stmcufinder\plugins\mcufinder/ => C:\Users\ethan\.stmcufinder\plugins\mcufinder
2024-11-16 00:43:20,316 [INFO] DbMcusAds:125 - Set database path to: C:\Users\ethan\.stmcufinder\plugins\mcufinder//mcu/
2024-11-16 00:43:20,316 [WARN] DbFile:41 - Overriding database path with different value: C:\Users\ethan\.stmcufinder\plugins\mcufinder/ => C:\Users\ethan\.stmcufinder\plugins\mcufinder
2024-11-16 00:43:20,316 [WARN] DbFile:41 - Overriding database path with different value: C:\Users\ethan\.stmcufinder\plugins\mcufinder/ => C:\Users\ethan\.stmcufinder\plugins\mcufinder
2024-11-16 00:43:20,316 [INFO] CrossReferenceDbSqlite:203 - Set database path to: C:\Users\ethan\.stmcufinder\plugins\mcufinder//mcu/cs/
2024-11-16 00:43:20,330 [INFO] ApplicationProperties:184 - Using Application install path: C:\ST\STM32CubeIDE_1.15.1\STM32CubeIDE\plugins\com.st.stm32cube.common.mx_6.11.1.202404110753
2024-11-16 00:43:20,332 [INFO] PluginManage:196 - Search for loadable plugins [exclusion list=, ]
2024-11-16 00:43:20,332 [INFO] PluginManage:310 - Check plugin analytics
2024-11-16 00:43:20,515 [INFO] AnalyticsPlugin:253 - Accepted Software Licenses: STM32CubeMX.6.10.0
2024-11-16 00:43:20,515 [INFO] AnalyticsPlugin:255 - Accepted CMSIS Pack Licenses: 
2024-11-16 00:43:20,516 [INFO] AnalyticsPlugin:257 - Accepted Firmware Licenses: FW.F4.1.28.0
2024-11-16 00:43:20,520 [INFO] PluginManage:359 - Loaded plugin analytics (category:tool,tabindex:-1)
2024-11-16 00:43:20,522 [INFO] PluginManage:310 - Check plugin cadmodel
2024-11-16 00:43:20,536 [INFO] CADModel:105 - Init CAD model plugin
2024-11-16 00:43:20,536 [INFO] PluginManage:359 - Loaded plugin cadmodel (category:power,tabindex:5)
2024-11-16 00:43:20,536 [INFO] PluginManage:310 - Check plugin clock
2024-11-16 00:43:20,553 [INFO] PluginManage:359 - Loaded plugin clock (category:base,tabindex:2)
2024-11-16 00:43:20,553 [INFO] PluginManage:310 - Check plugin ddr
2024-11-16 00:43:20,555 [INFO] PluginManage:359 - Loaded plugin ddr (category:tool,tabindex:6)
2024-11-16 00:43:20,555 [INFO] PluginManage:310 - Check plugin filemanager
2024-11-16 00:43:20,692 [INFO] PluginManage:359 - Loaded plugin filemanager (category:base,tabindex:10)
2024-11-16 00:43:20,692 [INFO] PluginManage:310 - Check plugin ipmanager
2024-11-16 00:43:20,697 [INFO] PluginManage:359 - Loaded plugin ipmanager (category:base,tabindex:5)
2024-11-16 00:43:20,697 [INFO] PluginManage:310 - Check plugin lpbam
2024-11-16 00:43:20,712 [INFO] PluginManage:359 - Loaded plugin lpbam (category:base,tabindex:0)
2024-11-16 00:43:20,712 [INFO] PluginManage:310 - Check plugin memorymap
2024-11-16 00:43:20,731 [INFO] PluginManage:359 - Loaded plugin memorymap (category:base,tabindex:4)
2024-11-16 00:43:20,731 [INFO] PluginManage:310 - Check plugin pinoutandconfiguration
2024-11-16 00:43:20,745 [INFO] PluginManage:359 - Loaded plugin pinoutandconfiguration (category:base,tabindex:1)
2024-11-16 00:43:20,745 [INFO] PluginManage:310 - Check plugin pinoutconfig
2024-11-16 00:43:20,819 [WARN] SupportedApi:132 - Cannot load RTOS API schema: s4s-elt-must-match.1: The content of 'definitions' must match (annotation?, (simpleType | complexType)?, (unique | key | keyref)*)). A problem was found starting at: attribute.
2024-11-16 00:43:20,930 [INFO] PluginManage:359 - Loaded plugin pinoutconfig (category:base,tabindex:0)
2024-11-16 00:43:20,930 [INFO] PluginManage:310 - Check plugin power
2024-11-16 00:43:20,946 [INFO] PluginManage:359 - Loaded plugin power (category:power,tabindex:4)
2024-11-16 00:43:20,946 [INFO] PluginManage:310 - Check plugin projectmanager
2024-11-16 00:43:20,958 [INFO] PluginManage:359 - Loaded plugin projectmanager (category:projectmanager,tabindex:3)
2024-11-16 00:43:20,958 [INFO] PluginManage:310 - Check plugin thirdparty
2024-11-16 00:43:21,184 [INFO] PluginManage:359 - Loaded plugin thirdparty (category:base,tabindex:-1)
2024-11-16 00:43:21,185 [INFO] PluginManage:310 - Check plugin tools
2024-11-16 00:43:21,185 [WARN] IntegrityCheckThread:84 - waiting for thirdparty lock release [integrity check]
2024-11-16 00:43:21,185 [INFO] IntegrityCheckThread:86 - entering critical section [integrity check]
2024-11-16 00:43:21,186 [INFO] ThirdPartyUpdaterWithRetryManager:70 - Updater plugin not ready yet. [1/15]
2024-11-16 00:43:21,215 [INFO] PluginManage:359 - Loaded plugin tools (category:base,tabindex:7)
2024-11-16 00:43:21,215 [INFO] PluginManage:310 - Check plugin tutovideos
2024-11-16 00:43:21,350 [INFO] PluginManage:359 - Loaded plugin tutovideos (category:base,tabindex:-1)
2024-11-16 00:43:21,350 [INFO] PluginManage:310 - Check plugin updater
2024-11-16 00:43:21,360 [INFO] PluginManage:359 - Loaded plugin updater (category:base,tabindex:12)
2024-11-16 00:43:21,360 [INFO] PluginManage:310 - Check plugin userauth
2024-11-16 00:43:21,365 [INFO] UserAuth:114 - Init User Auth plugin
2024-11-16 00:43:21,365 [INFO] PluginManage:359 - Loaded plugin userauth (category:base,tabindex:14)
2024-11-16 00:43:21,366 [INFO] PluginManage:283 - PluginManage : Loaded plugins [17]
2024-11-16 00:43:21,548 [INFO] PinOutPanel:1561 - setPackage(No Configuration,No Configuration)
2024-11-16 00:43:21,600 [INFO] CADModel:165 - CPN selected for project level
2024-11-16 00:43:21,600 [INFO] CADModel:114 - Register for checkConnection events
2024-11-16 00:43:21,620 [INFO] IPUIPlugin:80 - create IPUIPlugin
2024-11-16 00:43:21,620 [INFO] PluginManager:220 - loadIPPluginJar : add adc
2024-11-16 00:43:21,662 [INFO] IPUIPlugin:80 - create IPUIPlugin
2024-11-16 00:43:21,662 [INFO] PluginManager:220 - loadIPPluginJar : add aes
2024-11-16 00:43:21,705 [INFO] IPUIPlugin:80 - create IPUIPlugin
2024-11-16 00:43:21,706 [INFO] PluginManager:220 - loadIPPluginJar : add can
2024-11-16 00:43:21,727 [INFO] IPUIPlugin:80 - create IPUIPlugin
2024-11-16 00:43:21,727 [INFO] PluginManager:220 - loadIPPluginJar : add comp
2024-11-16 00:43:21,754 [INFO] IPUIPlugin:80 - create IPUIPlugin
2024-11-16 00:43:21,754 [INFO] PluginManager:220 - loadIPPluginJar : add cryp
2024-11-16 00:43:21,784 [INFO] IPUIPlugin:80 - create IPUIPlugin
2024-11-16 00:43:21,784 [INFO] PluginManager:220 - loadIPPluginJar : add dfsdm
2024-11-16 00:43:21,795 [INFO] IPUIPlugin:80 - create IPUIPlugin
2024-11-16 00:43:21,796 [INFO] PluginManager:220 - loadIPPluginJar : add dma
2024-11-16 00:43:21,835 [INFO] IPUIPlugin:80 - create IPUIPlugin
2024-11-16 00:43:21,835 [INFO] PluginManager:220 - loadIPPluginJar : add dma3
2024-11-16 00:43:21,884 [INFO] IPUIPlugin:80 - create IPUIPlugin
2024-11-16 00:43:21,884 [INFO] PluginManager:220 - loadIPPluginJar : add extmemmanager
2024-11-16 00:43:21,905 [INFO] IPUIPlugin:80 - create IPUIPlugin
2024-11-16 00:43:21,906 [INFO] PluginManager:220 - loadIPPluginJar : add fatfs
2024-11-16 00:43:21,957 [INFO] IPUIPlugin:80 - create IPUIPlugin
2024-11-16 00:43:21,957 [INFO] PluginManager:220 - loadIPPluginJar : add fmc
2024-11-16 00:43:21,971 [INFO] IPUIPlugin:80 - create IPUIPlugin
2024-11-16 00:43:21,971 [INFO] PluginManager:220 - loadIPPluginJar : add freertos
2024-11-16 00:43:21,990 [INFO] IPUIPlugin:80 - create IPUIPlugin
2024-11-16 00:43:21,990 [INFO] PluginManager:220 - loadIPPluginJar : add genericplugin
2024-11-16 00:43:22,083 [INFO] IPUIPlugin:80 - create IPUIPlugin
2024-11-16 00:43:22,083 [INFO] PluginManager:220 - loadIPPluginJar : add gfxmmu
2024-11-16 00:43:22,212 [INFO] IPUIPlugin:80 - create IPUIPlugin
2024-11-16 00:43:22,212 [INFO] PluginManager:220 - loadIPPluginJar : add gic
2024-11-16 00:43:22,227 [INFO] IPUIPlugin:80 - create IPUIPlugin
2024-11-16 00:43:22,227 [INFO] PluginManager:220 - loadIPPluginJar : add gpio
2024-11-16 00:43:22,305 [INFO] IPUIPlugin:80 - create IPUIPlugin
2024-11-16 00:43:22,305 [INFO] PluginManager:220 - loadIPPluginJar : add gtzc
2024-11-16 00:43:22,334 [INFO] IPUIPlugin:80 - create IPUIPlugin
2024-11-16 00:43:22,334 [INFO] PluginManager:220 - loadIPPluginJar : add hash
2024-11-16 00:43:22,389 [INFO] IPUIPlugin:80 - create IPUIPlugin
2024-11-16 00:43:22,389 [INFO] PluginManager:220 - loadIPPluginJar : add i2c
2024-11-16 00:43:22,426 [INFO] IPUIPlugin:80 - create IPUIPlugin
2024-11-16 00:43:22,426 [INFO] PluginManager:220 - loadIPPluginJar : add i2s
2024-11-16 00:43:22,474 [INFO] IPUIPlugin:80 - create IPUIPlugin
2024-11-16 00:43:22,474 [INFO] PluginManager:220 - loadIPPluginJar : add i3c
2024-11-16 00:43:22,581 [INFO] IPUIPlugin:80 - create IPUIPlugin
2024-11-16 00:43:22,581 [INFO] PluginManager:220 - loadIPPluginJar : add ipddr
2024-11-16 00:43:22,656 [INFO] IPUIPlugin:80 - create IPUIPlugin
2024-11-16 00:43:22,656 [INFO] PluginManager:220 - loadIPPluginJar : add linkedlist
2024-11-16 00:43:22,698 [INFO] IPUIPlugin:80 - create IPUIPlugin
2024-11-16 00:43:22,698 [INFO] PluginManager:220 - loadIPPluginJar : add lorawan
2024-11-16 00:43:22,739 [INFO] IPUIPlugin:80 - create IPUIPlugin
2024-11-16 00:43:22,739 [INFO] PluginManager:220 - loadIPPluginJar : add ltdc
2024-11-16 00:43:22,754 [INFO] IPUIPlugin:80 - create IPUIPlugin
2024-11-16 00:43:22,754 [INFO] PluginManager:220 - loadIPPluginJar : add mdma
2024-11-16 00:43:22,764 [INFO] IPUIPlugin:80 - create IPUIPlugin
2024-11-16 00:43:22,765 [INFO] PluginManager:220 - loadIPPluginJar : add nvic
2024-11-16 00:43:22,797 [INFO] IPUIPlugin:80 - create IPUIPlugin
2024-11-16 00:43:22,797 [INFO] PluginManager:220 - loadIPPluginJar : add opamp
2024-11-16 00:43:22,840 [INFO] IPUIPlugin:80 - create IPUIPlugin
2024-11-16 00:43:22,841 [INFO] PluginManager:220 - loadIPPluginJar : add openamp
2024-11-16 00:43:22,884 [INFO] IPUIPlugin:80 - create IPUIPlugin
2024-11-16 00:43:22,884 [INFO] PluginManager:220 - loadIPPluginJar : add pdm2pcm
2024-11-16 00:43:22,894 [INFO] IPUIPlugin:80 - create IPUIPlugin
2024-11-16 00:43:22,896 [INFO] PluginManager:220 - loadIPPluginJar : add plateformsettings
2024-11-16 00:43:22,915 [INFO] IPUIPlugin:80 - create IPUIPlugin
2024-11-16 00:43:22,915 [INFO] PluginManager:220 - loadIPPluginJar : add quadspi
2024-11-16 00:43:22,925 [INFO] IPUIPlugin:80 - create IPUIPlugin
2024-11-16 00:43:22,925 [INFO] PluginManager:220 - loadIPPluginJar : add resmgrutility
2024-11-16 00:43:22,975 [INFO] IPUIPlugin:80 - create IPUIPlugin
2024-11-16 00:43:22,975 [INFO] PluginManager:220 - loadIPPluginJar : add sai
2024-11-16 00:43:23,013 [INFO] IPUIPlugin:80 - create IPUIPlugin
2024-11-16 00:43:23,013 [INFO] PluginManager:220 - loadIPPluginJar : add spi
2024-11-16 00:43:23,086 [INFO] IPUIPlugin:80 - create IPUIPlugin
2024-11-16 00:43:23,086 [INFO] PluginManager:220 - loadIPPluginJar : add stm32_wpan
2024-11-16 00:43:23,107 [INFO] IPUIPlugin:80 - create IPUIPlugin
2024-11-16 00:43:23,107 [INFO] PluginManager:220 - loadIPPluginJar : add tim
2024-11-16 00:43:23,167 [INFO] IPUIPlugin:80 - create IPUIPlugin
2024-11-16 00:43:23,167 [INFO] PluginManager:220 - loadIPPluginJar : add touchsensing
2024-11-16 00:43:23,192 [INFO] IPUIPlugin:80 - create IPUIPlugin
2024-11-16 00:43:23,192 [INFO] PluginManager:220 - loadIPPluginJar : add tracer_emb
2024-11-16 00:43:23,212 [INFO] IPUIPlugin:80 - create IPUIPlugin
2024-11-16 00:43:23,212 [INFO] PluginManager:220 - loadIPPluginJar : add ts
2024-11-16 00:43:23,232 [INFO] IPUIPlugin:80 - create IPUIPlugin
2024-11-16 00:43:23,232 [INFO] PluginManager:220 - loadIPPluginJar : add tsc
2024-11-16 00:43:23,250 [INFO] IPUIPlugin:80 - create IPUIPlugin
2024-11-16 00:43:23,252 [INFO] PluginManager:220 - loadIPPluginJar : add ucpd
2024-11-16 00:43:23,297 [INFO] IPUIPlugin:80 - create IPUIPlugin
2024-11-16 00:43:23,297 [INFO] PluginManager:220 - loadIPPluginJar : add usart
2024-11-16 00:43:23,338 [INFO] IPUIPlugin:80 - create IPUIPlugin
2024-11-16 00:43:23,338 [INFO] PluginManager:220 - loadIPPluginJar : add usbx
2024-11-16 00:43:23,452 [INFO] CADModel:165 - CPN selected for project level
2024-11-16 00:43:23,452 [INFO] CADModel:114 - Register for checkConnection events
2024-11-16 00:43:23,453 [FATAL] Updater:308 - Updater called before beeing initialized
2024-11-16 00:43:23,453 [ERROR] CADModel:125 - Updater not yet initialized, retry later 
2024-11-16 00:43:23,561 [INFO] CADModel:165 - CPN selected for project level
2024-11-16 00:43:23,561 [INFO] CADModel:114 - Register for checkConnection events
2024-11-16 00:43:23,561 [FATAL] Updater:308 - Updater called before beeing initialized
2024-11-16 00:43:23,561 [ERROR] CADModel:125 - Updater not yet initialized, retry later 
2024-11-16 00:43:23,563 [FATAL] Updater:308 - Updater called before beeing initialized
2024-11-16 00:43:23,646 [FATAL] Updater:308 - Updater called before beeing initialized
2024-11-16 00:43:23,656 [INFO] DbMcusAds:53 - JSON generation date=Fri Sep 20 09:04:38 EDT 2024 (1726837478367)
2024-11-16 00:43:23,656 [FATAL] Updater:308 - Updater called before beeing initialized
2024-11-16 00:43:23,721 [WARN] DetailPanel:346 - Failed to get advertising image, set to default
2024-11-16 00:43:23,784 [FATAL] Updater:308 - Updater called before beeing initialized
2024-11-16 00:43:23,785 [FATAL] Updater:308 - Updater called before beeing initialized
2024-11-16 00:43:23,785 [FATAL] Updater:308 - Updater called before beeing initialized
2024-11-16 00:43:23,786 [WARN] DetailPanel:346 - Failed to get advertising image, set to default
2024-11-16 00:43:23,786 [FATAL] Updater:308 - Updater called before beeing initialized
2024-11-16 00:43:23,835 [ERROR] Updater:1120 - MainUpdater not yet initialized. External WinMGr cannot be set.
2024-11-16 00:43:23,846 [INFO] Updater:1056 - Updater Version found : 6.11.1
2024-11-16 00:43:23,863 [INFO] ApplicationProperties:184 - Using Application install path: C:\ST\STM32CubeIDE_1.15.1\STM32CubeIDE\plugins\com.st.stm32cube.common.mx_6.11.1.202404110753
2024-11-16 00:43:24,188 [INFO] ThirdPartyUpdaterWithRetryManager:70 - Updater plugin not ready yet. [2/15]
2024-11-16 00:43:25,439 [ERROR] LogOutputStream:75 - [STDERR_REDIRECT] Nov 16, 2024 12:43:25 AM java.util.prefs.WindowsPreferences <init>
2024-11-16 00:43:25,440 [ERROR] LogOutputStream:75 - [STDERR_REDIRECT] WARNING: Could not open/create prefs root node Software\JavaSoft\Prefs at root 0xffffffff80000002. Windows RegCreateKeyEx(...) returned error code 5.
2024-11-16 00:43:25,440 [ERROR] LogOutputStream:75 - [STDERR_REDIRECT] 
2024-11-16 00:43:25,748 [INFO] MainUpdater:2873 - connection check result : 10
2024-11-16 00:43:25,749 [INFO] MainUpdater:290 - Updater Check For Update Now.
2024-11-16 00:43:25,749 [INFO] MicroXplorer:498 - Change Database Version : DB.6.0.111
2024-11-16 00:43:25,764 [INFO] McuFinderGlobals:63 - Set McuFinder mode to 2 (CubeIDE integrated)
2024-11-16 00:43:25,776 [INFO] UserAuth:415 - Internet connection configuration mode: 1
2024-11-16 00:43:25,805 [INFO] JxBrowserEngine:152 - Initiate JxBrowser Engine with user profile folder
2024-11-16 00:43:25,956 [INFO] CheckServerUpdateThread:120 - End of CheckServer Thread
2024-11-16 00:43:27,325 [WARN] PackLoader:240 - Cannot read IP mode file for STMicroelectronics.FP-SNS-MOTENVWB1.1.4.0
2024-11-16 00:43:27,340 [WARN] PackLoader:240 - Cannot read IP mode file for STMicroelectronics.FP-ATR-ASTRA1.2.0.1
2024-11-16 00:43:27,351 [WARN] PackLoader:240 - Cannot read IP mode file for STMicroelectronics.X-CUBE-SMBUS.2.1.0
2024-11-16 00:43:27,364 [WARN] PackLoader:240 - Cannot read IP mode file for STMicroelectronics.X-CUBE-WB05N.1.1.0
2024-11-16 00:43:27,375 [WARN] PackLoader:240 - Cannot read IP mode file for STMicroelectronics.X-CUBE-TOUCHGFX.4.23.2
2024-11-16 00:43:27,415 [WARN] PackLoader:240 - Cannot read IP mode file for STMicroelectronics.X-CUBE-AZRTOS-F7.1.1.0
2024-11-16 00:43:27,487 [WARN] PackLoader:240 - Cannot read IP mode file for STMicroelectronics.X-CUBE-MEMS1.11.0.0
2024-11-16 00:43:27,580 [WARN] PackLoader:240 - Cannot read IP mode file for STMicroelectronics.FP-SNS-FLIGHT1.5.0.2
2024-11-16 00:43:27,594 [WARN] PackLoader:240 - Cannot read IP mode file for STMicroelectronics.X-CUBE-DISPLAY.3.0.0
2024-11-16 00:43:27,610 [WARN] PackLoader:240 - Cannot read IP mode file for STMicroelectronics.X-CUBE-BLE1.7.0.0
2024-11-16 00:43:27,624 [WARN] PackLoader:240 - Cannot read IP mode file for STMicroelectronics.X-CUBE-NFC10.1.0.0
2024-11-16 00:43:27,638 [WARN] PackLoader:240 - Cannot read IP mode file for emotas.I-CUBE-CANOPEN.1.3.0
2024-11-16 00:43:27,653 [WARN] PackLoader:240 - Cannot read IP mode file for STMicroelectronics.X-CUBE-BLEMGR.3.1.0
2024-11-16 00:43:27,666 [WARN] PackLoader:240 - Cannot read IP mode file for STMicroelectronics.FP-SNS-SMARTAG2.1.2.0
2024-11-16 00:43:27,681 [INFO] LogOutputStream:77 - [STDOUT_REDIRECT] 1 : Invalid condition id : UX_CORESTACK_Condition cause : null
2024-11-16 00:43:27,682 [INFO] LogOutputStream:77 - [STDOUT_REDIRECT] 1 : Invalid condition id : UX_CORESTACK_Condition cause : null
2024-11-16 00:43:27,683 [INFO] LogOutputStream:77 - [STDOUT_REDIRECT] 1 : Invalid condition id : UX_CORESTACK_Condition cause : null
2024-11-16 00:43:27,684 [INFO] LogOutputStream:77 - [STDOUT_REDIRECT] 1 : Invalid condition id : UX_CORESTACK_Condition cause : null
2024-11-16 00:43:27,685 [INFO] LogOutputStream:77 - [STDOUT_REDIRECT] 1 : Invalid condition id : UX_CORESTACK_Condition cause : null
2024-11-16 00:43:27,686 [WARN] PackLoader:240 - Cannot read IP mode file for STMicroelectronics.X-CUBE-AZRTOS-WL.2.0.0
2024-11-16 00:43:27,699 [WARN] PackLoader:240 - Cannot read IP mode file for STMicroelectronics.FP-SNS-MOTENV1.5.0.0
2024-11-16 00:43:27,711 [WARN] PackLoader:240 - Cannot read IP mode file for wolfSSL.I-CUBE-wolfMQTT.1.19.0
2024-11-16 00:43:27,726 [WARN] PackLoader:240 - Cannot read IP mode file for WES.I-CUBE-Cesium.1.3.0
2024-11-16 00:43:27,741 [WARN] PackLoader:240 - Cannot read IP mode file for STMicroelectronics.X-CUBE-BLE2.3.3.0
2024-11-16 00:43:27,752 [WARN] PackLoader:240 - Cannot read IP mode file for STMicroelectronics.X-CUBE-NFC9.1.0.0
2024-11-16 00:43:27,763 [WARN] PackLoader:240 - Cannot read IP mode file for STMicroelectronics.X-CUBE-TCPP.4.1.0
2024-11-16 00:43:27,785 [WARN] PackLoader:240 - Cannot read IP mode file for STMicroelectronics.X-CUBE-AZRTOS-G0.1.1.0
2024-11-16 00:43:27,798 [WARN] PackLoader:240 - Cannot read IP mode file for STMicroelectronics.X-CUBE-SAFEA1.1.2.2
2024-11-16 00:43:27,814 [WARN] PackLoader:240 - Cannot read IP mode file for STMicroelectronics.X-CUBE-NFC4.3.0.0
2024-11-16 00:43:27,831 [WARN] PackLoader:240 - Cannot read IP mode file for EmbeddedOffice.I-CUBE-FS-RTOS.1.0.1
2024-11-16 00:43:27,831 [ERROR] ConditionMgr:805 - Attr not supported : Dmpu
2024-11-16 00:43:27,831 [ERROR] ConditionMgr:805 - Attr not supported : Dmpu
2024-11-16 00:43:27,831 [ERROR] ConditionMgr:805 - Attr not supported : Dmpu
2024-11-16 00:43:27,831 [ERROR] ConditionMgr:805 - Attr not supported : Dmpu
2024-11-16 00:43:27,831 [ERROR] ConditionMgr:805 - Attr not supported : Dmpu
2024-11-16 00:43:27,831 [ERROR] ConditionMgr:805 - Attr not supported : Dmpu
2024-11-16 00:43:27,831 [ERROR] ConditionMgr:805 - Attr not supported : Dmpu
2024-11-16 00:43:27,831 [ERROR] ConditionMgr:805 - Attr not supported : Dmpu
2024-11-16 00:43:27,831 [ERROR] ConditionMgr:805 - Attr not supported : Dmpu
2024-11-16 00:43:27,831 [ERROR] ConditionMgr:805 - Attr not supported : Dmpu
2024-11-16 00:43:27,831 [ERROR] ConditionMgr:805 - Attr not supported : Dmpu
2024-11-16 00:43:27,831 [ERROR] ConditionMgr:805 - Attr not supported : Dmpu
2024-11-16 00:43:27,831 [ERROR] ConditionMgr:805 - Attr not supported : Dmpu
2024-11-16 00:43:27,831 [ERROR] ConditionMgr:805 - Attr not supported : Dmpu
2024-11-16 00:43:27,831 [ERROR] ConditionMgr:805 - Attr not supported : Dmpu
2024-11-16 00:43:27,831 [ERROR] ConditionMgr:805 - Attr not supported : Dmpu
2024-11-16 00:43:27,831 [ERROR] ConditionMgr:805 - Attr not supported : Dmpu
2024-11-16 00:43:27,831 [ERROR] ConditionMgr:805 - Attr not supported : Dmpu
2024-11-16 00:43:27,832 [ERROR] ConditionMgr:805 - Attr not supported : Dmpu
2024-11-16 00:43:27,832 [ERROR] ConditionMgr:805 - Attr not supported : Dmpu
2024-11-16 00:43:27,832 [ERROR] ConditionMgr:805 - Attr not supported : Dmpu
2024-11-16 00:43:27,832 [ERROR] ConditionMgr:805 - Attr not supported : Dmpu
2024-11-16 00:43:27,832 [ERROR] ConditionMgr:805 - Attr not supported : Dmpu
2024-11-16 00:43:27,832 [ERROR] ConditionMgr:805 - Attr not supported : Dmpu
2024-11-16 00:43:27,832 [ERROR] ConditionMgr:805 - Attr not supported : Dmpu
2024-11-16 00:43:27,832 [ERROR] ConditionMgr:805 - Attr not supported : Dmpu
2024-11-16 00:43:27,832 [ERROR] ConditionMgr:805 - Attr not supported : Dmpu
2024-11-16 00:43:27,832 [ERROR] ConditionMgr:805 - Attr not supported : Dmpu
2024-11-16 00:43:27,832 [ERROR] ConditionMgr:805 - Attr not supported : Dmpu
2024-11-16 00:43:27,832 [ERROR] ConditionMgr:805 - Attr not supported : Dmpu
2024-11-16 00:43:27,832 [ERROR] ConditionMgr:805 - Attr not supported : Dmpu
2024-11-16 00:43:27,832 [ERROR] ConditionMgr:805 - Attr not supported : Dmpu
2024-11-16 00:43:27,832 [ERROR] ConditionMgr:805 - Attr not supported : Dmpu
2024-11-16 00:43:27,832 [ERROR] ConditionMgr:805 - Attr not supported : Dmpu
2024-11-16 00:43:27,832 [ERROR] ConditionMgr:805 - Attr not supported : Dmpu
2024-11-16 00:43:27,832 [ERROR] ConditionMgr:805 - Attr not supported : Dmpu
2024-11-16 00:43:27,833 [ERROR] ConditionMgr:805 - Attr not supported : Dmpu
2024-11-16 00:43:27,833 [ERROR] ConditionMgr:805 - Attr not supported : Dmpu
2024-11-16 00:43:27,833 [ERROR] ConditionMgr:805 - Attr not supported : Dmpu
2024-11-16 00:43:27,833 [ERROR] ConditionMgr:805 - Attr not supported : Dmpu
2024-11-16 00:43:27,833 [ERROR] ConditionMgr:805 - Attr not supported : Dmpu
2024-11-16 00:43:27,833 [ERROR] ConditionMgr:805 - Attr not supported : Dmpu
2024-11-16 00:43:27,833 [ERROR] ConditionMgr:805 - Attr not supported : Dmpu
2024-11-16 00:43:27,833 [ERROR] ConditionMgr:805 - Attr not supported : Dmpu
2024-11-16 00:43:27,833 [ERROR] ConditionMgr:805 - Attr not supported : Dmpu
2024-11-16 00:43:27,833 [ERROR] ConditionMgr:805 - Attr not supported : Dmpu
2024-11-16 00:43:27,834 [ERROR] ConditionMgr:805 - Attr not supported : Dmpu
2024-11-16 00:43:27,834 [ERROR] ConditionMgr:805 - Attr not supported : Dmpu
2024-11-16 00:43:27,834 [ERROR] ConditionMgr:805 - Attr not supported : Dmpu
2024-11-16 00:43:27,834 [ERROR] ConditionMgr:805 - Attr not supported : Dmpu
2024-11-16 00:43:27,834 [ERROR] ConditionMgr:805 - Attr not supported : Dmpu
2024-11-16 00:43:27,834 [ERROR] ConditionMgr:805 - Attr not supported : Dmpu
2024-11-16 00:43:27,834 [ERROR] ConditionMgr:805 - Attr not supported : Dmpu
2024-11-16 00:43:27,834 [ERROR] ConditionMgr:805 - Attr not supported : Dmpu
2024-11-16 00:43:27,834 [ERROR] ConditionMgr:805 - Attr not supported : Dmpu
2024-11-16 00:43:27,834 [ERROR] ConditionMgr:805 - Attr not supported : Dmpu
2024-11-16 00:43:27,834 [ERROR] ConditionMgr:805 - Attr not supported : Dmpu
2024-11-16 00:43:27,834 [ERROR] ConditionMgr:805 - Attr not supported : Dmpu
2024-11-16 00:43:27,834 [ERROR] ConditionMgr:805 - Attr not supported : Dmpu
2024-11-16 00:43:27,834 [ERROR] ConditionMgr:805 - Attr not supported : Dmpu
2024-11-16 00:43:27,834 [ERROR] ConditionMgr:805 - Attr not supported : Dmpu
2024-11-16 00:43:27,834 [ERROR] ConditionMgr:805 - Attr not supported : Dmpu
2024-11-16 00:43:27,835 [ERROR] ConditionMgr:805 - Attr not supported : Dmpu
2024-11-16 00:43:27,835 [ERROR] ConditionMgr:805 - Attr not supported : Dmpu
2024-11-16 00:43:27,850 [WARN] PackLoader:240 - Cannot read IP mode file for RealThread.X-CUBE-RT-Thread_Nano.4.1.1
2024-11-16 00:43:27,862 [WARN] PackLoader:240 - Cannot read IP mode file for wolfSSL.I-CUBE-wolfSSL.5.7.0
2024-11-16 00:43:27,875 [WARN] PackLoader:240 - Cannot read IP mode file for STMicroelectronics.FP-ATR-SIGFOX1.3.2.0
2024-11-16 00:43:27,886 [WARN] ConditionMgr:438 - getConditionDescription Invalid condition id : Cortex-A Device cause : null
2024-11-16 00:43:27,904 [WARN] ConditionMgr:1039 - genDependencies : Invalid condition id : Cortex-A Device cause : null
2024-11-16 00:43:27,904 [WARN] ConditionMgr:1039 - genDependencies : Invalid condition id : Cortex-A Device cause : null
2024-11-16 00:43:27,905 [WARN] ConditionMgr:1039 - genDependencies : Invalid condition id : Cortex-A Device cause : null
2024-11-16 00:43:27,919 [WARN] PackLoader:240 - Cannot read IP mode file for STMicroelectronics.X-CUBE-EEPRMA1.5.1.0
2024-11-16 00:43:27,935 [WARN] PackLoader:240 - Cannot read IP mode file for ITTIA_DB.I-CUBE-ITTIADB.8.9.0
2024-11-16 00:43:27,963 [WARN] PackLoader:240 - Cannot read IP mode file for SEGGER.I-CUBE-embOS.1.3.1
2024-11-16 00:43:28,009 [WARN] PackLoader:240 - Cannot read IP mode file for STMicroelectronics.X-CUBE-ALGOBUILD.1.4.0
2024-11-16 00:43:28,020 [WARN] PackLoader:240 - Cannot read IP mode file for STMicroelectronics.X-CUBE-AI.9.1.0
2024-11-16 00:43:28,032 [WARN] PackLoader:240 - Cannot read IP mode file for STMicroelectronics.X-CUBE-GNSS1.6.0.0
2024-11-16 00:43:28,050 [WARN] PackLoader:240 - Cannot read IP mode file for STMicroelectronics.X-CUBE-AZRTOS-F4.1.1.0
2024-11-16 00:43:28,065 [WARN] PackLoader:240 - Cannot read IP mode file for STMicroelectronics.X-CUBE-ISPU.2.1.0
2024-11-16 00:43:28,075 [WARN] PackLoader:240 - Cannot read IP mode file for STMicroelectronics.X-CUBE-FREERTOS.1.2.0
2024-11-16 00:43:28,097 [WARN] PackLoader:240 - Cannot read IP mode file for STMicroelectronics.X-CUBE-AZRTOS-L5.2.0.0
2024-11-16 00:43:28,112 [WARN] PackLoader:240 - Cannot read IP mode file for STMicroelectronics.X-CUBE-NFC6.3.1.0
2024-11-16 00:43:28,125 [WARN] PackLoader:240 - Cannot read IP mode file for STMicroelectronics.X-CUBE-DPower.1.2.0
2024-11-16 00:43:28,137 [WARN] PackLoader:240 - Cannot read IP mode file for STMicroelectronics.X-CUBE-AI.9.0.0
2024-11-16 00:43:28,146 [WARN] PackLoader:240 - Cannot read IP mode file for STMicroelectronics.X-CUBE-NFC7.1.0.1
2024-11-16 00:43:28,166 [WARN] ConditionMgr:438 - getConditionDescription Invalid condition id : LAN8742 Phy interface Condition cause : null
2024-11-16 00:43:28,167 [WARN] PackLoader:240 - Cannot read IP mode file for STMicroelectronics.X-CUBE-AZRTOS-L4.2.0.0
2024-11-16 00:43:28,167 [WARN] ConditionMgr:1039 - genDependencies : Invalid condition id : LAN8742 Phy interface Condition cause : null
2024-11-16 00:43:28,167 [WARN] ConditionMgr:1039 - genDependencies : Invalid condition id : LAN8742 Phy interface Condition cause : null
2024-11-16 00:43:28,168 [WARN] ConditionMgr:1039 - genDependencies : Invalid condition id : LAN8742 Phy interface Condition cause : null
2024-11-16 00:43:28,181 [WARN] PackLoader:240 - Cannot read IP mode file for STMicroelectronics.X-CUBE-SFXS2LP1.4.0.0
2024-11-16 00:43:28,205 [WARN] PackLoader:240 - Cannot read IP mode file for STMicroelectronics.X-CUBE-AZRTOS-H7.3.3.0
2024-11-16 00:43:28,223 [WARN] PackLoader:240 - Cannot read IP mode file for STMicroelectronics.X-CUBE-IPS.3.0.0
2024-11-16 00:43:28,247 [WARN] ConditionMgr:438 - getConditionDescription Invalid condition id : UX DEVICE CLASS RTOS Condition cause : null
2024-11-16 00:43:28,247 [WARN] ConditionMgr:438 - getConditionDescription Invalid condition id : UX DEVICE CLASS RTOS Condition cause : null
2024-11-16 00:43:28,248 [WARN] PackLoader:240 - Cannot read IP mode file for STMicroelectronics.X-CUBE-AZRTOS-WB.2.0.0
2024-11-16 00:43:28,248 [WARN] ConditionMgr:1039 - genDependencies : Invalid condition id : UX DEVICE CLASS RTOS Condition cause : null
2024-11-16 00:43:28,248 [WARN] ConditionMgr:1039 - genDependencies : Invalid condition id : UX DEVICE CLASS RTOS Condition cause : null
2024-11-16 00:43:28,249 [WARN] ConditionMgr:1039 - genDependencies : Invalid condition id : UX DEVICE CLASS RTOS Condition cause : null
2024-11-16 00:43:28,249 [WARN] ConditionMgr:1039 - genDependencies : Invalid condition id : UX DEVICE CLASS RTOS Condition cause : null
2024-11-16 00:43:28,249 [WARN] ConditionMgr:1039 - genDependencies : Invalid condition id : UX DEVICE CLASS RTOS Condition cause : null
2024-11-16 00:43:28,263 [WARN] PackLoader:240 - Cannot read IP mode file for STMicroelectronics.X-CUBE-GNSS1.7.0.0
2024-11-16 00:43:28,275 [WARN] PackLoader:240 - Cannot read IP mode file for STMicroelectronics.FP-SNS-STBOX1.2.0.0
2024-11-16 00:43:28,290 [WARN] PackLoader:240 - Cannot read IP mode file for STMicroelectronics.X-CUBE-SUBG2.5.0.0
2024-11-16 00:43:28,304 [WARN] PackLoader:240 - Cannot read IP mode file for Cesanta.I-CUBE-Mongoose.7.13.0
2024-11-16 00:43:28,324 [WARN] PackLoader:240 - Cannot read IP mode file for STMicroelectronics.X-CUBE-AZRTOS-G4.2.0.0
2024-11-16 00:43:28,336 [WARN] PackLoader:240 - Cannot read IP mode file for STMicroelectronics.X-CUBE-ISPU.2.0.0
2024-11-16 00:43:28,347 [WARN] PackLoader:240 - Cannot read IP mode file for STMicroelectronics.X-CUBE-ALS.1.0.2
2024-11-16 00:43:28,382 [WARN] PackLoader:240 - Cannot read IP mode file for STMicroelectronics.X-CUBE-MEMS1.10.0.0
2024-11-16 00:43:28,431 [WARN] PackLoader:240 - Cannot read IP mode file for STMicroelectronics.X-CUBE-TOUCHGFX.4.24.0
2024-11-16 00:43:28,441 [WARN] PackLoader:240 - Cannot read IP mode file for STMicroelectronics.X-CUBE-TOUCHGFX.4.24.1
2024-11-16 00:43:28,452 [WARN] PackLoader:240 - Cannot read IP mode file for wolfSSL.I-CUBE-wolfTPM.3.4.0
2024-11-16 00:43:28,463 [WARN] PackLoader:240 - Cannot read IP mode file for portGmbH.I-Cube-SoM-uGOAL.1.1.0
2024-11-16 00:43:28,481 [WARN] PackLoader:240 - Cannot read IP mode file for STMicroelectronics.X-CUBE-AZRTOS-H7RS.1.0.0
2024-11-16 00:43:28,492 [WARN] PackLoader:240 - Cannot read IP mode file for STMicroelectronics.FP-ATR-ASTRA1.2.0.0
2024-11-16 00:43:28,503 [WARN] PackLoader:240 - Cannot read IP mode file for STMicroelectronics.X-CUBE-TOF1.3.4.2
2024-11-16 00:43:28,524 [WARN] PackLoader:240 - Cannot read IP mode file for STMicroelectronics.X-CUBE-TOF1.3.4.1
2024-11-16 00:43:28,544 [WARN] PackLoader:240 - Cannot read IP mode file for STMicroelectronics.X-CUBE-AZRTOS-H7.3.2.0
2024-11-16 00:43:28,568 [WARN] PackLoader:240 - Cannot read IP mode file for Infineon.AIROC-Wi-Fi-Bluetooth-STM32.1.6.0
2024-11-16 00:43:28,579 [WARN] PackLoader:240 - Cannot read IP mode file for wolfSSL.I-CUBE-wolfSSH.1.4.17
2024-11-16 00:43:28,580 [INFO] ThirdParty:978 - Integrity check success = true
2024-11-16 00:43:28,580 [INFO] IntegrityCheckThread:100 - exiting critical section [integrity check]
2024-11-16 00:43:28,580 [INFO] IntegrityCheckThread:103 - End integrity checks thread
2024-11-16 00:43:32,266 [INFO] WebApp:161 - Instantiating new browser for Auth
2024-11-16 00:43:32,645 [INFO] WebApp:779 - Register for checkConnection events
2024-11-16 00:43:32,645 [INFO] WebApp:414 - Apply proxy settings
2024-11-16 00:43:32,645 [INFO] WebApp:499 - Chromium requires no authentication
2024-11-16 00:43:32,650 [INFO] WebApp:442 - Direct internet connection detected
2024-11-16 00:43:32,769 [INFO] WebApp:192 - Starting web application
2024-11-16 00:43:32,769 [INFO] WebApp:544 - Web application path used C:\ST\STM32CubeIDE_1.15.1\STM32CubeIDE\plugins\com.st.stm32cube.common.mx_6.11.1.202404110753\db\plugins\mcufinder\reactClient1\index.html
2024-11-16 00:45:13,046 [INFO] McuFinderGlobals:63 - Set McuFinder mode to 2 (CubeIDE integrated)
2024-11-16 00:45:14,428 [INFO] MainUpdater:2873 - connection check result : 10
2024-11-16 00:45:14,434 [INFO] MainUpdater:2873 - connection check result : 10
2024-11-16 00:45:14,587 [INFO] MicroXplorer:468 - Change Database Path : 
2024-11-16 00:45:14,587 [INFO] MicroXplorer:498 - Change Database Version : DB.6.0.111
2024-11-16 00:45:14,591 [WARN] ThirdParty:871 - waiting for thirdparty lock release [close project]
2024-11-16 00:45:14,591 [INFO] ThirdParty:873 - entering critical section [close project]
2024-11-16 00:45:14,592 [INFO] ThirdParty:883 - exiting critical section [close project]
2024-11-16 00:45:14,594 [INFO] PinOutPanel:1561 - setPackage(No Configuration,No Configuration)
2024-11-16 00:45:14,596 [INFO] UtilMem:75 - Begin LoadConfig() Used Memory: 551770304 Bytes (830472192)
2024-11-16 00:45:18,447 [INFO] ServerAccessManage:473 - Download File stm32cube_db_v6030.zip
2024-11-16 00:45:31,193 [INFO] FileExtend:240 - Unzip File : stm32cube_db_v6030.zip
2024-11-16 00:45:31,193 [INFO] FileExtend:255 - Standard Zip Deflate
2024-11-16 00:45:35,029 [INFO] LoadServerPackagesThread:196 - End of LoadServerPackages Thread
2024-11-16 00:45:35,185 [INFO] CheckServerUpdateThread:120 - End of CheckServer Thread
2024-11-16 00:45:35,401 [INFO] ServerAccessManage:473 - Download File stm32cube_fw_f0_v1110.zip
2024-11-16 00:46:02,447 [ERROR] FileExtend:455 - File entry not found
2024-11-16 00:46:02,447 [INFO] FileExtend:240 - Unzip File : stm32cube_fw_f0_v1110.zip
2024-11-16 00:46:02,448 [INFO] FileExtend:255 - Standard Zip Deflate
2024-11-16 00:46:12,885 [INFO] ServerAccessManage:473 - Download File stm32cube_fw_f0_v1113.zip
2024-11-16 00:46:26,494 [INFO] FileExtend:240 - Unzip File : stm32cube_fw_f0_v1113.zip
2024-11-16 00:46:26,494 [INFO] FileExtend:255 - Standard Zip Deflate
2024-11-16 00:46:32,359 [INFO] LoadServerPackagesThread:196 - End of LoadServerPackages Thread
2024-11-16 00:46:32,484 [INFO] CheckServerUpdateThread:120 - End of CheckServer Thread
2024-11-16 00:46:32,494 [INFO] MicroXplorer:468 - Change Database Path : C:/Users/ethan/.stm32cubemx/databases/DB.6.0.30/db/
2024-11-16 00:46:32,494 [INFO] MicroXplorer:498 - Change Database Version : DB.6.0.30
2024-11-16 00:46:32,494 [INFO] OpenFileManager:312 - Change cursor
2024-11-16 00:46:32,509 [INFO] Mcu:2021 - Initializing MCU STM32F072R(8-B)Tx STM32F072RBTx STM32F072RBT6
2024-11-16 00:46:33,333 [INFO] Context:663 - Trying to add GPIOservice into a context  which must be forbidden
2024-11-16 00:46:33,716 [INFO] RtosManager:555 - Registered RTOS mode: class=CMSIS, group=RTOS, mode=CMSIS_V1, owner=FREERTOS
2024-11-16 00:46:33,716 [INFO] RtosManager:555 - Registered RTOS mode: class=CMSIS, group=RTOS2, mode=CMSIS_V2, owner=FREERTOS
2024-11-16 00:46:33,716 [INFO] RtosManager:555 - Registered RTOS mode: class=RTOS, group=Core, mode=CMSIS_V1, owner=FREERTOS
2024-11-16 00:46:33,716 [INFO] RtosManager:555 - Registered RTOS mode: class=RTOS, group=Core, mode=CMSIS_V2, owner=FREERTOS
2024-11-16 00:46:33,717 [WARN] ModelIntegratedComponent:184 - Missing modes for component STMicroelectronics:FreeRTOS:0.0.1:STMicroelectronics:RTOS:FreeRTOS:Core:::10.2.0:
2024-11-16 00:46:33,725 [WARN] ModelIntegratedComponent:63 - No mode defined for component null
2024-11-16 00:46:33,725 [WARN] ModelIntegratedComponent:63 - No mode defined for component null
2024-11-16 00:46:33,725 [WARN] ModelIntegratedComponent:63 - No mode defined for component null
2024-11-16 00:46:33,725 [WARN] ModelIntegratedComponent:63 - No mode defined for component null
2024-11-16 00:46:33,725 [WARN] ModelIntegratedComponent:63 - No mode defined for component null
2024-11-16 00:46:33,725 [WARN] ModelIntegratedComponent:63 - No mode defined for component null
2024-11-16 00:46:33,725 [WARN] ModelIntegratedComponent:63 - No mode defined for component null
2024-11-16 00:46:33,725 [WARN] ModelIntegratedComponent:63 - No mode defined for component null
2024-11-16 00:46:33,725 [WARN] ModelIntegratedComponent:63 - No mode defined for component null
2024-11-16 00:46:33,726 [WARN] ModelIntegratedComponent:63 - No mode defined for component null
2024-11-16 00:46:33,726 [WARN] ModelIntegratedComponent:63 - No mode defined for component null
2024-11-16 00:46:33,726 [WARN] ModelIntegratedComponent:63 - No mode defined for component null
2024-11-16 00:46:33,726 [WARN] ModelIntegratedComponent:63 - No mode defined for component null
2024-11-16 00:46:33,726 [WARN] ModelIntegratedComponent:63 - No mode defined for component null
2024-11-16 00:46:33,726 [WARN] ModelIntegratedComponent:63 - No mode defined for component null
2024-11-16 00:46:33,726 [WARN] ModelIntegratedComponent:63 - No mode defined for component null
2024-11-16 00:46:33,726 [WARN] ModelIntegratedComponent:63 - No mode defined for component null
2024-11-16 00:46:33,726 [WARN] ModelIntegratedComponent:63 - No mode defined for component null
2024-11-16 00:46:33,726 [WARN] ModelIntegratedComponent:63 - No mode defined for component null
2024-11-16 00:46:33,726 [WARN] ModelIntegratedComponent:63 - No mode defined for component null
2024-11-16 00:46:33,726 [WARN] ModelIntegratedComponent:63 - No mode defined for component null
2024-11-16 00:46:33,726 [WARN] ModelIntegratedComponent:63 - No mode defined for component null
2024-11-16 00:46:33,726 [WARN] ModelIntegratedComponent:63 - No mode defined for component null
2024-11-16 00:46:33,726 [WARN] ModelIntegratedComponent:63 - No mode defined for component null
2024-11-16 00:46:33,726 [WARN] ModelIntegratedComponent:63 - No mode defined for component null
2024-11-16 00:46:33,726 [WARN] ModelIntegratedComponent:63 - No mode defined for component null
2024-11-16 00:46:33,726 [WARN] ModelIntegratedComponent:63 - No mode defined for component null
2024-11-16 00:46:33,726 [WARN] ModelIntegratedComponent:63 - No mode defined for component null
2024-11-16 00:46:33,726 [WARN] ModelIntegratedComponent:63 - No mode defined for component null
2024-11-16 00:46:33,726 [WARN] ModelIntegratedComponent:63 - No mode defined for component null
2024-11-16 00:46:33,726 [WARN] ModelIntegratedComponent:63 - No mode defined for component null
2024-11-16 00:46:33,726 [WARN] ModelIntegratedComponent:63 - No mode defined for component null
2024-11-16 00:46:33,726 [WARN] ModelIntegratedComponent:63 - No mode defined for component null
2024-11-16 00:46:33,726 [WARN] ModelIntegratedComponent:63 - No mode defined for component null
2024-11-16 00:46:33,783 [INFO] ThirdPartyModel:298 - Start build external matchings
2024-11-16 00:46:34,100 [INFO] ThirdPartyModel:316 - End build external matchings
2024-11-16 00:46:34,116 [INFO] ImportTextPane:194 - (OptionalMessage_ERROR) IP (RCC) : Parameter (FLatency) has Id (AdvancedSettings) currently not set
2024-11-16 00:46:34,116 [INFO] ImportTextPane:194 - (OptionalMessage_ERROR) IP (RCC) : Invalid parameter (FamilyName)
2024-11-16 00:46:34,116 [INFO] ImportTextPane:194 - (OptionalMessage_ERROR) IP (RCC) : Invalid parameter (HSICECFreq_Value)
2024-11-16 00:46:34,119 [INFO] ImportTextPane:194 - (OptionalMessage_ERROR) IP (RCC) : Parameter (PREFETCH_ENABLE) has Id (AdvancedSettings) currently not set
2024-11-16 00:46:34,398 [INFO] ApiDb:581 - Connected to CubeFinder SQLite database (C:\Users\ethan\.stmcufinder\plugins\mcufinder\mcu\cube-finder-db.db)
2024-11-16 00:46:34,453 [INFO] ApiDb:668 - CubeFinder database Data Model version=2.1
2024-11-16 00:46:34,453 [INFO] ApiDb:669 - CubeFinder database Configuration version=3.0.39
2024-11-16 00:46:34,454 [INFO] ApiDb:670 - CubeFinder database generation date=2024-10-15 (1729006872)
2024-11-16 00:46:34,454 [INFO] ApiDb:671 - CubeFinder database FW Pack versions=[FP-ATR-ASTRA1_V2.0.0, FP-SNS-FLIGHT1_V5.0.2, FP-SNS-MOTENV1_V5.0.0, FP-SNS-MOTENVWB1_V1.4.0, FP-SNS-SMARTAG2_V1.2.0, FP-SNS-STBOX1_V2.0.0, STM32Cube_FW_C0_V1.2.0, STM32Cube_FW_F4_V1.28.1, STM32Cube_FW_F7_V1.17.2, STM32Cube_FW_G0_V1.6.2, STM32Cube_FW_G4_V1.6.0, STM32Cube_FW_H5_V1.3.0, STM32Cube_FW_H7RS_V1.1.0, STM32Cube_FW_H7_V1.11.2, STM32Cube_FW_L0_V1.12.2, STM32Cube_FW_L5_V1.5.1, STM32Cube_FW_U0_V1.1.0, STM32Cube_FW_U5_V1.6.0, STM32Cube_FW_WB0_V1.0.0, STM32Cube_FW_WBA_V1.4.1, STM32Cube_FW_WB_V1.20.0, STM32Cube_FW_WL_V1.3.0, X-CUBE-ALGOBUILD_V1.4.0, X-CUBE-ALS_V1.0.2, X-CUBE-AZRTOS-F4_V1.1.0, X-CUBE-AZRTOS-F7_V1.1.0, X-CUBE-AZRTOS-G0_V1.1.0, X-CUBE-AZRTOS-G4_V2.0.0, X-CUBE-AZRTOS-H7RS_V1.0.0, X-CUBE-AZRTOS-H7_V3.3.0, X-CUBE-AZRTOS-L4_V2.0.0, X-CUBE-AZRTOS-L5_V2.0.0, X-CUBE-AZRTOS-WB_V2.0.0, X-CUBE-AZRTOS-WL_V2.0.0, X-CUBE-BLE1_V7.0.0, X-CUBE-BLE2_V3.3.0, X-CUBE-BLEMGR_V3.1.0, X-CUBE-EEPRMA1_V5.1.0, X-CUBE-FREERTOS_V1.2.0, X-CUBE-GNSS1_V6.0.0, X-CUBE-MEMS1_V11.0.0, X-CUBE-NFC4_V3.0.0, X-CUBE-NFC7_V1.0.1, X-CUBE-SFXS2LP1_V4.0.0, X-CUBE-SUBG2_V5.0.0, X-CUBE-TOF1_V3.4.2]
2024-11-16 00:46:34,535 [INFO] DbBoardsSqlite:226 - include board P-NUCLEO-WB55-NUCLEO as a kit item of type 'Nucleo-64'
2024-11-16 00:46:34,535 [INFO] DbBoardsSqlite:226 - include board P-NUCLEO-WB55-USBDONGLE as a kit item of type 'Nucleo USB Dongle'
2024-11-16 00:46:34,536 [INFO] DbBoardsSqlite:226 - include board STEVAL-IDP005V1 as a kit item of type 'Evaluation Board'
2024-11-16 00:46:34,536 [INFO] DbBoardsSqlite:226 - include board STEVAL-IDP005V2 as a kit item of type 'Evaluation Board'
2024-11-16 00:46:34,720 [INFO] ApiDb:240 - Found 483 in-development CPN: [B-G473E-ZEST1S, B-WB1M-WPAN1, B-WL5M-SUBG1, NUCLEO-C031C6, NUCLEO-H503RB, NUCLEO-H533RE, NUCLEO-H563ZI, NUCLEO-H7S3L8, NUCLEO-U031R8, NUCLEO-U083RC, NUCLEO-U545RE-Q, NUCLEO-U5A5ZJ-Q, NUCLEO-WBA52CG, NUCLEO-WBA55CG, STEVAL-PROTEUS1, STEVAL-SMARTAG2, STEVAL-STWINBX1, STM320518-EVAL, STM32C0116-DK, STM32C011D6Y3TR, STM32C011D6Y6TR, STM32C011F4P3, STM32C011F4P6, STM32C011F4U3, STM32C011F4U6TR, STM32C011F6P3, STM32C011F6P6, STM32C011F6U3, STM32C011F6U6TR, STM32C011J4M3, STM32C011J4M6, STM32C011J6M3, STM32C011J6M6, STM32C0316-DK, STM32C031C4T3, STM32C031C4T6, STM32C031C4U3, STM32C031C4U6, STM32C031C6T3, STM32C031C6T6, STM32C031C6U3, STM32C031C6U6, STM32C031F4P3, STM32C031F4P6, STM32C031F6P3, STM32C031F6P6, STM32C031G4U3, STM32C031G4U6, STM32C031G6U3, STM32C031G6U6, STM32C031K4T3, STM32C031K4T6, STM32C031K4U3, STM32C031K4U6, STM32C031K6T3, STM32C031K6T6, STM32C031K6U3, STM32C031K6U6, STM32G071K8TXN, STM32G071K8UXN, STM32G081GBU6N, STM32G081KBT6N, STM32G081KBUXN, STM32G0B1CCT6N, STM32G0B1KCT6, STM32G0B1NEY6TR, STM32G0B1RCT6N, STM32G0C1CCT6, STM32G0C1CCT6N, STM32G0C1CCU6N, STM32G0C1CET6N, STM32G0C1CEU6N, STM32G0C1KCT6, STM32G0C1NEY6TR, STM32G0C1RCI6N, STM32G0C1RCT6N, STM32G0C1REI6N, STM32G0C1RET6N, STM32G0C1VCI6, STM32G0C1VEI6, STM32G471CCT6, STM32G471CCU6, STM32G471CET3, STM32G471CET6, STM32G471CEU3, STM32G471CEU6, STM32G471MCT6, STM32G471MET3, STM32G471MET6, STM32G471MEY6TR, STM32G471QCT6, STM32G471QET3, STM32G471RCT6, STM32G471RET3, STM32G471RET6, STM32G471VCH6, STM32G471VCI6, STM32G471VCT6, STM32G471VEH3, STM32G471VEH6, STM32G471VEI3, STM32G471VEI6, STM32G471VET3, STM32G471VET6, STM32G474CCT6, STM32H503CBT6, STM32H503CBU6, STM32H503EBY6TR, STM32H503KBU6, STM32H503RBT6, STM32H523CCT6, STM32H523CCU6, STM32H523CET6, STM32H523CEU6, STM32H523HEY6TR, STM32H523RCT6, STM32H523RET6, STM32H523VCI6, STM32H523VCT6, STM32H523VEI6, STM32H523VET6, STM32H523ZCJ6, STM32H523ZCT6, STM32H523ZEJ6, STM32H523ZET6, STM32H533CET6, STM32H533CEU6, STM32H533HEY6TR, STM32H533RET6, STM32H533VEI6, STM32H533VET6, STM32H533ZEJ6, STM32H533ZET6, STM32H562AGI6, STM32H562AII6, STM32H562IGK6, STM32H562IGT6, STM32H562IIK6, STM32H562IIT6, STM32H562RGT6, STM32H562RGV6, STM32H562RIT6, STM32H562RIV6, STM32H562VGT6, STM32H562VIT6, STM32H562ZGT6, STM32H562ZIT6, STM32H563AGI6, STM32H563AII3Q, STM32H563AII6, STM32H563IGK6, STM32H563IGT6, STM32H563IIK3Q, STM32H563IIK6, STM32H563IIT3Q, STM32H563IIT6, STM32H563MIY3QTR, STM32H563RGT6, STM32H563RGV6, STM32H563RIT6, STM32H563RIV6, STM32H563VGT6, STM32H563VIT3Q, STM32H563VIT6, STM32H563ZGT6, STM32H563ZIT3Q, STM32H563ZIT6, STM32H573AII3Q, STM32H573AII6, STM32H573I-DK, STM32H573IIK3Q, STM32H573IIK6, STM32H573IIT3Q, STM32H573IIT6, STM32H573MIY3QTR, STM32H573RIT6, STM32H573RIV6, STM32H573VIT3Q, STM32H573VIT6, STM32H573ZIT3Q, STM32H573ZIT6, STM32H7R3A8I6, STM32H7R3I8K6, STM32H7R3I8T6, STM32H7R3L8H6, STM32H7R3L8H6H, STM32H7R3R8V6, STM32H7R3V8H6, STM32H7R3V8T6, STM32H7R3V8Y6, STM32H7R3Z8J6, STM32H7R3Z8T6, STM32H7R7A8I6, STM32H7R7I8K6, STM32H7R7I8T6, STM32H7R7L8H6, STM32H7R7L8H6H, STM32H7R7Z8J6, STM32H7S3A8I6, STM32H7S3I8K6, STM32H7S3I8T6, STM32H7S3L8H6, STM32H7S3L8H6H, STM32H7S3R8V6, STM32H7S3V8H6, STM32H7S3V8T6, STM32H7S3V8Y6, STM32H7S3Z8J6, STM32H7S3Z8T6, STM32H7S78-DK, STM32H7S7A8I6, STM32H7S7I8K6, STM32H7S7I8T6, STM32H7S7L8H6, STM32H7S7L8H6H, STM32H7S7Z8J6, STM32L4R5QGI6STR, STM32MP131AAE3, STM32MP131AAF3, STM32MP131AAG3, STM32MP131CAE3, STM32MP131CAF3, STM32MP131CAG3, STM32MP131DAE7, STM32MP131DAF7, STM32MP131DAG7, STM32MP131FAE7, STM32MP131FAF7, STM32MP131FAG7, STM32MP133AAE3, STM32MP133AAF3, STM32MP133AAG3, STM32MP133CAE3, STM32MP133CAF3, STM32MP133CAG3, STM32MP133DAE7, STM32MP133DAF7, STM32MP133DAG7, STM32MP133FAE7, STM32MP133FAF7, STM32MP133FAG7, STM32MP135AAE3, STM32MP135AAF3, STM32MP135AAG3, STM32MP135CAE3, STM32MP135CAF3, STM32MP135CAG3, STM32MP135DAE7, STM32MP135DAF7, STM32MP135DAG7, STM32MP135F-DK, STM32MP135FAE7, STM32MP135FAF7, STM32MP135FAF7T, STM32MP135FAF7U, STM32MP135FAG7, STM32U031C6T6, STM32U031C6U6, STM32U031C8T6, STM32U031C8U6, STM32U031F4P6, STM32U031F6P6, STM32U031F8P6, STM32U031G6Y6TR, STM32U031G8Y6TR, STM32U031K4U6, STM32U031K6U6, STM32U031K8U6, STM32U031R6I6, STM32U031R6T6, STM32U031R8I6, STM32U031R8T6, STM32U073C8T6, STM32U073C8U6, STM32U073CBT6, STM32U073CBU6, STM32U073CCT6, STM32U073CCU6, STM32U073H8Y6TR, STM32U073HBY6TR, STM32U073HCY6TR, STM32U073K8U6, STM32U073KBU6, STM32U073KCU6, STM32U073M8I6, STM32U073M8T6, STM32U073MBI6, STM32U073MBT6, STM32U073MCI6, STM32U073MCT6, STM32U073R8I6, STM32U073R8T6, STM32U073RBI6, STM32U073RBT6, STM32U073RCI6, STM32U073RCT6, STM32U083C-DK, STM32U083CCT6, STM32U083CCU6, STM32U083HCY6TR, STM32U083KCU6, STM32U083MCI6, STM32U083MCT6, STM32U083RCI6, STM32U083RCT6, STM32U535CBT6, STM32U535CBT6Q, STM32U535CBU6, STM32U535CBU6Q, STM32U535CCT6, STM32U535CCT6Q, STM32U535CCU6, STM32U535CCU6Q, STM32U535CET6, STM32U535CET6Q, STM32U535CEU6, STM32U535CEU6Q, STM32U535JEY6QTR, STM32U535NCY6QTR, STM32U535NEY6QTR, STM32U535RBI6, STM32U535RBI6Q, STM32U535RBT6, STM32U535RBT6Q, STM32U535RCI6, STM32U535RCI6Q, STM32U535RCT6, STM32U535RCT6Q, STM32U535REI6, STM32U535REI6Q, STM32U535RET6, STM32U535RET6Q, STM32U535VCI6, STM32U535VCI6Q, STM32U535VCT6, STM32U535VCT6Q, STM32U535VEI6, STM32U535VEI6Q, STM32U535VET6, STM32U535VET6Q, STM32U545CET6, STM32U545CET6Q, STM32U545CEU6, STM32U545CEU6Q, STM32U545JEY6QTR, STM32U545NEY6QTR, STM32U545REI6, STM32U545REI6Q, STM32U545RET6, STM32U545RET6Q, STM32U545VEI6, STM32U545VEI6Q, STM32U545VET6, STM32U545VET6Q, STM32U595AIH6, STM32U595AIH6Q, STM32U595AJH6, STM32U595AJH6Q, STM32U595QII6, STM32U595QII6Q, STM32U595QJI6, STM32U595QJI6Q, STM32U595RIT6, STM32U595RIT6Q, STM32U595RJT6, STM32U595RJT6Q, STM32U595VIT6, STM32U595VIT6Q, STM32U595VJT6, STM32U595VJT6Q, STM32U595ZIT6, STM32U595ZIT6Q, STM32U595ZIY6QTR, STM32U595ZJT6, STM32U595ZJT6Q, STM32U595ZJY6QTR, STM32U599BJY6QTR, STM32U599NIH6Q, STM32U599NJH6Q, STM32U599VIT6Q, STM32U599VJT6, STM32U599VJT6Q, STM32U599ZIT6Q, STM32U599ZIY6QTR, STM32U599ZJT6Q, STM32U599ZJY6QTR, STM32U5A5AJH6, STM32U5A5AJH6Q, STM32U5A5QII3Q , STM32U5A5QJI6, STM32U5A5QJI6Q, STM32U5A5RJT6, STM32U5A5RJT6Q, STM32U5A5VJT6, STM32U5A5VJT6Q, STM32U5A5ZJT6, STM32U5A5ZJT6Q, STM32U5A5ZJY6QTR, STM32U5A9BJY6QTR, STM32U5A9J-DK, STM32U5A9NJH6Q, STM32U5A9VJT6Q, STM32U5A9ZJT6Q, STM32U5A9ZJY6QTR, STM32U5F7VIT6, STM32U5F7VIT6Q, STM32U5F7VJT6, STM32U5F7VJT6Q, STM32U5F9BJY6QTR, STM32U5F9NJH6Q, STM32U5F9VIT6Q, STM32U5F9VJT6Q, STM32U5F9ZIJ6QTR, STM32U5F9ZIT6Q, STM32U5F9ZJJ6QTR, STM32U5F9ZJT6Q, STM32U5G7VJT6, STM32U5G7VJT6Q, STM32U5G9BJY6QTR, STM32U5G9J-DK1, STM32U5G9J-DK2, STM32U5G9NJH6Q, STM32U5G9VJT6Q, STM32U5G9ZJJ6QTR, STM32U5G9ZJT6Q, STM32WB1MMCH6, STM32WBA50KEU6, STM32WBA50KEU6TR, STM32WBA50KGU6, STM32WBA50KGU6TR, STM32WBA52CEU6, STM32WBA52CEU6TR, STM32WBA52CEU7, STM32WBA52CEU7TR, STM32WBA52CGU6, STM32WBA52CGU6TR, STM32WBA52CGU6U, STM32WBA52CGU7, STM32WBA52CGU7TR, STM32WBA52KEU6, STM32WBA52KEU6TR, STM32WBA52KGU6, STM32WBA52KGU6TR, STM32WBA54CEU6, STM32WBA54CEU6TR, STM32WBA54CEU7, STM32WBA54CEU7TR, STM32WBA54CGU6, STM32WBA54CGU6TR, STM32WBA54CGU7, STM32WBA54CGU7TR, STM32WBA54KEU6, STM32WBA54KEU6TR, STM32WBA54KEU7, STM32WBA54KEU7TR, STM32WBA54KGU6, STM32WBA54KGU6TR, STM32WBA54KGU7, STM32WBA54KGU7TR, STM32WBA55CEU6, STM32WBA55CEU6TR, STM32WBA55CEU7, STM32WBA55CEU7TR, STM32WBA55CGU6, STM32WBA55CGU6TR, STM32WBA55CGU6U, STM32WBA55CGU7, STM32WBA55CGU7TR, STM32WBA55G-DK1, STM32WBA55HEF6, STM32WBA55HEF7, STM32WBA55HGF6, STM32WBA55HGF7, STM32WBA55UEI6, STM32WBA55UEI6TR, STM32WBA55UEI7, STM32WBA55UEI7TR, STM32WBA55UGI6, STM32WBA55UGI6TR, STM32WBA55UGI7, STM32WBA55UGI7TR, STM32WL5MOCH6, STM32WL5MOCH6TR]
2024-11-16 00:46:34,733 [INFO] BoardInfo:889 - No configuration file found for board NUCLEO-C071RB
2024-11-16 00:46:34,733 [INFO] DbBoards:161 - Board is not supported: NUCLEO-C071RB
2024-11-16 00:46:34,773 [INFO] BoardInfo:889 - No configuration file found for board NUCLEO-WB05KZ
2024-11-16 00:46:34,773 [INFO] DbBoards:161 - Board is not supported: NUCLEO-WB05KZ
2024-11-16 00:46:34,773 [INFO] BoardInfo:889 - No configuration file found for board NUCLEO-WB07CC
2024-11-16 00:46:34,773 [INFO] DbBoards:161 - Board is not supported: NUCLEO-WB07CC
2024-11-16 00:46:34,774 [INFO] BoardInfo:889 - No configuration file found for board NUCLEO-WB09KE
2024-11-16 00:46:34,774 [INFO] DbBoards:161 - Board is not supported: NUCLEO-WB09KE
2024-11-16 00:46:34,779 [INFO] BoardInfo:889 - No configuration file found for board P-NUCLEO-WB55
2024-11-16 00:46:34,779 [INFO] DbBoards:161 - Kit is not supported: P-NUCLEO-WB55
2024-11-16 00:46:34,781 [INFO] BoardInfo:889 - No configuration file found for board STEVAL-BFA001V1B
2024-11-16 00:46:34,781 [INFO] DbBoards:161 - Kit is not supported: STEVAL-BFA001V1B
2024-11-16 00:46:34,781 [INFO] BoardInfo:889 - No configuration file found for board STEVAL-BFA001V2B
2024-11-16 00:46:34,782 [INFO] DbBoards:161 - Kit is not supported: STEVAL-BFA001V2B
2024-11-16 00:46:34,841 [INFO] BoardInfo:889 - No configuration file found for board STM32MP257F-DK
2024-11-16 00:46:34,841 [INFO] DbBoards:161 - Board is not supported: STM32MP257F-DK
2024-11-16 00:46:34,842 [INFO] BoardInfo:889 - No configuration file found for board STM32MP257F-EV1
2024-11-16 00:46:34,842 [INFO] DbBoards:161 - Board is not supported: STM32MP257F-EV1
2024-11-16 00:46:34,846 [INFO] DbBoards:168 - Found 201 boards, 192 are supported
2024-11-16 00:46:34,846 [INFO] DbBoards:169 - Found 201 boards, 8 of them is supported for  Bsp
2024-11-16 00:46:34,850 [INFO] ApiDb:668 - CubeFinder database Data Model version=2.1
2024-11-16 00:46:34,850 [INFO] ApiDb:669 - CubeFinder database Configuration version=3.0.39
2024-11-16 00:46:34,850 [INFO] ApiDb:670 - CubeFinder database generation date=2024-10-15 (1729006872)
2024-11-16 00:46:34,850 [INFO] ApiDb:671 - CubeFinder database FW Pack versions=[FP-ATR-ASTRA1_V2.0.0, FP-SNS-FLIGHT1_V5.0.2, FP-SNS-MOTENV1_V5.0.0, FP-SNS-MOTENVWB1_V1.4.0, FP-SNS-SMARTAG2_V1.2.0, FP-SNS-STBOX1_V2.0.0, STM32Cube_FW_C0_V1.2.0, STM32Cube_FW_F4_V1.28.1, STM32Cube_FW_F7_V1.17.2, STM32Cube_FW_G0_V1.6.2, STM32Cube_FW_G4_V1.6.0, STM32Cube_FW_H5_V1.3.0, STM32Cube_FW_H7RS_V1.1.0, STM32Cube_FW_H7_V1.11.2, STM32Cube_FW_L0_V1.12.2, STM32Cube_FW_L5_V1.5.1, STM32Cube_FW_U0_V1.1.0, STM32Cube_FW_U5_V1.6.0, STM32Cube_FW_WB0_V1.0.0, STM32Cube_FW_WBA_V1.4.1, STM32Cube_FW_WB_V1.20.0, STM32Cube_FW_WL_V1.3.0, X-CUBE-ALGOBUILD_V1.4.0, X-CUBE-ALS_V1.0.2, X-CUBE-AZRTOS-F4_V1.1.0, X-CUBE-AZRTOS-F7_V1.1.0, X-CUBE-AZRTOS-G0_V1.1.0, X-CUBE-AZRTOS-G4_V2.0.0, X-CUBE-AZRTOS-H7RS_V1.0.0, X-CUBE-AZRTOS-H7_V3.3.0, X-CUBE-AZRTOS-L4_V2.0.0, X-CUBE-AZRTOS-L5_V2.0.0, X-CUBE-AZRTOS-WB_V2.0.0, X-CUBE-AZRTOS-WL_V2.0.0, X-CUBE-BLE1_V7.0.0, X-CUBE-BLE2_V3.3.0, X-CUBE-BLEMGR_V3.1.0, X-CUBE-EEPRMA1_V5.1.0, X-CUBE-FREERTOS_V1.2.0, X-CUBE-GNSS1_V6.0.0, X-CUBE-MEMS1_V11.0.0, X-CUBE-NFC4_V3.0.0, X-CUBE-NFC7_V1.0.1, X-CUBE-SFXS2LP1_V4.0.0, X-CUBE-SUBG2_V5.0.0, X-CUBE-TOF1_V3.4.2]
2024-11-16 00:46:36,047 [INFO] ApiDb:240 - Found 483 in-development CPN: [B-G473E-ZEST1S, B-WB1M-WPAN1, B-WL5M-SUBG1, NUCLEO-C031C6, NUCLEO-H503RB, NUCLEO-H533RE, NUCLEO-H563ZI, NUCLEO-H7S3L8, NUCLEO-U031R8, NUCLEO-U083RC, NUCLEO-U545RE-Q, NUCLEO-U5A5ZJ-Q, NUCLEO-WBA52CG, NUCLEO-WBA55CG, STEVAL-PROTEUS1, STEVAL-SMARTAG2, STEVAL-STWINBX1, STM320518-EVAL, STM32C0116-DK, STM32C011D6Y3TR, STM32C011D6Y6TR, STM32C011F4P3, STM32C011F4P6, STM32C011F4U3, STM32C011F4U6TR, STM32C011F6P3, STM32C011F6P6, STM32C011F6U3, STM32C011F6U6TR, STM32C011J4M3, STM32C011J4M6, STM32C011J6M3, STM32C011J6M6, STM32C0316-DK, STM32C031C4T3, STM32C031C4T6, STM32C031C4U3, STM32C031C4U6, STM32C031C6T3, STM32C031C6T6, STM32C031C6U3, STM32C031C6U6, STM32C031F4P3, STM32C031F4P6, STM32C031F6P3, STM32C031F6P6, STM32C031G4U3, STM32C031G4U6, STM32C031G6U3, STM32C031G6U6, STM32C031K4T3, STM32C031K4T6, STM32C031K4U3, STM32C031K4U6, STM32C031K6T3, STM32C031K6T6, STM32C031K6U3, STM32C031K6U6, STM32G071K8TXN, STM32G071K8UXN, STM32G081GBU6N, STM32G081KBT6N, STM32G081KBUXN, STM32G0B1CCT6N, STM32G0B1KCT6, STM32G0B1NEY6TR, STM32G0B1RCT6N, STM32G0C1CCT6, STM32G0C1CCT6N, STM32G0C1CCU6N, STM32G0C1CET6N, STM32G0C1CEU6N, STM32G0C1KCT6, STM32G0C1NEY6TR, STM32G0C1RCI6N, STM32G0C1RCT6N, STM32G0C1REI6N, STM32G0C1RET6N, STM32G0C1VCI6, STM32G0C1VEI6, STM32G471CCT6, STM32G471CCU6, STM32G471CET3, STM32G471CET6, STM32G471CEU3, STM32G471CEU6, STM32G471MCT6, STM32G471MET3, STM32G471MET6, STM32G471MEY6TR, STM32G471QCT6, STM32G471QET3, STM32G471RCT6, STM32G471RET3, STM32G471RET6, STM32G471VCH6, STM32G471VCI6, STM32G471VCT6, STM32G471VEH3, STM32G471VEH6, STM32G471VEI3, STM32G471VEI6, STM32G471VET3, STM32G471VET6, STM32G474CCT6, STM32H503CBT6, STM32H503CBU6, STM32H503EBY6TR, STM32H503KBU6, STM32H503RBT6, STM32H523CCT6, STM32H523CCU6, STM32H523CET6, STM32H523CEU6, STM32H523HEY6TR, STM32H523RCT6, STM32H523RET6, STM32H523VCI6, STM32H523VCT6, STM32H523VEI6, STM32H523VET6, STM32H523ZCJ6, STM32H523ZCT6, STM32H523ZEJ6, STM32H523ZET6, STM32H533CET6, STM32H533CEU6, STM32H533HEY6TR, STM32H533RET6, STM32H533VEI6, STM32H533VET6, STM32H533ZEJ6, STM32H533ZET6, STM32H562AGI6, STM32H562AII6, STM32H562IGK6, STM32H562IGT6, STM32H562IIK6, STM32H562IIT6, STM32H562RGT6, STM32H562RGV6, STM32H562RIT6, STM32H562RIV6, STM32H562VGT6, STM32H562VIT6, STM32H562ZGT6, STM32H562ZIT6, STM32H563AGI6, STM32H563AII3Q, STM32H563AII6, STM32H563IGK6, STM32H563IGT6, STM32H563IIK3Q, STM32H563IIK6, STM32H563IIT3Q, STM32H563IIT6, STM32H563MIY3QTR, STM32H563RGT6, STM32H563RGV6, STM32H563RIT6, STM32H563RIV6, STM32H563VGT6, STM32H563VIT3Q, STM32H563VIT6, STM32H563ZGT6, STM32H563ZIT3Q, STM32H563ZIT6, STM32H573AII3Q, STM32H573AII6, STM32H573I-DK, STM32H573IIK3Q, STM32H573IIK6, STM32H573IIT3Q, STM32H573IIT6, STM32H573MIY3QTR, STM32H573RIT6, STM32H573RIV6, STM32H573VIT3Q, STM32H573VIT6, STM32H573ZIT3Q, STM32H573ZIT6, STM32H7R3A8I6, STM32H7R3I8K6, STM32H7R3I8T6, STM32H7R3L8H6, STM32H7R3L8H6H, STM32H7R3R8V6, STM32H7R3V8H6, STM32H7R3V8T6, STM32H7R3V8Y6, STM32H7R3Z8J6, STM32H7R3Z8T6, STM32H7R7A8I6, STM32H7R7I8K6, STM32H7R7I8T6, STM32H7R7L8H6, STM32H7R7L8H6H, STM32H7R7Z8J6, STM32H7S3A8I6, STM32H7S3I8K6, STM32H7S3I8T6, STM32H7S3L8H6, STM32H7S3L8H6H, STM32H7S3R8V6, STM32H7S3V8H6, STM32H7S3V8T6, STM32H7S3V8Y6, STM32H7S3Z8J6, STM32H7S3Z8T6, STM32H7S78-DK, STM32H7S7A8I6, STM32H7S7I8K6, STM32H7S7I8T6, STM32H7S7L8H6, STM32H7S7L8H6H, STM32H7S7Z8J6, STM32L4R5QGI6STR, STM32MP131AAE3, STM32MP131AAF3, STM32MP131AAG3, STM32MP131CAE3, STM32MP131CAF3, STM32MP131CAG3, STM32MP131DAE7, STM32MP131DAF7, STM32MP131DAG7, STM32MP131FAE7, STM32MP131FAF7, STM32MP131FAG7, STM32MP133AAE3, STM32MP133AAF3, STM32MP133AAG3, STM32MP133CAE3, STM32MP133CAF3, STM32MP133CAG3, STM32MP133DAE7, STM32MP133DAF7, STM32MP133DAG7, STM32MP133FAE7, STM32MP133FAF7, STM32MP133FAG7, STM32MP135AAE3, STM32MP135AAF3, STM32MP135AAG3, STM32MP135CAE3, STM32MP135CAF3, STM32MP135CAG3, STM32MP135DAE7, STM32MP135DAF7, STM32MP135DAG7, STM32MP135F-DK, STM32MP135FAE7, STM32MP135FAF7, STM32MP135FAF7T, STM32MP135FAF7U, STM32MP135FAG7, STM32U031C6T6, STM32U031C6U6, STM32U031C8T6, STM32U031C8U6, STM32U031F4P6, STM32U031F6P6, STM32U031F8P6, STM32U031G6Y6TR, STM32U031G8Y6TR, STM32U031K4U6, STM32U031K6U6, STM32U031K8U6, STM32U031R6I6, STM32U031R6T6, STM32U031R8I6, STM32U031R8T6, STM32U073C8T6, STM32U073C8U6, STM32U073CBT6, STM32U073CBU6, STM32U073CCT6, STM32U073CCU6, STM32U073H8Y6TR, STM32U073HBY6TR, STM32U073HCY6TR, STM32U073K8U6, STM32U073KBU6, STM32U073KCU6, STM32U073M8I6, STM32U073M8T6, STM32U073MBI6, STM32U073MBT6, STM32U073MCI6, STM32U073MCT6, STM32U073R8I6, STM32U073R8T6, STM32U073RBI6, STM32U073RBT6, STM32U073RCI6, STM32U073RCT6, STM32U083C-DK, STM32U083CCT6, STM32U083CCU6, STM32U083HCY6TR, STM32U083KCU6, STM32U083MCI6, STM32U083MCT6, STM32U083RCI6, STM32U083RCT6, STM32U535CBT6, STM32U535CBT6Q, STM32U535CBU6, STM32U535CBU6Q, STM32U535CCT6, STM32U535CCT6Q, STM32U535CCU6, STM32U535CCU6Q, STM32U535CET6, STM32U535CET6Q, STM32U535CEU6, STM32U535CEU6Q, STM32U535JEY6QTR, STM32U535NCY6QTR, STM32U535NEY6QTR, STM32U535RBI6, STM32U535RBI6Q, STM32U535RBT6, STM32U535RBT6Q, STM32U535RCI6, STM32U535RCI6Q, STM32U535RCT6, STM32U535RCT6Q, STM32U535REI6, STM32U535REI6Q, STM32U535RET6, STM32U535RET6Q, STM32U535VCI6, STM32U535VCI6Q, STM32U535VCT6, STM32U535VCT6Q, STM32U535VEI6, STM32U535VEI6Q, STM32U535VET6, STM32U535VET6Q, STM32U545CET6, STM32U545CET6Q, STM32U545CEU6, STM32U545CEU6Q, STM32U545JEY6QTR, STM32U545NEY6QTR, STM32U545REI6, STM32U545REI6Q, STM32U545RET6, STM32U545RET6Q, STM32U545VEI6, STM32U545VEI6Q, STM32U545VET6, STM32U545VET6Q, STM32U595AIH6, STM32U595AIH6Q, STM32U595AJH6, STM32U595AJH6Q, STM32U595QII6, STM32U595QII6Q, STM32U595QJI6, STM32U595QJI6Q, STM32U595RIT6, STM32U595RIT6Q, STM32U595RJT6, STM32U595RJT6Q, STM32U595VIT6, STM32U595VIT6Q, STM32U595VJT6, STM32U595VJT6Q, STM32U595ZIT6, STM32U595ZIT6Q, STM32U595ZIY6QTR, STM32U595ZJT6, STM32U595ZJT6Q, STM32U595ZJY6QTR, STM32U599BJY6QTR, STM32U599NIH6Q, STM32U599NJH6Q, STM32U599VIT6Q, STM32U599VJT6, STM32U599VJT6Q, STM32U599ZIT6Q, STM32U599ZIY6QTR, STM32U599ZJT6Q, STM32U599ZJY6QTR, STM32U5A5AJH6, STM32U5A5AJH6Q, STM32U5A5QII3Q , STM32U5A5QJI6, STM32U5A5QJI6Q, STM32U5A5RJT6, STM32U5A5RJT6Q, STM32U5A5VJT6, STM32U5A5VJT6Q, STM32U5A5ZJT6, STM32U5A5ZJT6Q, STM32U5A5ZJY6QTR, STM32U5A9BJY6QTR, STM32U5A9J-DK, STM32U5A9NJH6Q, STM32U5A9VJT6Q, STM32U5A9ZJT6Q, STM32U5A9ZJY6QTR, STM32U5F7VIT6, STM32U5F7VIT6Q, STM32U5F7VJT6, STM32U5F7VJT6Q, STM32U5F9BJY6QTR, STM32U5F9NJH6Q, STM32U5F9VIT6Q, STM32U5F9VJT6Q, STM32U5F9ZIJ6QTR, STM32U5F9ZIT6Q, STM32U5F9ZJJ6QTR, STM32U5F9ZJT6Q, STM32U5G7VJT6, STM32U5G7VJT6Q, STM32U5G9BJY6QTR, STM32U5G9J-DK1, STM32U5G9J-DK2, STM32U5G9NJH6Q, STM32U5G9VJT6Q, STM32U5G9ZJJ6QTR, STM32U5G9ZJT6Q, STM32WB1MMCH6, STM32WBA50KEU6, STM32WBA50KEU6TR, STM32WBA50KGU6, STM32WBA50KGU6TR, STM32WBA52CEU6, STM32WBA52CEU6TR, STM32WBA52CEU7, STM32WBA52CEU7TR, STM32WBA52CGU6, STM32WBA52CGU6TR, STM32WBA52CGU6U, STM32WBA52CGU7, STM32WBA52CGU7TR, STM32WBA52KEU6, STM32WBA52KEU6TR, STM32WBA52KGU6, STM32WBA52KGU6TR, STM32WBA54CEU6, STM32WBA54CEU6TR, STM32WBA54CEU7, STM32WBA54CEU7TR, STM32WBA54CGU6, STM32WBA54CGU6TR, STM32WBA54CGU7, STM32WBA54CGU7TR, STM32WBA54KEU6, STM32WBA54KEU6TR, STM32WBA54KEU7, STM32WBA54KEU7TR, STM32WBA54KGU6, STM32WBA54KGU6TR, STM32WBA54KGU7, STM32WBA54KGU7TR, STM32WBA55CEU6, STM32WBA55CEU6TR, STM32WBA55CEU7, STM32WBA55CEU7TR, STM32WBA55CGU6, STM32WBA55CGU6TR, STM32WBA55CGU6U, STM32WBA55CGU7, STM32WBA55CGU7TR, STM32WBA55G-DK1, STM32WBA55HEF6, STM32WBA55HEF7, STM32WBA55HGF6, STM32WBA55HGF7, STM32WBA55UEI6, STM32WBA55UEI6TR, STM32WBA55UEI7, STM32WBA55UEI7TR, STM32WBA55UGI6, STM32WBA55UGI6TR, STM32WBA55UGI7, STM32WBA55UGI7TR, STM32WL5MOCH6, STM32WL5MOCH6TR]
2024-11-16 00:46:36,052 [INFO] DbMcus:218 - Found 4204 MCUs, 4204 are supported
2024-11-16 00:46:36,052 [INFO] ApiDb:423 - Load user favorites file C:\Users\ethan/.stm32cubeide/favorites.mcus.txt: 0 item(s)
2024-11-16 00:46:36,052 [INFO] ApiDb:427 - User favorites MCUs=[]
2024-11-16 00:46:36,052 [INFO] DbMcus:224 - Set 0 / 0 favorites MCUs
2024-11-16 00:46:36,229 [INFO] ApiDb:423 - Load user favorites file C:\Users\ethan/.stm32cubeide/favorites.boards.txt: 0 item(s)
2024-11-16 00:46:36,229 [INFO] ApiDb:427 - User favorites Boards=[]
2024-11-16 00:46:36,229 [INFO] DbBoards:198 - Set 0 / 0 favorites Boards
2024-11-16 00:46:36,285 [INFO] UtilMem:75 - End LoadConfig() Used Memory: 700791208 Bytes (1073741824)
2024-11-16 00:46:36,372 [WARN] ThirdParty:833 - waiting for thirdparty lock release [change project]
2024-11-16 00:46:36,373 [INFO] ThirdParty:835 - entering critical section [change project]
2024-11-16 00:46:36,373 [INFO] ThirdParty:1030 - CMSIS Pack Vendor :STMicroelectronics USBPD 4.1
2024-11-16 00:46:36,373 [INFO] ThirdParty:1030 - CMSIS Pack Vendor :STMicroelectronics X-CUBE-AZRTOS-H7 3.3.0
2024-11-16 00:46:36,373 [INFO] ThirdParty:1030 - CMSIS Pack Vendor :STMicroelectronics X-CUBE-NFC9 1.0.0
2024-11-16 00:46:36,373 [INFO] ThirdParty:1030 - CMSIS Pack Vendor :STMicroelectronics X-CUBE-GNSS1 6.0.0
2024-11-16 00:46:36,373 [INFO] ThirdParty:1030 - CMSIS Pack Vendor :STMicroelectronics USB_HOST 2.0.0
2024-11-16 00:46:36,373 [INFO] ThirdParty:1030 - CMSIS Pack Vendor :STMicroelectronics FP-SNS-MOTENVWB1 1.4.0
2024-11-16 00:46:36,373 [INFO] ThirdParty:1030 - CMSIS Pack Vendor :STMicroelectronics X-CUBE-AZRTOS-F4 1.1.0
2024-11-16 00:46:36,373 [INFO] ThirdParty:1030 - CMSIS Pack Vendor :STMicroelectronics LIBJPEG 8.0.0
2024-11-16 00:46:36,373 [INFO] ThirdParty:1030 - CMSIS Pack Vendor :STMicroelectronics FP-ATR-ASTRA1 2.0.1
2024-11-16 00:46:36,373 [INFO] ThirdParty:1030 - CMSIS Pack Vendor :STMicroelectronics X-CUBE-SMBUS 2.1.0
2024-11-16 00:46:36,373 [INFO] ThirdParty:1030 - CMSIS Pack Vendor :STMicroelectronics X-CUBE-WB05N 1.1.0
2024-11-16 00:46:36,373 [INFO] ThirdParty:1030 - CMSIS Pack Vendor :STMicroelectronics USB_DEVICE 3.0.0
2024-11-16 00:46:36,373 [INFO] ThirdParty:1030 - CMSIS Pack Vendor :STMicroelectronics X-CUBE-TCPP 4.1.0
2024-11-16 00:46:36,373 [INFO] ThirdParty:1030 - CMSIS Pack Vendor :STMicroelectronics X-CUBE-ISPU 2.1.0
2024-11-16 00:46:36,373 [INFO] ThirdParty:1030 - CMSIS Pack Vendor :STMicroelectronics X-CUBE-FREERTOS 1.2.0
2024-11-16 00:46:36,373 [INFO] ThirdParty:1030 - CMSIS Pack Vendor :STMicroelectronics X-CUBE-IPS 3.0.0
2024-11-16 00:46:36,373 [INFO] ThirdParty:1030 - CMSIS Pack Vendor :STMicroelectronics X-CUBE-AZRTOS-WB 2.0.0
2024-11-16 00:46:36,373 [INFO] ThirdParty:1030 - CMSIS Pack Vendor :STMicroelectronics X-CUBE-GNSS1 7.0.0
2024-11-16 00:46:36,373 [INFO] ThirdParty:1030 - CMSIS Pack Vendor :STMicroelectronics X-CUBE-TOUCHGFX 4.23.2
2024-11-16 00:46:36,373 [INFO] ThirdParty:1030 - CMSIS Pack Vendor :STMicroelectronics X-CUBE-AZRTOS-F7 1.1.0
2024-11-16 00:46:36,373 [INFO] ThirdParty:1030 - CMSIS Pack Vendor :STMicroelectronics X-CUBE-AZRTOS-L5 2.0.0
2024-11-16 00:46:36,373 [INFO] ThirdParty:1030 - CMSIS Pack Vendor :STMicroelectronics USB_DEVICE 2.0.0
2024-11-16 00:46:36,373 [INFO] ThirdParty:1030 - CMSIS Pack Vendor :STMicroelectronics X-CUBE-NFC6 3.1.0
2024-11-16 00:46:36,373 [INFO] ThirdParty:1030 - CMSIS Pack Vendor :STMicroelectronics FP-SNS-STBOX1 2.0.0
2024-11-16 00:46:36,373 [INFO] ThirdParty:1030 - CMSIS Pack Vendor :STMicroelectronics X-CUBE-MEMS1 11.0.0
2024-11-16 00:46:36,373 [INFO] ThirdParty:1030 - CMSIS Pack Vendor :STMicroelectronics FreeRTOS 0.0.1
2024-11-16 00:46:36,373 [INFO] ThirdParty:1030 - CMSIS Pack Vendor :STMicroelectronics X-CUBE-AZRTOS-G0 1.1.0
2024-11-16 00:46:36,373 [INFO] ThirdParty:1030 - CMSIS Pack Vendor :STMicroelectronics X-CUBE-SAFEA1 1.2.2
2024-11-16 00:46:36,373 [INFO] ThirdParty:1030 - CMSIS Pack Vendor :STMicroelectronics X-CUBE-NFC4 3.0.0
2024-11-16 00:46:36,373 [INFO] ThirdParty:1030 - CMSIS Pack Vendor :STMicroelectronics X-CUBE-DPower 1.2.0
2024-11-16 00:46:36,373 [INFO] ThirdParty:1030 - CMSIS Pack Vendor :STMicroelectronics X-CUBE-SUBG2 5.0.0
2024-11-16 00:46:36,373 [INFO] ThirdParty:1030 - CMSIS Pack Vendor :STMicroelectronics STM32_WPAN 1.0.0
2024-11-16 00:46:36,373 [INFO] ThirdParty:1030 - CMSIS Pack Vendor :EmbeddedOffice I-CUBE-FS-RTOS 1.0.1
2024-11-16 00:46:36,373 [INFO] ThirdParty:1030 - CMSIS Pack Vendor :STMicroelectronics lwIP 2.0.3
2024-11-16 00:46:36,373 [INFO] ThirdParty:1030 - CMSIS Pack Vendor :STMicroelectronics FP-SNS-FLIGHT1 5.0.2
2024-11-16 00:46:36,373 [INFO] ThirdParty:1030 - CMSIS Pack Vendor :Cesanta I-CUBE-Mongoose 7.13.0
2024-11-16 00:46:36,373 [INFO] ThirdParty:1030 - CMSIS Pack Vendor :STMicroelectronics USB_HOST 1.0.0
2024-11-16 00:46:36,373 [INFO] ThirdParty:1030 - CMSIS Pack Vendor :STMicroelectronics X-CUBE-AI 9.0.0
2024-11-16 00:46:36,373 [INFO] ThirdParty:1030 - CMSIS Pack Vendor :STMicroelectronics X-CUBE-AZRTOS-G4 2.0.0
2024-11-16 00:46:36,373 [INFO] ThirdParty:1030 - CMSIS Pack Vendor :STMicroelectronics PDM2PCM 3.1.0
2024-11-16 00:46:36,373 [INFO] ThirdParty:1030 - CMSIS Pack Vendor :STMicroelectronics PDM2PCM 3.3.0
2024-11-16 00:46:36,373 [INFO] ThirdParty:1030 - CMSIS Pack Vendor :STMicroelectronics X-CUBE-DISPLAY 3.0.0
2024-11-16 00:46:36,373 [INFO] ThirdParty:1030 - CMSIS Pack Vendor :RealThread X-CUBE-RT-Thread_Nano 4.1.1
2024-11-16 00:46:36,373 [INFO] ThirdParty:1030 - CMSIS Pack Vendor :wolfSSL I-CUBE-wolfSSL 5.7.0
2024-11-16 00:46:36,373 [INFO] ThirdParty:1030 - CMSIS Pack Vendor :STMicroelectronics X-CUBE-BLE1 7.0.0
2024-11-16 00:46:36,373 [INFO] ThirdParty:1030 - CMSIS Pack Vendor :STMicroelectronics FP-ATR-SIGFOX1 3.2.0
2024-11-16 00:46:36,374 [INFO] ThirdParty:1030 - CMSIS Pack Vendor :STMicroelectronics X-CUBE-NFC10 1.0.0
2024-11-16 00:46:36,374 [INFO] ThirdParty:1030 - CMSIS Pack Vendor :quantropi X-CUBE-qispace-sdk-base 1.9.3
2024-11-16 00:46:36,374 [INFO] ThirdParty:1030 - CMSIS Pack Vendor :STMicroelectronics X-CUBE-ISPU 2.0.0
2024-11-16 00:46:36,374 [INFO] ThirdParty:1030 - CMSIS Pack Vendor :STMicroelectronics X-CUBE-EEPRMA1 5.1.0
2024-11-16 00:46:36,374 [INFO] ThirdParty:1030 - CMSIS Pack Vendor :STMicroelectronics HAL Drivers 0.0.0
2024-11-16 00:46:36,374 [INFO] ThirdParty:1030 - CMSIS Pack Vendor :STMicroelectronics MBEDTLS 2.16.2
2024-11-16 00:46:36,374 [INFO] ThirdParty:1030 - CMSIS Pack Vendor :STMicroelectronics X-CUBE-ALS 1.0.2
2024-11-16 00:46:36,374 [INFO] ThirdParty:1030 - CMSIS Pack Vendor :emotas I-CUBE-CANOPEN 1.3.0
2024-11-16 00:46:36,374 [INFO] ThirdParty:1030 - CMSIS Pack Vendor :STMicroelectronics X-CUBE-MEMS1 10.0.0
2024-11-16 00:46:36,374 [INFO] ThirdParty:1030 - CMSIS Pack Vendor :STMicroelectronics X-CUBE-NFC7 1.0.1
2024-11-16 00:46:36,374 [INFO] ThirdParty:1030 - CMSIS Pack Vendor :STMicroelectronics MBEDTLS 2.14.1
2024-11-16 00:46:36,374 [INFO] ThirdParty:1030 - CMSIS Pack Vendor :STMicroelectronics X-CUBE-TOUCHGFX 4.24.0
2024-11-16 00:46:36,374 [INFO] ThirdParty:1030 - CMSIS Pack Vendor :ITTIA_DB I-CUBE-ITTIADB 8.9.0
2024-11-16 00:46:36,374 [INFO] ThirdParty:1030 - CMSIS Pack Vendor :STMicroelectronics X-CUBE-TOUCHGFX 4.24.1
2024-11-16 00:46:36,374 [INFO] ThirdParty:1030 - CMSIS Pack Vendor :wolfSSL I-CUBE-wolfTPM 3.4.0
2024-11-16 00:46:36,374 [INFO] ThirdParty:1030 - CMSIS Pack Vendor :portGmbH I-Cube-SoM-uGOAL 1.1.0
2024-11-16 00:46:36,374 [INFO] ThirdParty:1030 - CMSIS Pack Vendor :STMicroelectronics X-CUBE-BLEMGR 3.1.0
2024-11-16 00:46:36,374 [INFO] ThirdParty:1030 - CMSIS Pack Vendor :STMicroelectronics ThreadX 1.0.0
2024-11-16 00:46:36,374 [INFO] ThirdParty:1030 - CMSIS Pack Vendor :STMicroelectronics FP-SNS-SMARTAG2 1.2.0
2024-11-16 00:46:36,374 [INFO] ThirdParty:1030 - CMSIS Pack Vendor :STMicroelectronics X-CUBE-AZRTOS-WL 2.0.0
2024-11-16 00:46:36,374 [INFO] ThirdParty:1030 - CMSIS Pack Vendor :SEGGER I-CUBE-embOS 1.3.1
2024-11-16 00:46:36,374 [INFO] ThirdParty:1030 - CMSIS Pack Vendor :STMicroelectronics X-CUBE-ALGOBUILD 1.4.0
2024-11-16 00:46:36,374 [INFO] ThirdParty:1030 - CMSIS Pack Vendor :STMicroelectronics FP-SNS-MOTENV1 5.0.0
2024-11-16 00:46:36,374 [INFO] ThirdParty:1030 - CMSIS Pack Vendor :STMicroelectronics USB_DEVICE 1.0.0
2024-11-16 00:46:36,374 [INFO] ThirdParty:1030 - CMSIS Pack Vendor :STMicroelectronics X-CUBE-AZRTOS-H7RS 1.0.0
2024-11-16 00:46:36,374 [INFO] ThirdParty:1030 - CMSIS Pack Vendor :wolfSSL I-CUBE-wolfMQTT 1.19.0
2024-11-16 00:46:36,374 [INFO] ThirdParty:1030 - CMSIS Pack Vendor :STMicroelectronics X-CUBE-AZRTOS-L4 2.0.0
2024-11-16 00:46:36,374 [INFO] ThirdParty:1030 - CMSIS Pack Vendor :STMicroelectronics ThreadX 0.0.2
2024-11-16 00:46:36,374 [INFO] ThirdParty:1030 - CMSIS Pack Vendor :WES I-CUBE-Cesium 1.3.0
2024-11-16 00:46:36,374 [INFO] ThirdParty:1030 - CMSIS Pack Vendor :STMicroelectronics FP-ATR-ASTRA1 2.0.0
2024-11-16 00:46:36,374 [INFO] ThirdParty:1030 - CMSIS Pack Vendor :STMicroelectronics lwIP 2.1.2
2024-11-16 00:46:36,374 [INFO] ThirdParty:1030 - CMSIS Pack Vendor :STMicroelectronics X-CUBE-SFXS2LP1 4.0.0
2024-11-16 00:46:36,374 [INFO] ThirdParty:1030 - CMSIS Pack Vendor :STMicroelectronics X-CUBE-BLE2 3.3.0
2024-11-16 00:46:36,374 [INFO] ThirdParty:1030 - CMSIS Pack Vendor :STMicroelectronics X-CUBE-TOF1 3.4.2
2024-11-16 00:46:36,374 [INFO] ThirdParty:1030 - CMSIS Pack Vendor :STMicroelectronics X-CUBE-AI 9.1.0
2024-11-16 00:46:36,374 [INFO] ThirdParty:1030 - CMSIS Pack Vendor :STMicroelectronics X-CUBE-TOF1 3.4.1
2024-11-16 00:46:36,374 [INFO] ThirdParty:1030 - CMSIS Pack Vendor :STMicroelectronics X-CUBE-AZRTOS-H7 3.2.0
2024-11-16 00:46:36,374 [INFO] ThirdParty:1030 - CMSIS Pack Vendor :Infineon AIROC-Wi-Fi-Bluetooth-STM32 1.6.0
2024-11-16 00:46:36,374 [INFO] ThirdParty:1030 - CMSIS Pack Vendor :STMicroelectronics PDM2PCM 3.2.0
2024-11-16 00:46:36,374 [INFO] ThirdParty:1030 - CMSIS Pack Vendor :wolfSSL I-CUBE-wolfSSH 1.4.17
2024-11-16 00:46:36,374 [INFO] ThirdParty:841 - exiting critical section [change project]
2024-11-16 00:46:36,646 [INFO] PinOutPanel:1561 - setPackage(No Configuration,No Configuration)
2024-11-16 00:46:36,647 [INFO] PinOutPanel:1561 - setPackage(STM32F072RBTx,LQFP64)
2024-11-16 00:46:37,191 [INFO] UtilMem:75 - Before build in PCC Used Memory: 847622480 Bytes (1073741824)
2024-11-16 00:46:38,002 [INFO] UtilMem:75 - After build in PCC Used Memory: 912117152 Bytes (1073741824)
2024-11-16 00:46:38,029 [INFO] IPUIPlugin:80 - create IPUIPlugin
2024-11-16 00:46:38,030 [INFO] IPUIPlugin:80 - create IPUIPlugin
2024-11-16 00:46:38,030 [INFO] IPUIPlugin:80 - create IPUIPlugin
2024-11-16 00:46:38,030 [INFO] IPUIPlugin:80 - create IPUIPlugin
2024-11-16 00:46:38,030 [INFO] IPUIPlugin:80 - create IPUIPlugin
2024-11-16 00:46:38,030 [INFO] IPUIPlugin:80 - create IPUIPlugin
2024-11-16 00:46:38,030 [INFO] IPUIPlugin:80 - create IPUIPlugin
2024-11-16 00:46:38,030 [INFO] IPUIPlugin:80 - create IPUIPlugin
2024-11-16 00:46:38,030 [INFO] IPUIPlugin:80 - create IPUIPlugin
2024-11-16 00:46:38,030 [INFO] IPUIPlugin:80 - create IPUIPlugin
2024-11-16 00:46:38,030 [INFO] IPUIPlugin:80 - create IPUIPlugin
2024-11-16 00:46:38,031 [INFO] IPUIPlugin:80 - create IPUIPlugin
2024-11-16 00:46:38,031 [INFO] IPUIPlugin:80 - create IPUIPlugin
2024-11-16 00:46:38,031 [INFO] IPUIPlugin:80 - create IPUIPlugin
2024-11-16 00:46:38,031 [INFO] IPUIPlugin:80 - create IPUIPlugin
2024-11-16 00:46:38,031 [INFO] IPUIPlugin:80 - create IPUIPlugin
2024-11-16 00:46:38,031 [INFO] IPUIPlugin:80 - create IPUIPlugin
2024-11-16 00:46:38,031 [INFO] IPUIPlugin:80 - create IPUIPlugin
2024-11-16 00:46:38,031 [INFO] IPUIPlugin:80 - create IPUIPlugin
2024-11-16 00:46:38,031 [INFO] IPUIPlugin:80 - create IPUIPlugin
2024-11-16 00:46:38,031 [INFO] IPUIPlugin:80 - create IPUIPlugin
2024-11-16 00:46:38,031 [INFO] IPUIPlugin:80 - create IPUIPlugin
2024-11-16 00:46:38,031 [INFO] IPUIPlugin:80 - create IPUIPlugin
2024-11-16 00:46:38,031 [INFO] IPUIPlugin:80 - create IPUIPlugin
2024-11-16 00:46:38,031 [INFO] IPUIPlugin:80 - create IPUIPlugin
2024-11-16 00:46:38,032 [INFO] IPUIPlugin:80 - create IPUIPlugin
2024-11-16 00:46:38,032 [INFO] IPUIPlugin:80 - create IPUIPlugin
2024-11-16 00:46:38,032 [INFO] IPUIPlugin:80 - create IPUIPlugin
2024-11-16 00:46:38,032 [INFO] IPUIPlugin:80 - create IPUIPlugin
2024-11-16 00:46:38,032 [INFO] IPUIPlugin:80 - create IPUIPlugin
2024-11-16 00:46:38,032 [INFO] IPUIPlugin:80 - create IPUIPlugin
2024-11-16 00:46:38,032 [INFO] IPUIPlugin:80 - create IPUIPlugin
2024-11-16 00:46:38,032 [INFO] IPUIPlugin:80 - create IPUIPlugin
2024-11-16 00:46:38,032 [INFO] IPUIPlugin:80 - create IPUIPlugin
2024-11-16 00:46:38,033 [INFO] IPUIPlugin:80 - create IPUIPlugin
2024-11-16 00:46:38,033 [INFO] IPUIPlugin:80 - create IPUIPlugin
2024-11-16 00:46:38,033 [INFO] IPUIPlugin:80 - create IPUIPlugin
2024-11-16 00:46:38,033 [INFO] IPUIPlugin:80 - create IPUIPlugin
2024-11-16 00:46:38,033 [INFO] IPUIPlugin:80 - create IPUIPlugin
2024-11-16 00:46:38,033 [INFO] IPUIPlugin:80 - create IPUIPlugin
2024-11-16 00:46:38,033 [INFO] IPUIPlugin:80 - create IPUIPlugin
2024-11-16 00:46:38,284 [INFO] CADModel:165 - CPN selected for project levelSTM32F072RBT6
2024-11-16 00:46:38,284 [INFO] CADModel:114 - Register for checkConnection events
2024-11-16 00:46:38,335 [INFO] OpenFileManager:343 - Restore cursor
2024-11-16 01:02:16,053 [INFO] NvicIntPanel:101 - NVIC parent = com.st.microxplorer.plugins.ip.nvic.MultiNvicIntPanel[,0,0,0x0,invalid,layout=javax.swing.BoxLayout,alignmentX=0.0,alignmentY=0.0,border=,flags=9,maximumSize=,minimumSize=,preferredSize=]
2024-11-16 01:02:18,407 [INFO] NvicIntPanel:101 - NVIC parent = com.st.microxplorer.plugins.ip.nvic.MultiNvicIntPanel[,0,0,0x0,invalid,layout=javax.swing.BoxLayout,alignmentX=0.0,alignmentY=0.0,border=,flags=9,maximumSize=,minimumSize=,preferredSize=]
2024-11-16 01:02:19,944 [INFO] NvicIntPanel:101 - NVIC parent = com.st.microxplorer.plugins.ip.nvic.MultiNvicIntPanel[,0,0,0x0,invalid,layout=javax.swing.BoxLayout,alignmentX=0.0,alignmentY=0.0,border=,flags=9,maximumSize=,minimumSize=,preferredSize=]
2024-11-16 01:02:19,998 [INFO] NvicIntPanel:101 - NVIC parent = com.st.microxplorer.plugins.ip.nvic.MultiNvicIntPanel[,0,0,0x0,invalid,layout=javax.swing.BoxLayout,alignmentX=0.0,alignmentY=0.0,border=,flags=9,maximumSize=,minimumSize=,preferredSize=]
2024-11-16 01:10:24,372 [INFO] NvicIntPanel:101 - NVIC parent = com.st.microxplorer.plugins.ip.nvic.MultiNvicIntPanel[,0,0,0x0,invalid,layout=javax.swing.BoxLayout,alignmentX=0.0,alignmentY=0.0,border=,flags=9,maximumSize=,minimumSize=,preferredSize=]
2024-11-16 01:13:38,139 [INFO] NvicIntPanel:101 - NVIC parent = com.st.microxplorer.plugins.ip.nvic.MultiNvicIntPanel[,0,0,0x0,invalid,layout=javax.swing.BoxLayout,alignmentX=0.0,alignmentY=0.0,border=,flags=9,maximumSize=,minimumSize=,preferredSize=]
2024-11-16 01:13:56,622 [INFO] NvicIntPanel:101 - NVIC parent = com.st.microxplorer.plugins.ip.nvic.MultiNvicIntPanel[,0,0,0x0,invalid,layout=javax.swing.BoxLayout,alignmentX=0.0,alignmentY=0.0,border=,flags=9,maximumSize=,minimumSize=,preferredSize=]
2024-11-16 01:13:56,683 [INFO] NvicIntPanel:101 - NVIC parent = com.st.microxplorer.plugins.ip.nvic.MultiNvicIntPanel[,0,0,0x0,invalid,layout=javax.swing.BoxLayout,alignmentX=0.0,alignmentY=0.0,border=,flags=9,maximumSize=,minimumSize=,preferredSize=]
2024-11-16 01:17:40,366 [INFO] NvicIntPanel:101 - NVIC parent = com.st.microxplorer.plugins.ip.nvic.MultiNvicIntPanel[,0,0,0x0,invalid,layout=javax.swing.BoxLayout,alignmentX=0.0,alignmentY=0.0,border=,flags=9,maximumSize=,minimumSize=,preferredSize=]
2024-11-16 01:18:22,426 [INFO] NvicIntPanel:101 - NVIC parent = com.st.microxplorer.plugins.ip.nvic.MultiNvicIntPanel[,0,0,0x0,invalid,layout=javax.swing.BoxLayout,alignmentX=0.0,alignmentY=0.0,border=,flags=9,maximumSize=,minimumSize=,preferredSize=]
2024-11-16 01:46:57,156 [ERROR] LogOutputStream:75 - [STDERR_REDIRECT] Exception in thread "AWT-EventQueue-0" java.awt.IllegalComponentStateException: component must be showing on the screen to determine its location
2024-11-16 01:46:57,157 [ERROR] LogOutputStream:75 - [STDERR_REDIRECT] 	at java.desktop/java.awt.Component.getLocationOnScreen_NoTreeLock(Component.java:2113)
2024-11-16 01:46:57,158 [ERROR] LogOutputStream:75 - [STDERR_REDIRECT] 	at java.desktop/java.awt.Component.getLocationOnScreen(Component.java:2087)
2024-11-16 01:46:57,159 [ERROR] LogOutputStream:75 - [STDERR_REDIRECT] 	at java.desktop/javax.swing.JPopupMenu.show(JPopupMenu.java:960)
2024-11-16 01:46:57,159 [ERROR] LogOutputStream:75 - [STDERR_REDIRECT] 	at java.desktop/javax.swing.plaf.basic.BasicComboPopup.show(BasicComboPopup.java:235)
2024-11-16 01:46:57,160 [ERROR] LogOutputStream:75 - [STDERR_REDIRECT] 	at java.desktop/javax.swing.plaf.basic.BasicComboPopup.togglePopup(BasicComboPopup.java:1257)
2024-11-16 01:46:57,160 [ERROR] LogOutputStream:75 - [STDERR_REDIRECT] 	at java.desktop/javax.swing.plaf.basic.BasicComboPopup$Handler.mousePressed(BasicComboPopup.java:936)
2024-11-16 01:46:57,161 [ERROR] LogOutputStream:75 - [STDERR_REDIRECT] 	at java.desktop/java.awt.Component.processMouseEvent(Component.java:6623)
2024-11-16 01:46:57,161 [ERROR] LogOutputStream:75 - [STDERR_REDIRECT] 	at java.desktop/javax.swing.JComponent.processMouseEvent(JComponent.java:3389)
2024-11-16 01:46:57,162 [ERROR] LogOutputStream:75 - [STDERR_REDIRECT] 	at java.desktop/java.awt.Component.processEvent(Component.java:6391)
2024-11-16 01:46:57,162 [ERROR] LogOutputStream:75 - [STDERR_REDIRECT] 	at java.desktop/java.awt.Container.processEvent(Container.java:2266)
2024-11-16 01:46:57,163 [ERROR] LogOutputStream:75 - [STDERR_REDIRECT] 	at java.desktop/java.awt.Component.dispatchEventImpl(Component.java:5001)
2024-11-16 01:46:57,164 [ERROR] LogOutputStream:75 - [STDERR_REDIRECT] 	at java.desktop/java.awt.Container.dispatchEventImpl(Container.java:2324)
2024-11-16 01:46:57,164 [ERROR] LogOutputStream:75 - [STDERR_REDIRECT] 	at java.desktop/java.awt.Component.dispatchEvent(Component.java:4833)
2024-11-16 01:46:57,165 [ERROR] LogOutputStream:75 - [STDERR_REDIRECT] 	at java.desktop/javax.swing.plaf.basic.BasicTableUI$Handler.repostEvent(BasicTableUI.java:987)
2024-11-16 01:46:57,165 [ERROR] LogOutputStream:75 - [STDERR_REDIRECT] 	at java.desktop/javax.swing.plaf.basic.BasicTableUI$Handler.adjustSelection(BasicTableUI.java:1149)
2024-11-16 01:46:57,166 [ERROR] LogOutputStream:75 - [STDERR_REDIRECT] 	at java.desktop/javax.swing.plaf.basic.BasicTableUI$Handler.mousePressed(BasicTableUI.java:1077)
2024-11-16 01:46:57,166 [ERROR] LogOutputStream:75 - [STDERR_REDIRECT] 	at java.desktop/java.awt.AWTEventMulticaster.mousePressed(AWTEventMulticaster.java:288)
2024-11-16 01:46:57,167 [ERROR] LogOutputStream:75 - [STDERR_REDIRECT] 	at java.desktop/java.awt.AWTEventMulticaster.mousePressed(AWTEventMulticaster.java:287)
2024-11-16 01:46:57,168 [ERROR] LogOutputStream:75 - [STDERR_REDIRECT] 	at java.desktop/java.awt.AWTEventMulticaster.mousePressed(AWTEventMulticaster.java:287)
2024-11-16 01:46:57,168 [ERROR] LogOutputStream:75 - [STDERR_REDIRECT] 	at java.desktop/java.awt.AWTEventMulticaster.mousePressed(AWTEventMulticaster.java:287)
2024-11-16 01:46:57,168 [ERROR] LogOutputStream:75 - [STDERR_REDIRECT] 	at java.desktop/java.awt.Component.processMouseEvent(Component.java:6623)
2024-11-16 01:46:57,170 [ERROR] LogOutputStream:75 - [STDERR_REDIRECT] 	at java.desktop/javax.swing.JComponent.processMouseEvent(JComponent.java:3389)
2024-11-16 01:46:57,170 [ERROR] LogOutputStream:75 - [STDERR_REDIRECT] 	at java.desktop/java.awt.Component.processEvent(Component.java:6391)
2024-11-16 01:46:57,171 [ERROR] LogOutputStream:75 - [STDERR_REDIRECT] 	at java.desktop/java.awt.Container.processEvent(Container.java:2266)
2024-11-16 01:46:57,172 [ERROR] LogOutputStream:75 - [STDERR_REDIRECT] 	at java.desktop/java.awt.Component.dispatchEventImpl(Component.java:5001)
2024-11-16 01:46:57,172 [ERROR] LogOutputStream:75 - [STDERR_REDIRECT] 	at java.desktop/java.awt.Container.dispatchEventImpl(Container.java:2324)
2024-11-16 01:46:57,173 [ERROR] LogOutputStream:75 - [STDERR_REDIRECT] 	at java.desktop/java.awt.Component.dispatchEvent(Component.java:4833)
2024-11-16 01:46:57,173 [ERROR] LogOutputStream:75 - [STDERR_REDIRECT] 	at java.desktop/java.awt.LightweightDispatcher.retargetMouseEvent(Container.java:4948)
2024-11-16 01:46:57,174 [ERROR] LogOutputStream:75 - [STDERR_REDIRECT] 	at java.desktop/java.awt.LightweightDispatcher.processMouseEvent(Container.java:4572)
2024-11-16 01:46:57,174 [ERROR] LogOutputStream:75 - [STDERR_REDIRECT] 	at java.desktop/java.awt.LightweightDispatcher.dispatchEvent(Container.java:4516)
2024-11-16 01:46:57,175 [ERROR] LogOutputStream:75 - [STDERR_REDIRECT] 	at java.desktop/java.awt.Container.dispatchEventImpl(Container.java:2310)
2024-11-16 01:46:57,175 [ERROR] LogOutputStream:75 - [STDERR_REDIRECT] 	at java.desktop/java.awt.Component.dispatchEvent(Component.java:4833)
2024-11-16 01:46:57,176 [ERROR] LogOutputStream:75 - [STDERR_REDIRECT] 	at java.desktop/java.awt.EventQueue.dispatchEventImpl(EventQueue.java:775)
2024-11-16 01:46:57,176 [ERROR] LogOutputStream:75 - [STDERR_REDIRECT] 	at java.desktop/java.awt.EventQueue$4.run(EventQueue.java:720)
2024-11-16 01:46:57,177 [ERROR] LogOutputStream:75 - [STDERR_REDIRECT] 	at java.desktop/java.awt.EventQueue$4.run(EventQueue.java:714)
2024-11-16 01:46:57,177 [ERROR] LogOutputStream:75 - [STDERR_REDIRECT] 	at java.base/java.security.AccessController.doPrivileged(AccessController.java:399)
2024-11-16 01:46:57,178 [ERROR] LogOutputStream:75 - [STDERR_REDIRECT] 	at java.base/java.security.ProtectionDomain$JavaSecurityAccessImpl.doIntersectionPrivilege(ProtectionDomain.java:86)
2024-11-16 01:46:57,179 [ERROR] LogOutputStream:75 - [STDERR_REDIRECT] 	at java.base/java.security.ProtectionDomain$JavaSecurityAccessImpl.doIntersectionPrivilege(ProtectionDomain.java:97)
2024-11-16 01:46:57,179 [ERROR] LogOutputStream:75 - [STDERR_REDIRECT] 	at java.desktop/java.awt.EventQueue$5.run(EventQueue.java:747)
2024-11-16 01:46:57,180 [ERROR] LogOutputStream:75 - [STDERR_REDIRECT] 	at java.desktop/java.awt.EventQueue$5.run(EventQueue.java:745)
2024-11-16 01:46:57,181 [ERROR] LogOutputStream:75 - [STDERR_REDIRECT] 	at java.base/java.security.AccessController.doPrivileged(AccessController.java:399)
2024-11-16 01:46:57,182 [ERROR] LogOutputStream:75 - [STDERR_REDIRECT] 	at java.base/java.security.ProtectionDomain$JavaSecurityAccessImpl.doIntersectionPrivilege(ProtectionDomain.java:86)
2024-11-16 01:46:57,182 [ERROR] LogOutputStream:75 - [STDERR_REDIRECT] 	at java.desktop/java.awt.EventQueue.dispatchEvent(EventQueue.java:744)
2024-11-16 01:46:57,182 [ERROR] LogOutputStream:75 - [STDERR_REDIRECT] 	at java.desktop/java.awt.EventDispatchThread.pumpOneEventForFilters(EventDispatchThread.java:203)
2024-11-16 01:46:57,183 [ERROR] LogOutputStream:75 - [STDERR_REDIRECT] 	at java.desktop/java.awt.EventDispatchThread.pumpEventsForFilter(EventDispatchThread.java:124)
2024-11-16 01:46:57,184 [ERROR] LogOutputStream:75 - [STDERR_REDIRECT] 	at java.desktop/java.awt.EventDispatchThread.pumpEventsForHierarchy(EventDispatchThread.java:113)
2024-11-16 01:46:57,184 [ERROR] LogOutputStream:75 - [STDERR_REDIRECT] 	at java.desktop/java.awt.EventDispatchThread.pumpEvents(EventDispatchThread.java:109)
2024-11-16 01:46:57,185 [ERROR] LogOutputStream:75 - [STDERR_REDIRECT] 	at java.desktop/java.awt.EventDispatchThread.pumpEvents(EventDispatchThread.java:101)
2024-11-16 01:46:57,185 [ERROR] LogOutputStream:75 - [STDERR_REDIRECT] 	at java.desktop/java.awt.EventDispatchThread.run(EventDispatchThread.java:90)
2024-11-16 01:47:06,127 [INFO] UtilMem:75 - End SaveConfig() Used Memory: 820223800 Bytes (1073741824)
2024-11-16 01:47:15,636 [INFO] UtilMem:75 - End SaveConfig() Used Memory: 844198048 Bytes (1073741824)
2024-11-16 01:47:23,424 [INFO] UtilMem:75 - End SaveConfig() Used Memory: 676444192 Bytes (1073741824)
2024-11-16 01:47:23,827 [INFO] BlockDiagram:2759 - set Specific Code input for plugin: SPI
2024-11-16 01:47:23,827 [INFO] BlockDiagram:2759 - set Specific Code input for plugin: NVIC
2024-11-16 01:47:23,827 [INFO] BlockDiagram:2759 - set Specific Code input for plugin: USART
2024-11-16 01:47:23,827 [INFO] BlockDiagram:2759 - set Specific Code input for plugin: TIM1_8F0
2024-11-16 01:47:23,827 [INFO] BlockDiagram:2759 - set Specific Code input for plugin: SYS
2024-11-16 01:47:23,828 [INFO] BlockDiagram:2759 - set Specific Code input for plugin: GPIO
2024-11-16 01:47:23,828 [INFO] BlockDiagram:2759 - set Specific Code input for plugin: RCC
2024-11-16 01:47:23,830 [INFO] CodeGenerator:807 - code generatio: config db path: C:/Users/ethan/.stm32cubemx/databases/DB.6.0.30/db/
2024-11-16 01:47:24,036 [INFO] CodeEngine:255 - oldGeneratedFile, C:\Users\ethan\Documents\GitHub\embedded-bootcamp\nucleof072rb\MXTmpFiles\license.tmp_save
2024-11-16 01:47:24,300 [INFO] CodeEngine:279 - Generated code: C:\Users\ethan\Documents\GitHub\embedded-bootcamp\nucleof072rb\MXTmpFiles\license.tmp
2024-11-16 01:47:24,455 [INFO] CodeEngine:255 - oldGeneratedFile, C:\Users\ethan\Documents\GitHub\embedded-bootcamp\nucleof072rb\Core\Src\gpio.c_save
2024-11-16 01:47:24,581 [INFO] CodeEngine:279 - Generated code: C:\Users\ethan\Documents\GitHub\embedded-bootcamp\nucleof072rb\Core\Src\gpio.c
2024-11-16 01:47:24,598 [INFO] CodeEngine:255 - oldGeneratedFile, C:\Users\ethan\Documents\GitHub\embedded-bootcamp\nucleof072rb\Core\Inc\gpio.h_save
2024-11-16 01:47:24,675 [INFO] CodeEngine:279 - Generated code: C:\Users\ethan\Documents\GitHub\embedded-bootcamp\nucleof072rb\Core\Inc\gpio.h
2024-11-16 01:47:24,945 [INFO] CodeEngine:255 - oldGeneratedFile, C:\Users\ethan\Documents\GitHub\embedded-bootcamp\nucleof072rb\Core\Src\spi.c_save
2024-11-16 01:47:25,071 [INFO] CodeEngine:279 - Generated code: C:\Users\ethan\Documents\GitHub\embedded-bootcamp\nucleof072rb\Core\Src\spi.c
2024-11-16 01:47:25,082 [INFO] CodeEngine:255 - oldGeneratedFile, C:\Users\ethan\Documents\GitHub\embedded-bootcamp\nucleof072rb\Core\Inc\spi.h_save
2024-11-16 01:47:25,147 [INFO] CodeEngine:279 - Generated code: C:\Users\ethan\Documents\GitHub\embedded-bootcamp\nucleof072rb\Core\Inc\spi.h
2024-11-16 01:47:25,154 [INFO] CodeEngine:255 - oldGeneratedFile, C:\Users\ethan\Documents\GitHub\embedded-bootcamp\nucleof072rb\Core\Src\tim.c_save
2024-11-16 01:47:25,253 [INFO] CodeEngine:279 - Generated code: C:\Users\ethan\Documents\GitHub\embedded-bootcamp\nucleof072rb\Core\Src\tim.c
2024-11-16 01:47:25,255 [INFO] CodeEngine:255 - oldGeneratedFile, C:\Users\ethan\Documents\GitHub\embedded-bootcamp\nucleof072rb\Core\Inc\tim.h_save
2024-11-16 01:47:25,308 [INFO] CodeEngine:279 - Generated code: C:\Users\ethan\Documents\GitHub\embedded-bootcamp\nucleof072rb\Core\Inc\tim.h
2024-11-16 01:47:25,321 [INFO] CodeEngine:255 - oldGeneratedFile, C:\Users\ethan\Documents\GitHub\embedded-bootcamp\nucleof072rb\Core\Src\usart.c_save
2024-11-16 01:47:25,394 [INFO] CodeEngine:279 - Generated code: C:\Users\ethan\Documents\GitHub\embedded-bootcamp\nucleof072rb\Core\Src\usart.c
2024-11-16 01:47:25,398 [INFO] CodeEngine:255 - oldGeneratedFile, C:\Users\ethan\Documents\GitHub\embedded-bootcamp\nucleof072rb\Core\Inc\usart.h_save
2024-11-16 01:47:25,457 [INFO] CodeEngine:279 - Generated code: C:\Users\ethan\Documents\GitHub\embedded-bootcamp\nucleof072rb\Core\Inc\usart.h
2024-11-16 01:47:25,479 [INFO] CodeEngine:255 - oldGeneratedFile, C:\Users\ethan\Documents\GitHub\embedded-bootcamp\nucleof072rb\Core\Src\stm32f0xx_it.c_save
2024-11-16 01:47:25,574 [INFO] CodeEngine:279 - Generated code: C:\Users\ethan\Documents\GitHub\embedded-bootcamp\nucleof072rb\Core\Src\stm32f0xx_it.c
2024-11-16 01:47:25,591 [INFO] CodeEngine:255 - oldGeneratedFile, C:\Users\ethan\Documents\GitHub\embedded-bootcamp\nucleof072rb\Core\Inc\stm32f0xx_it.h_save
2024-11-16 01:47:25,653 [INFO] CodeEngine:279 - Generated code: C:\Users\ethan\Documents\GitHub\embedded-bootcamp\nucleof072rb\Core\Inc\stm32f0xx_it.h
2024-11-16 01:47:25,675 [INFO] CodeEngine:255 - oldGeneratedFile, C:\Users\ethan\Documents\GitHub\embedded-bootcamp\nucleof072rb\Core\Src\stm32f0xx_hal_msp.c_save
2024-11-16 01:47:25,756 [INFO] CodeEngine:279 - Generated code: C:\Users\ethan\Documents\GitHub\embedded-bootcamp\nucleof072rb\Core\Src\stm32f0xx_hal_msp.c
2024-11-16 01:47:25,767 [INFO] CodeEngine:255 - oldGeneratedFile, C:\Users\ethan\Documents\GitHub\embedded-bootcamp\nucleof072rb\MXTmpFiles\system.tmp_save
2024-11-16 01:47:25,824 [INFO] CodeEngine:279 - Generated code: C:\Users\ethan\Documents\GitHub\embedded-bootcamp\nucleof072rb\MXTmpFiles\system.tmp
2024-11-16 01:47:25,843 [INFO] CodeEngine:311 - oldGeneratedFile, C:\Users\ethan\Documents\GitHub\embedded-bootcamp\nucleof072rb\Core\Inc\stm32f0xx_hal_conf.h_save
2024-11-16 01:47:25,905 [INFO] CodeEngine:335 - Generated code: C:\Users\ethan\Documents\GitHub\embedded-bootcamp\nucleof072rb\Core\Inc\stm32f0xx_hal_conf.h
2024-11-16 01:47:25,950 [INFO] CodeEngine:255 - oldGeneratedFile, C:\Users\ethan\Documents\GitHub\embedded-bootcamp\nucleof072rb\Core\Inc\main.h_save
2024-11-16 01:47:26,016 [INFO] CodeEngine:279 - Generated code: C:\Users\ethan\Documents\GitHub\embedded-bootcamp\nucleof072rb\Core\Inc\main.h
2024-11-16 01:47:26,032 [INFO] CodeEngine:255 - oldGeneratedFile, C:\Users\ethan\Documents\GitHub\embedded-bootcamp\nucleof072rb\Core\Src\main.c_save
2024-11-16 01:47:26,114 [INFO] CodeEngine:279 - Generated code: C:\Users\ethan\Documents\GitHub\embedded-bootcamp\nucleof072rb\Core\Src\main.c
2024-11-16 01:47:26,376 [INFO] ProjectBuilder:3163 - Time for Copy HAL[1] : 134mS.
2024-11-16 01:47:26,383 [INFO] ProjectBuilder:4736 - Project Generator version: 4.3.0-B58
2024-11-16 01:47:26,441 [INFO] ConfigFileManager:1503 - The Die is : DIE448
2024-11-16 01:47:26,456 [INFO] ApiDbMcu:508 - Load IP Config File for FATFS
2024-11-16 01:47:26,465 [INFO] ApiDbMcu:508 - Load IP Config File for FREERTOS
2024-11-16 01:47:26,480 [INFO] ApiDbMcu:508 - Load IP Config File for TOUCHSENSING
2024-11-16 01:47:26,496 [INFO] ApiDbMcu:508 - Load IP Config File for USB_DEVICE
2024-11-16 01:47:27,096 [INFO] LogOutputStream:77 - [STDOUT_REDIRECT] 
2024-11-16 01:47:29,011 [INFO] ProjectBuilder:5002 - Time for Generating toolchain IDE Files: 2625mS.
2024-11-16 01:47:29,012 [INFO] ProjectBuilder:3034 - Time for Copy CMSIS : 1mS.
2024-11-16 01:47:29,013 [INFO] ProjectBuilder:3034 - Time for Copy CMSIS : 0mS.
2024-11-16 01:58:24,885 [INFO] WebApp:354 - JxBrowser engine has been closed 
2024-11-16 14:47:37,043 [INFO] Activator:176 - 


2024-11-16 14:47:37,045 [INFO] Activator:177 - !SESSION log4j initialized
2024-11-16 14:47:41,485 [INFO] LogOutputStream:77 - [STDOUT_REDIRECT] 
2024-11-16 14:47:42,371 [INFO] ApplicationProperties:184 - Using Application install path: C:\ST\STM32CubeIDE_1.15.1\STM32CubeIDE\plugins\com.st.stm32cube.common.mx_6.11.1.202404110753
2024-11-16 14:47:42,385 [INFO] DbMcusXml:78 - Set database path to: C:\ST\STM32CubeIDE_1.15.1\STM32CubeIDE\plugins\com.st.stm32cube.common.mx_6.11.1.202404110753\\db\/mcu/
2024-11-16 14:47:42,386 [INFO] ApiDb:274 - Set plugin database path to: C:\ST\STM32CubeIDE_1.15.1\STM32CubeIDE\plugins\com.st.stm32cube.common.mx_6.11.1.202404110753\\db\/plugins/boardmanager/
2024-11-16 14:47:42,386 [WARN] ApiDb:259 - Overriding images path with different value:  => C:\ST\STM32CubeIDE_1.15.1\STM32CubeIDE\plugins\com.st.stm32cube.common.mx_6.11.1.202404110753\\db\/plugins/mcufinder/images/
2024-11-16 14:47:42,397 [INFO] ApiDb:250 - Set database path to: C:\Users\ethan\.stmcufinder\plugins\mcufinder//mcu/
2024-11-16 14:47:42,398 [INFO] DbMcusAds:125 - Set database path to: C:\Users\ethan\.stmcufinder\plugins\mcufinder//mcu/
2024-11-16 14:47:42,400 [INFO] CrossReferenceDbSqlite:203 - Set database path to: C:\Users\ethan\.stmcufinder\plugins\mcufinder//mcu/cs/
2024-11-16 14:47:42,487 [INFO] RulesReader:64 - Compatibility file has been processed (297 Rules)
2024-11-16 14:47:42,548 [INFO] DbMcusXml:78 - Set database path to: C:\ST\STM32CubeIDE_1.15.1\STM32CubeIDE\plugins\com.st.stm32cube.common.mx_6.11.1.202404110753\\db\/mcu/
2024-11-16 14:47:42,548 [INFO] ApiDb:274 - Set plugin database path to: C:\ST\STM32CubeIDE_1.15.1\STM32CubeIDE\plugins\com.st.stm32cube.common.mx_6.11.1.202404110753\\db\/plugins/boardmanager/
2024-11-16 14:47:42,548 [INFO] ApiDb:261 - Set plugin images path to: C:\ST\STM32CubeIDE_1.15.1\STM32CubeIDE\plugins\com.st.stm32cube.common.mx_6.11.1.202404110753\\db\/plugins/mcufinder/images/
2024-11-16 14:47:42,549 [WARN] DbFile:41 - Overriding database path with different value: C:\Users\ethan\.stmcufinder\plugins\mcufinder/ => C:\Users\ethan\.stmcufinder\plugins\mcufinder
2024-11-16 14:47:42,549 [INFO] ApiDb:250 - Set database path to: C:\Users\ethan\.stmcufinder\plugins\mcufinder//mcu/
2024-11-16 14:47:42,549 [WARN] DbFile:41 - Overriding database path with different value: C:\Users\ethan\.stmcufinder\plugins\mcufinder/ => C:\Users\ethan\.stmcufinder\plugins\mcufinder
2024-11-16 14:47:42,549 [INFO] DbMcusAds:125 - Set database path to: C:\Users\ethan\.stmcufinder\plugins\mcufinder//mcu/
2024-11-16 14:47:42,549 [WARN] DbFile:41 - Overriding database path with different value: C:\Users\ethan\.stmcufinder\plugins\mcufinder/ => C:\Users\ethan\.stmcufinder\plugins\mcufinder
2024-11-16 14:47:42,549 [WARN] DbFile:41 - Overriding database path with different value: C:\Users\ethan\.stmcufinder\plugins\mcufinder/ => C:\Users\ethan\.stmcufinder\plugins\mcufinder
2024-11-16 14:47:42,549 [INFO] CrossReferenceDbSqlite:203 - Set database path to: C:\Users\ethan\.stmcufinder\plugins\mcufinder//mcu/cs/
2024-11-16 14:47:42,607 [INFO] MainPanel:264 - HeapMemory: 268435456
2024-11-16 14:47:42,676 [INFO] DbMcusXml:78 - Set database path to: C:\ST\STM32CubeIDE_1.15.1\STM32CubeIDE\plugins\com.st.stm32cube.common.mx_6.11.1.202404110753\\db\/mcu/
2024-11-16 14:47:42,676 [INFO] ApiDb:274 - Set plugin database path to: C:\ST\STM32CubeIDE_1.15.1\STM32CubeIDE\plugins\com.st.stm32cube.common.mx_6.11.1.202404110753\\db\/plugins/boardmanager/
2024-11-16 14:47:42,677 [INFO] ApiDb:261 - Set plugin images path to: C:\ST\STM32CubeIDE_1.15.1\STM32CubeIDE\plugins\com.st.stm32cube.common.mx_6.11.1.202404110753\\db\/plugins/mcufinder/images/
2024-11-16 14:47:42,677 [WARN] DbFile:41 - Overriding database path with different value: C:\Users\ethan\.stmcufinder\plugins\mcufinder/ => C:\Users\ethan\.stmcufinder\plugins\mcufinder
2024-11-16 14:47:42,677 [INFO] ApiDb:250 - Set database path to: C:\Users\ethan\.stmcufinder\plugins\mcufinder//mcu/
2024-11-16 14:47:42,677 [WARN] DbFile:41 - Overriding database path with different value: C:\Users\ethan\.stmcufinder\plugins\mcufinder/ => C:\Users\ethan\.stmcufinder\plugins\mcufinder
2024-11-16 14:47:42,677 [INFO] DbMcusAds:125 - Set database path to: C:\Users\ethan\.stmcufinder\plugins\mcufinder//mcu/
2024-11-16 14:47:42,677 [WARN] DbFile:41 - Overriding database path with different value: C:\Users\ethan\.stmcufinder\plugins\mcufinder/ => C:\Users\ethan\.stmcufinder\plugins\mcufinder
2024-11-16 14:47:42,677 [WARN] DbFile:41 - Overriding database path with different value: C:\Users\ethan\.stmcufinder\plugins\mcufinder/ => C:\Users\ethan\.stmcufinder\plugins\mcufinder
2024-11-16 14:47:42,677 [INFO] CrossReferenceDbSqlite:203 - Set database path to: C:\Users\ethan\.stmcufinder\plugins\mcufinder//mcu/cs/
2024-11-16 14:47:42,691 [INFO] ApplicationProperties:184 - Using Application install path: C:\ST\STM32CubeIDE_1.15.1\STM32CubeIDE\plugins\com.st.stm32cube.common.mx_6.11.1.202404110753
2024-11-16 14:47:42,692 [INFO] PluginManage:196 - Search for loadable plugins [exclusion list=, ]
2024-11-16 14:47:42,693 [INFO] PluginManage:310 - Check plugin analytics
2024-11-16 14:47:42,831 [INFO] AnalyticsPlugin:253 - Accepted Software Licenses: STM32CubeMX.6.10.0
2024-11-16 14:47:42,832 [INFO] AnalyticsPlugin:255 - Accepted CMSIS Pack Licenses: 
2024-11-16 14:47:42,832 [INFO] AnalyticsPlugin:257 - Accepted Firmware Licenses: FW.F4.1.28.0
2024-11-16 14:47:42,834 [INFO] PluginManage:359 - Loaded plugin analytics (category:tool,tabindex:-1)
2024-11-16 14:47:42,835 [INFO] PluginManage:310 - Check plugin cadmodel
2024-11-16 14:47:42,849 [INFO] CADModel:105 - Init CAD model plugin
2024-11-16 14:47:42,849 [INFO] PluginManage:359 - Loaded plugin cadmodel (category:power,tabindex:5)
2024-11-16 14:47:42,849 [INFO] PluginManage:310 - Check plugin clock
2024-11-16 14:47:42,867 [INFO] PluginManage:359 - Loaded plugin clock (category:base,tabindex:2)
2024-11-16 14:47:42,867 [INFO] PluginManage:310 - Check plugin ddr
2024-11-16 14:47:42,869 [INFO] PluginManage:359 - Loaded plugin ddr (category:tool,tabindex:6)
2024-11-16 14:47:42,869 [INFO] PluginManage:310 - Check plugin filemanager
2024-11-16 14:47:42,980 [INFO] PluginManage:359 - Loaded plugin filemanager (category:base,tabindex:10)
2024-11-16 14:47:42,980 [INFO] PluginManage:310 - Check plugin ipmanager
2024-11-16 14:47:42,985 [INFO] PluginManage:359 - Loaded plugin ipmanager (category:base,tabindex:5)
2024-11-16 14:47:42,985 [INFO] PluginManage:310 - Check plugin lpbam
2024-11-16 14:47:42,999 [INFO] PluginManage:359 - Loaded plugin lpbam (category:base,tabindex:0)
2024-11-16 14:47:42,999 [INFO] PluginManage:310 - Check plugin memorymap
2024-11-16 14:47:43,015 [INFO] PluginManage:359 - Loaded plugin memorymap (category:base,tabindex:4)
2024-11-16 14:47:43,016 [INFO] PluginManage:310 - Check plugin pinoutandconfiguration
2024-11-16 14:47:43,028 [INFO] PluginManage:359 - Loaded plugin pinoutandconfiguration (category:base,tabindex:1)
2024-11-16 14:47:43,028 [INFO] PluginManage:310 - Check plugin pinoutconfig
2024-11-16 14:47:43,097 [WARN] SupportedApi:132 - Cannot load RTOS API schema: s4s-elt-must-match.1: The content of 'definitions' must match (annotation?, (simpleType | complexType)?, (unique | key | keyref)*)). A problem was found starting at: attribute.
2024-11-16 14:47:43,188 [INFO] PluginManage:359 - Loaded plugin pinoutconfig (category:base,tabindex:0)
2024-11-16 14:47:43,188 [INFO] PluginManage:310 - Check plugin power
2024-11-16 14:47:43,202 [INFO] PluginManage:359 - Loaded plugin power (category:power,tabindex:4)
2024-11-16 14:47:43,202 [INFO] PluginManage:310 - Check plugin projectmanager
2024-11-16 14:47:43,214 [INFO] PluginManage:359 - Loaded plugin projectmanager (category:projectmanager,tabindex:3)
2024-11-16 14:47:43,214 [INFO] PluginManage:310 - Check plugin thirdparty
2024-11-16 14:47:43,412 [INFO] PluginManage:359 - Loaded plugin thirdparty (category:base,tabindex:-1)
2024-11-16 14:47:43,412 [INFO] PluginManage:310 - Check plugin tools
2024-11-16 14:47:43,412 [WARN] IntegrityCheckThread:84 - waiting for thirdparty lock release [integrity check]
2024-11-16 14:47:43,412 [INFO] IntegrityCheckThread:86 - entering critical section [integrity check]
2024-11-16 14:47:43,413 [INFO] ThirdPartyUpdaterWithRetryManager:70 - Updater plugin not ready yet. [1/15]
2024-11-16 14:47:43,440 [INFO] PluginManage:359 - Loaded plugin tools (category:base,tabindex:7)
2024-11-16 14:47:43,440 [INFO] PluginManage:310 - Check plugin tutovideos
2024-11-16 14:47:43,584 [INFO] PluginManage:359 - Loaded plugin tutovideos (category:base,tabindex:-1)
2024-11-16 14:47:43,584 [INFO] PluginManage:310 - Check plugin updater
2024-11-16 14:47:43,592 [INFO] PluginManage:359 - Loaded plugin updater (category:base,tabindex:12)
2024-11-16 14:47:43,593 [INFO] PluginManage:310 - Check plugin userauth
2024-11-16 14:47:43,597 [INFO] UserAuth:114 - Init User Auth plugin
2024-11-16 14:47:43,597 [INFO] PluginManage:359 - Loaded plugin userauth (category:base,tabindex:14)
2024-11-16 14:47:43,598 [INFO] PluginManage:283 - PluginManage : Loaded plugins [17]
2024-11-16 14:47:43,767 [INFO] PinOutPanel:1561 - setPackage(No Configuration,No Configuration)
2024-11-16 14:47:43,829 [INFO] CADModel:165 - CPN selected for project level
2024-11-16 14:47:43,830 [INFO] CADModel:114 - Register for checkConnection events
2024-11-16 14:47:43,852 [INFO] IPUIPlugin:80 - create IPUIPlugin
2024-11-16 14:47:43,852 [INFO] PluginManager:220 - loadIPPluginJar : add adc
2024-11-16 14:47:43,880 [INFO] IPUIPlugin:80 - create IPUIPlugin
2024-11-16 14:47:43,880 [INFO] PluginManager:220 - loadIPPluginJar : add aes
2024-11-16 14:47:43,908 [INFO] IPUIPlugin:80 - create IPUIPlugin
2024-11-16 14:47:43,908 [INFO] PluginManager:220 - loadIPPluginJar : add can
2024-11-16 14:47:43,926 [INFO] IPUIPlugin:80 - create IPUIPlugin
2024-11-16 14:47:43,926 [INFO] PluginManager:220 - loadIPPluginJar : add comp
2024-11-16 14:47:43,950 [INFO] IPUIPlugin:80 - create IPUIPlugin
2024-11-16 14:47:43,950 [INFO] PluginManager:220 - loadIPPluginJar : add cryp
2024-11-16 14:47:43,970 [INFO] IPUIPlugin:80 - create IPUIPlugin
2024-11-16 14:47:43,970 [INFO] PluginManager:220 - loadIPPluginJar : add dfsdm
2024-11-16 14:47:43,981 [INFO] IPUIPlugin:80 - create IPUIPlugin
2024-11-16 14:47:43,982 [INFO] PluginManager:220 - loadIPPluginJar : add dma
2024-11-16 14:47:44,013 [INFO] IPUIPlugin:80 - create IPUIPlugin
2024-11-16 14:47:44,013 [INFO] PluginManager:220 - loadIPPluginJar : add dma3
2024-11-16 14:47:44,045 [INFO] IPUIPlugin:80 - create IPUIPlugin
2024-11-16 14:47:44,045 [INFO] PluginManager:220 - loadIPPluginJar : add extmemmanager
2024-11-16 14:47:44,063 [INFO] IPUIPlugin:80 - create IPUIPlugin
2024-11-16 14:47:44,063 [INFO] PluginManager:220 - loadIPPluginJar : add fatfs
2024-11-16 14:47:44,102 [INFO] IPUIPlugin:80 - create IPUIPlugin
2024-11-16 14:47:44,102 [INFO] PluginManager:220 - loadIPPluginJar : add fmc
2024-11-16 14:47:44,114 [INFO] IPUIPlugin:80 - create IPUIPlugin
2024-11-16 14:47:44,114 [INFO] PluginManager:220 - loadIPPluginJar : add freertos
2024-11-16 14:47:44,132 [INFO] IPUIPlugin:80 - create IPUIPlugin
2024-11-16 14:47:44,132 [INFO] PluginManager:220 - loadIPPluginJar : add genericplugin
2024-11-16 14:47:44,201 [INFO] IPUIPlugin:80 - create IPUIPlugin
2024-11-16 14:47:44,201 [INFO] PluginManager:220 - loadIPPluginJar : add gfxmmu
2024-11-16 14:47:44,286 [INFO] IPUIPlugin:80 - create IPUIPlugin
2024-11-16 14:47:44,286 [INFO] PluginManager:220 - loadIPPluginJar : add gic
2024-11-16 14:47:44,297 [INFO] IPUIPlugin:80 - create IPUIPlugin
2024-11-16 14:47:44,297 [INFO] PluginManager:220 - loadIPPluginJar : add gpio
2024-11-16 14:47:44,357 [INFO] IPUIPlugin:80 - create IPUIPlugin
2024-11-16 14:47:44,357 [INFO] PluginManager:220 - loadIPPluginJar : add gtzc
2024-11-16 14:47:44,379 [INFO] IPUIPlugin:80 - create IPUIPlugin
2024-11-16 14:47:44,379 [INFO] PluginManager:220 - loadIPPluginJar : add hash
2024-11-16 14:47:44,412 [INFO] IPUIPlugin:80 - create IPUIPlugin
2024-11-16 14:47:44,412 [INFO] PluginManager:220 - loadIPPluginJar : add i2c
2024-11-16 14:47:44,438 [INFO] IPUIPlugin:80 - create IPUIPlugin
2024-11-16 14:47:44,438 [INFO] PluginManager:220 - loadIPPluginJar : add i2s
2024-11-16 14:47:44,464 [INFO] IPUIPlugin:80 - create IPUIPlugin
2024-11-16 14:47:44,464 [INFO] PluginManager:220 - loadIPPluginJar : add i3c
2024-11-16 14:47:44,533 [INFO] IPUIPlugin:80 - create IPUIPlugin
2024-11-16 14:47:44,533 [INFO] PluginManager:220 - loadIPPluginJar : add ipddr
2024-11-16 14:47:44,594 [INFO] IPUIPlugin:80 - create IPUIPlugin
2024-11-16 14:47:44,594 [INFO] PluginManager:220 - loadIPPluginJar : add linkedlist
2024-11-16 14:47:44,618 [INFO] IPUIPlugin:80 - create IPUIPlugin
2024-11-16 14:47:44,619 [INFO] PluginManager:220 - loadIPPluginJar : add lorawan
2024-11-16 14:47:44,645 [INFO] IPUIPlugin:80 - create IPUIPlugin
2024-11-16 14:47:44,645 [INFO] PluginManager:220 - loadIPPluginJar : add ltdc
2024-11-16 14:47:44,657 [INFO] IPUIPlugin:80 - create IPUIPlugin
2024-11-16 14:47:44,657 [INFO] PluginManager:220 - loadIPPluginJar : add mdma
2024-11-16 14:47:44,666 [INFO] IPUIPlugin:80 - create IPUIPlugin
2024-11-16 14:47:44,667 [INFO] PluginManager:220 - loadIPPluginJar : add nvic
2024-11-16 14:47:44,694 [INFO] IPUIPlugin:80 - create IPUIPlugin
2024-11-16 14:47:44,694 [INFO] PluginManager:220 - loadIPPluginJar : add opamp
2024-11-16 14:47:44,735 [INFO] IPUIPlugin:80 - create IPUIPlugin
2024-11-16 14:47:44,735 [INFO] PluginManager:220 - loadIPPluginJar : add openamp
2024-11-16 14:47:44,764 [INFO] IPUIPlugin:80 - create IPUIPlugin
2024-11-16 14:47:44,764 [INFO] PluginManager:220 - loadIPPluginJar : add pdm2pcm
2024-11-16 14:47:44,775 [INFO] IPUIPlugin:80 - create IPUIPlugin
2024-11-16 14:47:44,777 [INFO] PluginManager:220 - loadIPPluginJar : add plateformsettings
2024-11-16 14:47:44,795 [INFO] IPUIPlugin:80 - create IPUIPlugin
2024-11-16 14:47:44,795 [INFO] PluginManager:220 - loadIPPluginJar : add quadspi
2024-11-16 14:47:44,805 [INFO] IPUIPlugin:80 - create IPUIPlugin
2024-11-16 14:47:44,805 [INFO] PluginManager:220 - loadIPPluginJar : add resmgrutility
2024-11-16 14:47:44,837 [INFO] IPUIPlugin:80 - create IPUIPlugin
2024-11-16 14:47:44,837 [INFO] PluginManager:220 - loadIPPluginJar : add sai
2024-11-16 14:47:44,862 [INFO] IPUIPlugin:80 - create IPUIPlugin
2024-11-16 14:47:44,862 [INFO] PluginManager:220 - loadIPPluginJar : add spi
2024-11-16 14:47:44,907 [INFO] IPUIPlugin:80 - create IPUIPlugin
2024-11-16 14:47:44,907 [INFO] PluginManager:220 - loadIPPluginJar : add stm32_wpan
2024-11-16 14:47:44,929 [INFO] IPUIPlugin:80 - create IPUIPlugin
2024-11-16 14:47:44,929 [INFO] PluginManager:220 - loadIPPluginJar : add tim
2024-11-16 14:47:44,986 [INFO] IPUIPlugin:80 - create IPUIPlugin
2024-11-16 14:47:44,986 [INFO] PluginManager:220 - loadIPPluginJar : add touchsensing
2024-11-16 14:47:45,022 [INFO] IPUIPlugin:80 - create IPUIPlugin
2024-11-16 14:47:45,022 [INFO] PluginManager:220 - loadIPPluginJar : add tracer_emb
2024-11-16 14:47:45,046 [INFO] IPUIPlugin:80 - create IPUIPlugin
2024-11-16 14:47:45,046 [INFO] PluginManager:220 - loadIPPluginJar : add ts
2024-11-16 14:47:45,068 [INFO] IPUIPlugin:80 - create IPUIPlugin
2024-11-16 14:47:45,069 [INFO] PluginManager:220 - loadIPPluginJar : add tsc
2024-11-16 14:47:45,089 [INFO] IPUIPlugin:80 - create IPUIPlugin
2024-11-16 14:47:45,089 [INFO] PluginManager:220 - loadIPPluginJar : add ucpd
2024-11-16 14:47:45,128 [INFO] IPUIPlugin:80 - create IPUIPlugin
2024-11-16 14:47:45,128 [INFO] PluginManager:220 - loadIPPluginJar : add usart
2024-11-16 14:47:45,171 [INFO] IPUIPlugin:80 - create IPUIPlugin
2024-11-16 14:47:45,171 [INFO] PluginManager:220 - loadIPPluginJar : add usbx
2024-11-16 14:47:45,289 [INFO] CADModel:165 - CPN selected for project level
2024-11-16 14:47:45,289 [INFO] CADModel:114 - Register for checkConnection events
2024-11-16 14:47:45,289 [FATAL] Updater:308 - Updater called before beeing initialized
2024-11-16 14:47:45,289 [ERROR] CADModel:125 - Updater not yet initialized, retry later 
2024-11-16 14:47:45,392 [INFO] CADModel:165 - CPN selected for project level
2024-11-16 14:47:45,392 [INFO] CADModel:114 - Register for checkConnection events
2024-11-16 14:47:45,392 [FATAL] Updater:308 - Updater called before beeing initialized
2024-11-16 14:47:45,392 [ERROR] CADModel:125 - Updater not yet initialized, retry later 
2024-11-16 14:47:45,395 [FATAL] Updater:308 - Updater called before beeing initialized
2024-11-16 14:47:45,473 [FATAL] Updater:308 - Updater called before beeing initialized
2024-11-16 14:47:45,485 [INFO] DbMcusAds:53 - JSON generation date=Fri Sep 20 09:04:38 EDT 2024 (1726837478367)
2024-11-16 14:47:45,486 [FATAL] Updater:308 - Updater called before beeing initialized
2024-11-16 14:47:45,560 [WARN] DetailPanel:346 - Failed to get advertising image, set to default
2024-11-16 14:47:45,633 [FATAL] Updater:308 - Updater called before beeing initialized
2024-11-16 14:47:45,639 [FATAL] Updater:308 - Updater called before beeing initialized
2024-11-16 14:47:45,640 [FATAL] Updater:308 - Updater called before beeing initialized
2024-11-16 14:47:45,640 [WARN] DetailPanel:346 - Failed to get advertising image, set to default
2024-11-16 14:47:45,640 [FATAL] Updater:308 - Updater called before beeing initialized
2024-11-16 14:47:45,695 [ERROR] Updater:1120 - MainUpdater not yet initialized. External WinMGr cannot be set.
2024-11-16 14:47:45,703 [INFO] Updater:1056 - Updater Version found : 6.11.1
2024-11-16 14:47:45,718 [INFO] ApplicationProperties:184 - Using Application install path: C:\ST\STM32CubeIDE_1.15.1\STM32CubeIDE\plugins\com.st.stm32cube.common.mx_6.11.1.202404110753
2024-11-16 14:47:46,415 [INFO] ThirdPartyUpdaterWithRetryManager:70 - Updater plugin not ready yet. [2/15]
2024-11-16 14:47:47,291 [ERROR] LogOutputStream:75 - [STDERR_REDIRECT] Nov 16, 2024 2:47:47 PM java.util.prefs.WindowsPreferences <init>
2024-11-16 14:47:47,292 [ERROR] LogOutputStream:75 - [STDERR_REDIRECT] WARNING: Could not open/create prefs root node Software\JavaSoft\Prefs at root 0xffffffff80000002. Windows RegCreateKeyEx(...) returned error code 5.
2024-11-16 14:47:47,293 [ERROR] LogOutputStream:75 - [STDERR_REDIRECT] 
2024-11-16 14:47:47,666 [INFO] MainUpdater:2873 - connection check result : 10
2024-11-16 14:47:47,667 [INFO] MainUpdater:290 - Updater Check For Update Now.
2024-11-16 14:47:47,667 [INFO] MicroXplorer:498 - Change Database Version : DB.6.0.111
2024-11-16 14:47:47,693 [INFO] McuFinderGlobals:63 - Set McuFinder mode to 2 (CubeIDE integrated)
2024-11-16 14:47:47,706 [INFO] UserAuth:415 - Internet connection configuration mode: 1
2024-11-16 14:47:47,744 [INFO] JxBrowserEngine:152 - Initiate JxBrowser Engine with user profile folder
2024-11-16 14:47:47,892 [INFO] CheckServerUpdateThread:120 - End of CheckServer Thread
2024-11-16 14:47:49,573 [WARN] PackLoader:240 - Cannot read IP mode file for STMicroelectronics.FP-SNS-MOTENVWB1.1.4.0
2024-11-16 14:47:49,584 [WARN] PackLoader:240 - Cannot read IP mode file for STMicroelectronics.FP-ATR-ASTRA1.2.0.1
2024-11-16 14:47:49,595 [WARN] PackLoader:240 - Cannot read IP mode file for STMicroelectronics.X-CUBE-SMBUS.2.1.0
2024-11-16 14:47:49,609 [WARN] PackLoader:240 - Cannot read IP mode file for STMicroelectronics.X-CUBE-WB05N.1.1.0
2024-11-16 14:47:49,620 [WARN] PackLoader:240 - Cannot read IP mode file for STMicroelectronics.X-CUBE-TOUCHGFX.4.23.2
2024-11-16 14:47:49,650 [WARN] PackLoader:240 - Cannot read IP mode file for STMicroelectronics.X-CUBE-AZRTOS-F7.1.1.0
2024-11-16 14:47:49,708 [WARN] PackLoader:240 - Cannot read IP mode file for STMicroelectronics.X-CUBE-MEMS1.11.0.0
2024-11-16 14:47:49,817 [WARN] PackLoader:240 - Cannot read IP mode file for STMicroelectronics.FP-SNS-FLIGHT1.5.0.2
2024-11-16 14:47:49,846 [WARN] PackLoader:240 - Cannot read IP mode file for STMicroelectronics.X-CUBE-DISPLAY.3.0.0
2024-11-16 14:47:49,861 [WARN] PackLoader:240 - Cannot read IP mode file for STMicroelectronics.X-CUBE-BLE1.7.0.0
2024-11-16 14:47:49,876 [WARN] PackLoader:240 - Cannot read IP mode file for STMicroelectronics.X-CUBE-NFC10.1.0.0
2024-11-16 14:47:49,891 [WARN] PackLoader:240 - Cannot read IP mode file for emotas.I-CUBE-CANOPEN.1.3.0
2024-11-16 14:47:49,906 [WARN] PackLoader:240 - Cannot read IP mode file for STMicroelectronics.X-CUBE-BLEMGR.3.1.0
2024-11-16 14:47:49,918 [WARN] PackLoader:240 - Cannot read IP mode file for STMicroelectronics.FP-SNS-SMARTAG2.1.2.0
2024-11-16 14:47:49,937 [INFO] LogOutputStream:77 - [STDOUT_REDIRECT] 1 : Invalid condition id : UX_CORESTACK_Condition cause : null
2024-11-16 14:47:49,938 [INFO] LogOutputStream:77 - [STDOUT_REDIRECT] 1 : Invalid condition id : UX_CORESTACK_Condition cause : null
2024-11-16 14:47:49,939 [INFO] LogOutputStream:77 - [STDOUT_REDIRECT] 1 : Invalid condition id : UX_CORESTACK_Condition cause : null
2024-11-16 14:47:49,939 [INFO] LogOutputStream:77 - [STDOUT_REDIRECT] 1 : Invalid condition id : UX_CORESTACK_Condition cause : null
2024-11-16 14:47:49,940 [INFO] LogOutputStream:77 - [STDOUT_REDIRECT] 1 : Invalid condition id : UX_CORESTACK_Condition cause : null
2024-11-16 14:47:49,942 [WARN] PackLoader:240 - Cannot read IP mode file for STMicroelectronics.X-CUBE-AZRTOS-WL.2.0.0
2024-11-16 14:47:49,954 [WARN] PackLoader:240 - Cannot read IP mode file for STMicroelectronics.FP-SNS-MOTENV1.5.0.0
2024-11-16 14:47:49,963 [WARN] PackLoader:240 - Cannot read IP mode file for wolfSSL.I-CUBE-wolfMQTT.1.19.0
2024-11-16 14:47:49,976 [WARN] PackLoader:240 - Cannot read IP mode file for WES.I-CUBE-Cesium.1.3.0
2024-11-16 14:47:49,987 [WARN] PackLoader:240 - Cannot read IP mode file for STMicroelectronics.X-CUBE-BLE2.3.3.0
2024-11-16 14:47:49,999 [WARN] PackLoader:240 - Cannot read IP mode file for STMicroelectronics.X-CUBE-NFC9.1.0.0
2024-11-16 14:47:50,010 [WARN] PackLoader:240 - Cannot read IP mode file for STMicroelectronics.X-CUBE-TCPP.4.1.0
2024-11-16 14:47:50,034 [WARN] PackLoader:240 - Cannot read IP mode file for STMicroelectronics.X-CUBE-AZRTOS-G0.1.1.0
2024-11-16 14:47:50,048 [WARN] PackLoader:240 - Cannot read IP mode file for STMicroelectronics.X-CUBE-SAFEA1.1.2.2
2024-11-16 14:47:50,060 [WARN] PackLoader:240 - Cannot read IP mode file for STMicroelectronics.X-CUBE-NFC4.3.0.0
2024-11-16 14:47:50,077 [WARN] PackLoader:240 - Cannot read IP mode file for EmbeddedOffice.I-CUBE-FS-RTOS.1.0.1
2024-11-16 14:47:50,078 [ERROR] ConditionMgr:805 - Attr not supported : Dmpu
2024-11-16 14:47:50,078 [ERROR] ConditionMgr:805 - Attr not supported : Dmpu
2024-11-16 14:47:50,078 [ERROR] ConditionMgr:805 - Attr not supported : Dmpu
2024-11-16 14:47:50,078 [ERROR] ConditionMgr:805 - Attr not supported : Dmpu
2024-11-16 14:47:50,078 [ERROR] ConditionMgr:805 - Attr not supported : Dmpu
2024-11-16 14:47:50,078 [ERROR] ConditionMgr:805 - Attr not supported : Dmpu
2024-11-16 14:47:50,078 [ERROR] ConditionMgr:805 - Attr not supported : Dmpu
2024-11-16 14:47:50,078 [ERROR] ConditionMgr:805 - Attr not supported : Dmpu
2024-11-16 14:47:50,079 [ERROR] ConditionMgr:805 - Attr not supported : Dmpu
2024-11-16 14:47:50,079 [ERROR] ConditionMgr:805 - Attr not supported : Dmpu
2024-11-16 14:47:50,079 [ERROR] ConditionMgr:805 - Attr not supported : Dmpu
2024-11-16 14:47:50,079 [ERROR] ConditionMgr:805 - Attr not supported : Dmpu
2024-11-16 14:47:50,079 [ERROR] ConditionMgr:805 - Attr not supported : Dmpu
2024-11-16 14:47:50,079 [ERROR] ConditionMgr:805 - Attr not supported : Dmpu
2024-11-16 14:47:50,079 [ERROR] ConditionMgr:805 - Attr not supported : Dmpu
2024-11-16 14:47:50,079 [ERROR] ConditionMgr:805 - Attr not supported : Dmpu
2024-11-16 14:47:50,079 [ERROR] ConditionMgr:805 - Attr not supported : Dmpu
2024-11-16 14:47:50,079 [ERROR] ConditionMgr:805 - Attr not supported : Dmpu
2024-11-16 14:47:50,079 [ERROR] ConditionMgr:805 - Attr not supported : Dmpu
2024-11-16 14:47:50,079 [ERROR] ConditionMgr:805 - Attr not supported : Dmpu
2024-11-16 14:47:50,079 [ERROR] ConditionMgr:805 - Attr not supported : Dmpu
2024-11-16 14:47:50,079 [ERROR] ConditionMgr:805 - Attr not supported : Dmpu
2024-11-16 14:47:50,080 [ERROR] ConditionMgr:805 - Attr not supported : Dmpu
2024-11-16 14:47:50,080 [ERROR] ConditionMgr:805 - Attr not supported : Dmpu
2024-11-16 14:47:50,080 [ERROR] ConditionMgr:805 - Attr not supported : Dmpu
2024-11-16 14:47:50,080 [ERROR] ConditionMgr:805 - Attr not supported : Dmpu
2024-11-16 14:47:50,080 [ERROR] ConditionMgr:805 - Attr not supported : Dmpu
2024-11-16 14:47:50,080 [ERROR] ConditionMgr:805 - Attr not supported : Dmpu
2024-11-16 14:47:50,080 [ERROR] ConditionMgr:805 - Attr not supported : Dmpu
2024-11-16 14:47:50,080 [ERROR] ConditionMgr:805 - Attr not supported : Dmpu
2024-11-16 14:47:50,080 [ERROR] ConditionMgr:805 - Attr not supported : Dmpu
2024-11-16 14:47:50,080 [ERROR] ConditionMgr:805 - Attr not supported : Dmpu
2024-11-16 14:47:50,080 [ERROR] ConditionMgr:805 - Attr not supported : Dmpu
2024-11-16 14:47:50,080 [ERROR] ConditionMgr:805 - Attr not supported : Dmpu
2024-11-16 14:47:50,081 [ERROR] ConditionMgr:805 - Attr not supported : Dmpu
2024-11-16 14:47:50,081 [ERROR] ConditionMgr:805 - Attr not supported : Dmpu
2024-11-16 14:47:50,081 [ERROR] ConditionMgr:805 - Attr not supported : Dmpu
2024-11-16 14:47:50,081 [ERROR] ConditionMgr:805 - Attr not supported : Dmpu
2024-11-16 14:47:50,081 [ERROR] ConditionMgr:805 - Attr not supported : Dmpu
2024-11-16 14:47:50,081 [ERROR] ConditionMgr:805 - Attr not supported : Dmpu
2024-11-16 14:47:50,081 [ERROR] ConditionMgr:805 - Attr not supported : Dmpu
2024-11-16 14:47:50,081 [ERROR] ConditionMgr:805 - Attr not supported : Dmpu
2024-11-16 14:47:50,081 [ERROR] ConditionMgr:805 - Attr not supported : Dmpu
2024-11-16 14:47:50,081 [ERROR] ConditionMgr:805 - Attr not supported : Dmpu
2024-11-16 14:47:50,081 [ERROR] ConditionMgr:805 - Attr not supported : Dmpu
2024-11-16 14:47:50,081 [ERROR] ConditionMgr:805 - Attr not supported : Dmpu
2024-11-16 14:47:50,081 [ERROR] ConditionMgr:805 - Attr not supported : Dmpu
2024-11-16 14:47:50,081 [ERROR] ConditionMgr:805 - Attr not supported : Dmpu
2024-11-16 14:47:50,081 [ERROR] ConditionMgr:805 - Attr not supported : Dmpu
2024-11-16 14:47:50,081 [ERROR] ConditionMgr:805 - Attr not supported : Dmpu
2024-11-16 14:47:50,081 [ERROR] ConditionMgr:805 - Attr not supported : Dmpu
2024-11-16 14:47:50,081 [ERROR] ConditionMgr:805 - Attr not supported : Dmpu
2024-11-16 14:47:50,081 [ERROR] ConditionMgr:805 - Attr not supported : Dmpu
2024-11-16 14:47:50,082 [ERROR] ConditionMgr:805 - Attr not supported : Dmpu
2024-11-16 14:47:50,082 [ERROR] ConditionMgr:805 - Attr not supported : Dmpu
2024-11-16 14:47:50,082 [ERROR] ConditionMgr:805 - Attr not supported : Dmpu
2024-11-16 14:47:50,082 [ERROR] ConditionMgr:805 - Attr not supported : Dmpu
2024-11-16 14:47:50,082 [ERROR] ConditionMgr:805 - Attr not supported : Dmpu
2024-11-16 14:47:50,082 [ERROR] ConditionMgr:805 - Attr not supported : Dmpu
2024-11-16 14:47:50,082 [ERROR] ConditionMgr:805 - Attr not supported : Dmpu
2024-11-16 14:47:50,082 [ERROR] ConditionMgr:805 - Attr not supported : Dmpu
2024-11-16 14:47:50,082 [ERROR] ConditionMgr:805 - Attr not supported : Dmpu
2024-11-16 14:47:50,082 [ERROR] ConditionMgr:805 - Attr not supported : Dmpu
2024-11-16 14:47:50,082 [ERROR] ConditionMgr:805 - Attr not supported : Dmpu
2024-11-16 14:47:50,095 [WARN] PackLoader:240 - Cannot read IP mode file for RealThread.X-CUBE-RT-Thread_Nano.4.1.1
2024-11-16 14:47:50,107 [WARN] PackLoader:240 - Cannot read IP mode file for wolfSSL.I-CUBE-wolfSSL.5.7.0
2024-11-16 14:47:50,117 [WARN] PackLoader:240 - Cannot read IP mode file for STMicroelectronics.FP-ATR-SIGFOX1.3.2.0
2024-11-16 14:47:50,127 [WARN] ConditionMgr:438 - getConditionDescription Invalid condition id : Cortex-A Device cause : null
2024-11-16 14:47:50,146 [WARN] ConditionMgr:1039 - genDependencies : Invalid condition id : Cortex-A Device cause : null
2024-11-16 14:47:50,146 [WARN] ConditionMgr:1039 - genDependencies : Invalid condition id : Cortex-A Device cause : null
2024-11-16 14:47:50,146 [WARN] ConditionMgr:1039 - genDependencies : Invalid condition id : Cortex-A Device cause : null
2024-11-16 14:47:50,159 [WARN] PackLoader:240 - Cannot read IP mode file for STMicroelectronics.X-CUBE-EEPRMA1.5.1.0
2024-11-16 14:47:50,172 [WARN] PackLoader:240 - Cannot read IP mode file for ITTIA_DB.I-CUBE-ITTIADB.8.9.0
2024-11-16 14:47:50,210 [WARN] PackLoader:240 - Cannot read IP mode file for SEGGER.I-CUBE-embOS.1.3.1
2024-11-16 14:47:50,238 [WARN] PackLoader:240 - Cannot read IP mode file for STMicroelectronics.X-CUBE-ALGOBUILD.1.4.0
2024-11-16 14:47:50,248 [WARN] PackLoader:240 - Cannot read IP mode file for STMicroelectronics.X-CUBE-AI.9.1.0
2024-11-16 14:47:50,259 [WARN] PackLoader:240 - Cannot read IP mode file for STMicroelectronics.X-CUBE-GNSS1.6.0.0
2024-11-16 14:47:50,277 [WARN] PackLoader:240 - Cannot read IP mode file for STMicroelectronics.X-CUBE-AZRTOS-F4.1.1.0
2024-11-16 14:47:50,286 [WARN] PackLoader:240 - Cannot read IP mode file for STMicroelectronics.X-CUBE-ISPU.2.1.0
2024-11-16 14:47:50,295 [WARN] PackLoader:240 - Cannot read IP mode file for STMicroelectronics.X-CUBE-FREERTOS.1.2.0
2024-11-16 14:47:50,312 [WARN] PackLoader:240 - Cannot read IP mode file for STMicroelectronics.X-CUBE-AZRTOS-L5.2.0.0
2024-11-16 14:47:50,325 [WARN] PackLoader:240 - Cannot read IP mode file for STMicroelectronics.X-CUBE-NFC6.3.1.0
2024-11-16 14:47:50,336 [WARN] PackLoader:240 - Cannot read IP mode file for STMicroelectronics.X-CUBE-DPower.1.2.0
2024-11-16 14:47:50,346 [WARN] PackLoader:240 - Cannot read IP mode file for STMicroelectronics.X-CUBE-AI.9.0.0
2024-11-16 14:47:50,357 [WARN] PackLoader:240 - Cannot read IP mode file for STMicroelectronics.X-CUBE-NFC7.1.0.1
2024-11-16 14:47:50,376 [WARN] ConditionMgr:438 - getConditionDescription Invalid condition id : LAN8742 Phy interface Condition cause : null
2024-11-16 14:47:50,377 [WARN] PackLoader:240 - Cannot read IP mode file for STMicroelectronics.X-CUBE-AZRTOS-L4.2.0.0
2024-11-16 14:47:50,377 [WARN] ConditionMgr:1039 - genDependencies : Invalid condition id : LAN8742 Phy interface Condition cause : null
2024-11-16 14:47:50,377 [WARN] ConditionMgr:1039 - genDependencies : Invalid condition id : LAN8742 Phy interface Condition cause : null
2024-11-16 14:47:50,378 [WARN] ConditionMgr:1039 - genDependencies : Invalid condition id : LAN8742 Phy interface Condition cause : null
2024-11-16 14:47:50,391 [WARN] PackLoader:240 - Cannot read IP mode file for STMicroelectronics.X-CUBE-SFXS2LP1.4.0.0
2024-11-16 14:47:50,415 [WARN] PackLoader:240 - Cannot read IP mode file for STMicroelectronics.X-CUBE-AZRTOS-H7.3.3.0
2024-11-16 14:47:50,440 [WARN] PackLoader:240 - Cannot read IP mode file for STMicroelectronics.X-CUBE-IPS.3.0.0
2024-11-16 14:47:50,462 [WARN] ConditionMgr:438 - getConditionDescription Invalid condition id : UX DEVICE CLASS RTOS Condition cause : null
2024-11-16 14:47:50,462 [WARN] ConditionMgr:438 - getConditionDescription Invalid condition id : UX DEVICE CLASS RTOS Condition cause : null
2024-11-16 14:47:50,463 [WARN] PackLoader:240 - Cannot read IP mode file for STMicroelectronics.X-CUBE-AZRTOS-WB.2.0.0
2024-11-16 14:47:50,463 [WARN] ConditionMgr:1039 - genDependencies : Invalid condition id : UX DEVICE CLASS RTOS Condition cause : null
2024-11-16 14:47:50,463 [WARN] ConditionMgr:1039 - genDependencies : Invalid condition id : UX DEVICE CLASS RTOS Condition cause : null
2024-11-16 14:47:50,464 [WARN] ConditionMgr:1039 - genDependencies : Invalid condition id : UX DEVICE CLASS RTOS Condition cause : null
2024-11-16 14:47:50,464 [WARN] ConditionMgr:1039 - genDependencies : Invalid condition id : UX DEVICE CLASS RTOS Condition cause : null
2024-11-16 14:47:50,464 [WARN] ConditionMgr:1039 - genDependencies : Invalid condition id : UX DEVICE CLASS RTOS Condition cause : null
2024-11-16 14:47:50,475 [WARN] PackLoader:240 - Cannot read IP mode file for STMicroelectronics.X-CUBE-GNSS1.7.0.0
2024-11-16 14:47:50,487 [WARN] PackLoader:240 - Cannot read IP mode file for STMicroelectronics.FP-SNS-STBOX1.2.0.0
2024-11-16 14:47:50,504 [WARN] PackLoader:240 - Cannot read IP mode file for STMicroelectronics.X-CUBE-SUBG2.5.0.0
2024-11-16 14:47:50,518 [WARN] PackLoader:240 - Cannot read IP mode file for Cesanta.I-CUBE-Mongoose.7.13.0
2024-11-16 14:47:50,537 [WARN] PackLoader:240 - Cannot read IP mode file for STMicroelectronics.X-CUBE-AZRTOS-G4.2.0.0
2024-11-16 14:47:50,551 [WARN] PackLoader:240 - Cannot read IP mode file for STMicroelectronics.X-CUBE-ISPU.2.0.0
2024-11-16 14:47:50,561 [WARN] PackLoader:240 - Cannot read IP mode file for STMicroelectronics.X-CUBE-ALS.1.0.2
2024-11-16 14:47:50,596 [WARN] PackLoader:240 - Cannot read IP mode file for STMicroelectronics.X-CUBE-MEMS1.10.0.0
2024-11-16 14:47:50,665 [WARN] PackLoader:240 - Cannot read IP mode file for STMicroelectronics.X-CUBE-TOUCHGFX.4.24.0
2024-11-16 14:47:50,675 [WARN] PackLoader:240 - Cannot read IP mode file for STMicroelectronics.X-CUBE-TOUCHGFX.4.24.1
2024-11-16 14:47:50,686 [WARN] PackLoader:240 - Cannot read IP mode file for wolfSSL.I-CUBE-wolfTPM.3.4.0
2024-11-16 14:47:50,696 [WARN] PackLoader:240 - Cannot read IP mode file for portGmbH.I-Cube-SoM-uGOAL.1.1.0
2024-11-16 14:47:50,714 [WARN] PackLoader:240 - Cannot read IP mode file for STMicroelectronics.X-CUBE-AZRTOS-H7RS.1.0.0
2024-11-16 14:47:50,725 [WARN] PackLoader:240 - Cannot read IP mode file for STMicroelectronics.FP-ATR-ASTRA1.2.0.0
2024-11-16 14:47:50,741 [WARN] PackLoader:240 - Cannot read IP mode file for STMicroelectronics.X-CUBE-TOF1.3.4.2
2024-11-16 14:47:50,759 [WARN] PackLoader:240 - Cannot read IP mode file for STMicroelectronics.X-CUBE-TOF1.3.4.1
2024-11-16 14:47:50,790 [WARN] PackLoader:240 - Cannot read IP mode file for STMicroelectronics.X-CUBE-AZRTOS-H7.3.2.0
2024-11-16 14:47:50,822 [WARN] PackLoader:240 - Cannot read IP mode file for Infineon.AIROC-Wi-Fi-Bluetooth-STM32.1.6.0
2024-11-16 14:47:50,836 [WARN] PackLoader:240 - Cannot read IP mode file for wolfSSL.I-CUBE-wolfSSH.1.4.17
2024-11-16 14:47:50,837 [INFO] ThirdParty:978 - Integrity check success = true
2024-11-16 14:47:50,837 [INFO] IntegrityCheckThread:100 - exiting critical section [integrity check]
2024-11-16 14:47:50,837 [INFO] IntegrityCheckThread:103 - End integrity checks thread
2024-11-16 14:47:53,014 [INFO] WebApp:161 - Instantiating new browser for Auth
2024-11-16 14:47:53,387 [INFO] WebApp:779 - Register for checkConnection events
2024-11-16 14:47:53,387 [INFO] WebApp:414 - Apply proxy settings
2024-11-16 14:47:53,387 [INFO] WebApp:499 - Chromium requires no authentication
2024-11-16 14:47:53,392 [INFO] WebApp:442 - Direct internet connection detected
2024-11-16 14:47:53,515 [INFO] WebApp:192 - Starting web application
2024-11-16 14:47:53,515 [INFO] WebApp:544 - Web application path used C:\ST\STM32CubeIDE_1.15.1\STM32CubeIDE\plugins\com.st.stm32cube.common.mx_6.11.1.202404110753\db\plugins\mcufinder\reactClient1\index.html
2024-11-16 14:48:02,731 [INFO] McuFinderGlobals:63 - Set McuFinder mode to 2 (CubeIDE integrated)
2024-11-16 14:48:04,651 [INFO] MainUpdater:2873 - connection check result : 10
2024-11-16 14:48:04,657 [INFO] MainUpdater:2873 - connection check result : 10
2024-11-16 14:48:04,810 [INFO] MicroXplorer:468 - Change Database Path : 
2024-11-16 14:48:04,811 [INFO] MicroXplorer:498 - Change Database Version : DB.6.0.111
2024-11-16 14:48:04,819 [WARN] ThirdParty:871 - waiting for thirdparty lock release [close project]
2024-11-16 14:48:04,819 [INFO] ThirdParty:873 - entering critical section [close project]
2024-11-16 14:48:04,820 [INFO] ThirdParty:883 - exiting critical section [close project]
2024-11-16 14:48:04,821 [INFO] PinOutPanel:1561 - setPackage(No Configuration,No Configuration)
2024-11-16 14:48:04,823 [INFO] UtilMem:75 - Begin LoadConfig() Used Memory: 172195736 Bytes (268435456)
2024-11-16 14:48:04,827 [INFO] MicroXplorer:468 - Change Database Path : C:/Users/ethan/.stm32cubemx/databases/DB.6.0.30/db/
2024-11-16 14:48:04,827 [INFO] MicroXplorer:498 - Change Database Version : DB.6.0.30
2024-11-16 14:48:13,898 [INFO] OpenFileManager:312 - Change cursor
2024-11-16 14:48:13,960 [INFO] Mcu:2021 - Initializing MCU STM32F072R(8-B)Tx STM32F072RBTx STM32F072RBT6
2024-11-16 14:48:15,178 [INFO] Context:663 - Trying to add GPIOservice into a context  which must be forbidden
2024-11-16 14:48:15,600 [INFO] RtosManager:555 - Registered RTOS mode: class=CMSIS, group=RTOS, mode=CMSIS_V1, owner=FREERTOS
2024-11-16 14:48:15,600 [INFO] RtosManager:555 - Registered RTOS mode: class=CMSIS, group=RTOS2, mode=CMSIS_V2, owner=FREERTOS
2024-11-16 14:48:15,600 [INFO] RtosManager:555 - Registered RTOS mode: class=RTOS, group=Core, mode=CMSIS_V1, owner=FREERTOS
2024-11-16 14:48:15,600 [INFO] RtosManager:555 - Registered RTOS mode: class=RTOS, group=Core, mode=CMSIS_V2, owner=FREERTOS
2024-11-16 14:48:15,601 [WARN] ModelIntegratedComponent:184 - Missing modes for component STMicroelectronics:FreeRTOS:0.0.1:STMicroelectronics:RTOS:FreeRTOS:Core:::10.2.0:
2024-11-16 14:48:15,610 [WARN] ModelIntegratedComponent:63 - No mode defined for component null
2024-11-16 14:48:15,610 [WARN] ModelIntegratedComponent:63 - No mode defined for component null
2024-11-16 14:48:15,610 [WARN] ModelIntegratedComponent:63 - No mode defined for component null
2024-11-16 14:48:15,610 [WARN] ModelIntegratedComponent:63 - No mode defined for component null
2024-11-16 14:48:15,610 [WARN] ModelIntegratedComponent:63 - No mode defined for component null
2024-11-16 14:48:15,610 [WARN] ModelIntegratedComponent:63 - No mode defined for component null
2024-11-16 14:48:15,610 [WARN] ModelIntegratedComponent:63 - No mode defined for component null
2024-11-16 14:48:15,610 [WARN] ModelIntegratedComponent:63 - No mode defined for component null
2024-11-16 14:48:15,610 [WARN] ModelIntegratedComponent:63 - No mode defined for component null
2024-11-16 14:48:15,610 [WARN] ModelIntegratedComponent:63 - No mode defined for component null
2024-11-16 14:48:15,610 [WARN] ModelIntegratedComponent:63 - No mode defined for component null
2024-11-16 14:48:15,610 [WARN] ModelIntegratedComponent:63 - No mode defined for component null
2024-11-16 14:48:15,610 [WARN] ModelIntegratedComponent:63 - No mode defined for component null
2024-11-16 14:48:15,611 [WARN] ModelIntegratedComponent:63 - No mode defined for component null
2024-11-16 14:48:15,611 [WARN] ModelIntegratedComponent:63 - No mode defined for component null
2024-11-16 14:48:15,611 [WARN] ModelIntegratedComponent:63 - No mode defined for component null
2024-11-16 14:48:15,611 [WARN] ModelIntegratedComponent:63 - No mode defined for component null
2024-11-16 14:48:15,611 [WARN] ModelIntegratedComponent:63 - No mode defined for component null
2024-11-16 14:48:15,611 [WARN] ModelIntegratedComponent:63 - No mode defined for component null
2024-11-16 14:48:15,611 [WARN] ModelIntegratedComponent:63 - No mode defined for component null
2024-11-16 14:48:15,611 [WARN] ModelIntegratedComponent:63 - No mode defined for component null
2024-11-16 14:48:15,611 [WARN] ModelIntegratedComponent:63 - No mode defined for component null
2024-11-16 14:48:15,611 [WARN] ModelIntegratedComponent:63 - No mode defined for component null
2024-11-16 14:48:15,611 [WARN] ModelIntegratedComponent:63 - No mode defined for component null
2024-11-16 14:48:15,611 [WARN] ModelIntegratedComponent:63 - No mode defined for component null
2024-11-16 14:48:15,611 [WARN] ModelIntegratedComponent:63 - No mode defined for component null
2024-11-16 14:48:15,611 [WARN] ModelIntegratedComponent:63 - No mode defined for component null
2024-11-16 14:48:15,611 [WARN] ModelIntegratedComponent:63 - No mode defined for component null
2024-11-16 14:48:15,611 [WARN] ModelIntegratedComponent:63 - No mode defined for component null
2024-11-16 14:48:15,611 [WARN] ModelIntegratedComponent:63 - No mode defined for component null
2024-11-16 14:48:15,611 [WARN] ModelIntegratedComponent:63 - No mode defined for component null
2024-11-16 14:48:15,611 [WARN] ModelIntegratedComponent:63 - No mode defined for component null
2024-11-16 14:48:15,611 [WARN] ModelIntegratedComponent:63 - No mode defined for component null
2024-11-16 14:48:15,611 [WARN] ModelIntegratedComponent:63 - No mode defined for component null
2024-11-16 14:48:15,714 [INFO] ThirdPartyModel:298 - Start build external matchings
2024-11-16 14:48:16,045 [INFO] ThirdPartyModel:316 - End build external matchings
2024-11-16 14:48:16,065 [INFO] ImportTextPane:194 - (OptionalMessage_ERROR) IP (RCC) : Parameter (FLatency) has Id (AdvancedSettings) currently not set
2024-11-16 14:48:16,065 [INFO] ImportTextPane:194 - (OptionalMessage_ERROR) IP (RCC) : Invalid parameter (FamilyName)
2024-11-16 14:48:16,065 [INFO] ImportTextPane:194 - (OptionalMessage_ERROR) IP (RCC) : Invalid parameter (HSICECFreq_Value)
2024-11-16 14:48:16,066 [INFO] ImportTextPane:194 - (OptionalMessage_ERROR) IP (RCC) : Parameter (PREFETCH_ENABLE) has Id (AdvancedSettings) currently not set
2024-11-16 14:48:16,337 [INFO] ApiDb:581 - Connected to CubeFinder SQLite database (C:\Users\ethan\.stmcufinder\plugins\mcufinder\mcu\cube-finder-db.db)
2024-11-16 14:48:16,394 [INFO] ApiDb:668 - CubeFinder database Data Model version=2.1
2024-11-16 14:48:16,394 [INFO] ApiDb:669 - CubeFinder database Configuration version=3.0.39
2024-11-16 14:48:16,395 [INFO] ApiDb:670 - CubeFinder database generation date=2024-10-15 (1729006872)
2024-11-16 14:48:16,395 [INFO] ApiDb:671 - CubeFinder database FW Pack versions=[FP-ATR-ASTRA1_V2.0.0, FP-SNS-FLIGHT1_V5.0.2, FP-SNS-MOTENV1_V5.0.0, FP-SNS-MOTENVWB1_V1.4.0, FP-SNS-SMARTAG2_V1.2.0, FP-SNS-STBOX1_V2.0.0, STM32Cube_FW_C0_V1.2.0, STM32Cube_FW_F4_V1.28.1, STM32Cube_FW_F7_V1.17.2, STM32Cube_FW_G0_V1.6.2, STM32Cube_FW_G4_V1.6.0, STM32Cube_FW_H5_V1.3.0, STM32Cube_FW_H7RS_V1.1.0, STM32Cube_FW_H7_V1.11.2, STM32Cube_FW_L0_V1.12.2, STM32Cube_FW_L5_V1.5.1, STM32Cube_FW_U0_V1.1.0, STM32Cube_FW_U5_V1.6.0, STM32Cube_FW_WB0_V1.0.0, STM32Cube_FW_WBA_V1.4.1, STM32Cube_FW_WB_V1.20.0, STM32Cube_FW_WL_V1.3.0, X-CUBE-ALGOBUILD_V1.4.0, X-CUBE-ALS_V1.0.2, X-CUBE-AZRTOS-F4_V1.1.0, X-CUBE-AZRTOS-F7_V1.1.0, X-CUBE-AZRTOS-G0_V1.1.0, X-CUBE-AZRTOS-G4_V2.0.0, X-CUBE-AZRTOS-H7RS_V1.0.0, X-CUBE-AZRTOS-H7_V3.3.0, X-CUBE-AZRTOS-L4_V2.0.0, X-CUBE-AZRTOS-L5_V2.0.0, X-CUBE-AZRTOS-WB_V2.0.0, X-CUBE-AZRTOS-WL_V2.0.0, X-CUBE-BLE1_V7.0.0, X-CUBE-BLE2_V3.3.0, X-CUBE-BLEMGR_V3.1.0, X-CUBE-EEPRMA1_V5.1.0, X-CUBE-FREERTOS_V1.2.0, X-CUBE-GNSS1_V6.0.0, X-CUBE-MEMS1_V11.0.0, X-CUBE-NFC4_V3.0.0, X-CUBE-NFC7_V1.0.1, X-CUBE-SFXS2LP1_V4.0.0, X-CUBE-SUBG2_V5.0.0, X-CUBE-TOF1_V3.4.2]
2024-11-16 14:48:16,482 [INFO] DbBoardsSqlite:226 - include board P-NUCLEO-WB55-NUCLEO as a kit item of type 'Nucleo-64'
2024-11-16 14:48:16,482 [INFO] DbBoardsSqlite:226 - include board P-NUCLEO-WB55-USBDONGLE as a kit item of type 'Nucleo USB Dongle'
2024-11-16 14:48:16,483 [INFO] DbBoardsSqlite:226 - include board STEVAL-IDP005V1 as a kit item of type 'Evaluation Board'
2024-11-16 14:48:16,483 [INFO] DbBoardsSqlite:226 - include board STEVAL-IDP005V2 as a kit item of type 'Evaluation Board'
2024-11-16 14:48:16,668 [INFO] ApiDb:240 - Found 483 in-development CPN: [B-G473E-ZEST1S, B-WB1M-WPAN1, B-WL5M-SUBG1, NUCLEO-C031C6, NUCLEO-H503RB, NUCLEO-H533RE, NUCLEO-H563ZI, NUCLEO-H7S3L8, NUCLEO-U031R8, NUCLEO-U083RC, NUCLEO-U545RE-Q, NUCLEO-U5A5ZJ-Q, NUCLEO-WBA52CG, NUCLEO-WBA55CG, STEVAL-PROTEUS1, STEVAL-SMARTAG2, STEVAL-STWINBX1, STM320518-EVAL, STM32C0116-DK, STM32C011D6Y3TR, STM32C011D6Y6TR, STM32C011F4P3, STM32C011F4P6, STM32C011F4U3, STM32C011F4U6TR, STM32C011F6P3, STM32C011F6P6, STM32C011F6U3, STM32C011F6U6TR, STM32C011J4M3, STM32C011J4M6, STM32C011J6M3, STM32C011J6M6, STM32C0316-DK, STM32C031C4T3, STM32C031C4T6, STM32C031C4U3, STM32C031C4U6, STM32C031C6T3, STM32C031C6T6, STM32C031C6U3, STM32C031C6U6, STM32C031F4P3, STM32C031F4P6, STM32C031F6P3, STM32C031F6P6, STM32C031G4U3, STM32C031G4U6, STM32C031G6U3, STM32C031G6U6, STM32C031K4T3, STM32C031K4T6, STM32C031K4U3, STM32C031K4U6, STM32C031K6T3, STM32C031K6T6, STM32C031K6U3, STM32C031K6U6, STM32G071K8TXN, STM32G071K8UXN, STM32G081GBU6N, STM32G081KBT6N, STM32G081KBUXN, STM32G0B1CCT6N, STM32G0B1KCT6, STM32G0B1NEY6TR, STM32G0B1RCT6N, STM32G0C1CCT6, STM32G0C1CCT6N, STM32G0C1CCU6N, STM32G0C1CET6N, STM32G0C1CEU6N, STM32G0C1KCT6, STM32G0C1NEY6TR, STM32G0C1RCI6N, STM32G0C1RCT6N, STM32G0C1REI6N, STM32G0C1RET6N, STM32G0C1VCI6, STM32G0C1VEI6, STM32G471CCT6, STM32G471CCU6, STM32G471CET3, STM32G471CET6, STM32G471CEU3, STM32G471CEU6, STM32G471MCT6, STM32G471MET3, STM32G471MET6, STM32G471MEY6TR, STM32G471QCT6, STM32G471QET3, STM32G471RCT6, STM32G471RET3, STM32G471RET6, STM32G471VCH6, STM32G471VCI6, STM32G471VCT6, STM32G471VEH3, STM32G471VEH6, STM32G471VEI3, STM32G471VEI6, STM32G471VET3, STM32G471VET6, STM32G474CCT6, STM32H503CBT6, STM32H503CBU6, STM32H503EBY6TR, STM32H503KBU6, STM32H503RBT6, STM32H523CCT6, STM32H523CCU6, STM32H523CET6, STM32H523CEU6, STM32H523HEY6TR, STM32H523RCT6, STM32H523RET6, STM32H523VCI6, STM32H523VCT6, STM32H523VEI6, STM32H523VET6, STM32H523ZCJ6, STM32H523ZCT6, STM32H523ZEJ6, STM32H523ZET6, STM32H533CET6, STM32H533CEU6, STM32H533HEY6TR, STM32H533RET6, STM32H533VEI6, STM32H533VET6, STM32H533ZEJ6, STM32H533ZET6, STM32H562AGI6, STM32H562AII6, STM32H562IGK6, STM32H562IGT6, STM32H562IIK6, STM32H562IIT6, STM32H562RGT6, STM32H562RGV6, STM32H562RIT6, STM32H562RIV6, STM32H562VGT6, STM32H562VIT6, STM32H562ZGT6, STM32H562ZIT6, STM32H563AGI6, STM32H563AII3Q, STM32H563AII6, STM32H563IGK6, STM32H563IGT6, STM32H563IIK3Q, STM32H563IIK6, STM32H563IIT3Q, STM32H563IIT6, STM32H563MIY3QTR, STM32H563RGT6, STM32H563RGV6, STM32H563RIT6, STM32H563RIV6, STM32H563VGT6, STM32H563VIT3Q, STM32H563VIT6, STM32H563ZGT6, STM32H563ZIT3Q, STM32H563ZIT6, STM32H573AII3Q, STM32H573AII6, STM32H573I-DK, STM32H573IIK3Q, STM32H573IIK6, STM32H573IIT3Q, STM32H573IIT6, STM32H573MIY3QTR, STM32H573RIT6, STM32H573RIV6, STM32H573VIT3Q, STM32H573VIT6, STM32H573ZIT3Q, STM32H573ZIT6, STM32H7R3A8I6, STM32H7R3I8K6, STM32H7R3I8T6, STM32H7R3L8H6, STM32H7R3L8H6H, STM32H7R3R8V6, STM32H7R3V8H6, STM32H7R3V8T6, STM32H7R3V8Y6, STM32H7R3Z8J6, STM32H7R3Z8T6, STM32H7R7A8I6, STM32H7R7I8K6, STM32H7R7I8T6, STM32H7R7L8H6, STM32H7R7L8H6H, STM32H7R7Z8J6, STM32H7S3A8I6, STM32H7S3I8K6, STM32H7S3I8T6, STM32H7S3L8H6, STM32H7S3L8H6H, STM32H7S3R8V6, STM32H7S3V8H6, STM32H7S3V8T6, STM32H7S3V8Y6, STM32H7S3Z8J6, STM32H7S3Z8T6, STM32H7S78-DK, STM32H7S7A8I6, STM32H7S7I8K6, STM32H7S7I8T6, STM32H7S7L8H6, STM32H7S7L8H6H, STM32H7S7Z8J6, STM32L4R5QGI6STR, STM32MP131AAE3, STM32MP131AAF3, STM32MP131AAG3, STM32MP131CAE3, STM32MP131CAF3, STM32MP131CAG3, STM32MP131DAE7, STM32MP131DAF7, STM32MP131DAG7, STM32MP131FAE7, STM32MP131FAF7, STM32MP131FAG7, STM32MP133AAE3, STM32MP133AAF3, STM32MP133AAG3, STM32MP133CAE3, STM32MP133CAF3, STM32MP133CAG3, STM32MP133DAE7, STM32MP133DAF7, STM32MP133DAG7, STM32MP133FAE7, STM32MP133FAF7, STM32MP133FAG7, STM32MP135AAE3, STM32MP135AAF3, STM32MP135AAG3, STM32MP135CAE3, STM32MP135CAF3, STM32MP135CAG3, STM32MP135DAE7, STM32MP135DAF7, STM32MP135DAG7, STM32MP135F-DK, STM32MP135FAE7, STM32MP135FAF7, STM32MP135FAF7T, STM32MP135FAF7U, STM32MP135FAG7, STM32U031C6T6, STM32U031C6U6, STM32U031C8T6, STM32U031C8U6, STM32U031F4P6, STM32U031F6P6, STM32U031F8P6, STM32U031G6Y6TR, STM32U031G8Y6TR, STM32U031K4U6, STM32U031K6U6, STM32U031K8U6, STM32U031R6I6, STM32U031R6T6, STM32U031R8I6, STM32U031R8T6, STM32U073C8T6, STM32U073C8U6, STM32U073CBT6, STM32U073CBU6, STM32U073CCT6, STM32U073CCU6, STM32U073H8Y6TR, STM32U073HBY6TR, STM32U073HCY6TR, STM32U073K8U6, STM32U073KBU6, STM32U073KCU6, STM32U073M8I6, STM32U073M8T6, STM32U073MBI6, STM32U073MBT6, STM32U073MCI6, STM32U073MCT6, STM32U073R8I6, STM32U073R8T6, STM32U073RBI6, STM32U073RBT6, STM32U073RCI6, STM32U073RCT6, STM32U083C-DK, STM32U083CCT6, STM32U083CCU6, STM32U083HCY6TR, STM32U083KCU6, STM32U083MCI6, STM32U083MCT6, STM32U083RCI6, STM32U083RCT6, STM32U535CBT6, STM32U535CBT6Q, STM32U535CBU6, STM32U535CBU6Q, STM32U535CCT6, STM32U535CCT6Q, STM32U535CCU6, STM32U535CCU6Q, STM32U535CET6, STM32U535CET6Q, STM32U535CEU6, STM32U535CEU6Q, STM32U535JEY6QTR, STM32U535NCY6QTR, STM32U535NEY6QTR, STM32U535RBI6, STM32U535RBI6Q, STM32U535RBT6, STM32U535RBT6Q, STM32U535RCI6, STM32U535RCI6Q, STM32U535RCT6, STM32U535RCT6Q, STM32U535REI6, STM32U535REI6Q, STM32U535RET6, STM32U535RET6Q, STM32U535VCI6, STM32U535VCI6Q, STM32U535VCT6, STM32U535VCT6Q, STM32U535VEI6, STM32U535VEI6Q, STM32U535VET6, STM32U535VET6Q, STM32U545CET6, STM32U545CET6Q, STM32U545CEU6, STM32U545CEU6Q, STM32U545JEY6QTR, STM32U545NEY6QTR, STM32U545REI6, STM32U545REI6Q, STM32U545RET6, STM32U545RET6Q, STM32U545VEI6, STM32U545VEI6Q, STM32U545VET6, STM32U545VET6Q, STM32U595AIH6, STM32U595AIH6Q, STM32U595AJH6, STM32U595AJH6Q, STM32U595QII6, STM32U595QII6Q, STM32U595QJI6, STM32U595QJI6Q, STM32U595RIT6, STM32U595RIT6Q, STM32U595RJT6, STM32U595RJT6Q, STM32U595VIT6, STM32U595VIT6Q, STM32U595VJT6, STM32U595VJT6Q, STM32U595ZIT6, STM32U595ZIT6Q, STM32U595ZIY6QTR, STM32U595ZJT6, STM32U595ZJT6Q, STM32U595ZJY6QTR, STM32U599BJY6QTR, STM32U599NIH6Q, STM32U599NJH6Q, STM32U599VIT6Q, STM32U599VJT6, STM32U599VJT6Q, STM32U599ZIT6Q, STM32U599ZIY6QTR, STM32U599ZJT6Q, STM32U599ZJY6QTR, STM32U5A5AJH6, STM32U5A5AJH6Q, STM32U5A5QII3Q , STM32U5A5QJI6, STM32U5A5QJI6Q, STM32U5A5RJT6, STM32U5A5RJT6Q, STM32U5A5VJT6, STM32U5A5VJT6Q, STM32U5A5ZJT6, STM32U5A5ZJT6Q, STM32U5A5ZJY6QTR, STM32U5A9BJY6QTR, STM32U5A9J-DK, STM32U5A9NJH6Q, STM32U5A9VJT6Q, STM32U5A9ZJT6Q, STM32U5A9ZJY6QTR, STM32U5F7VIT6, STM32U5F7VIT6Q, STM32U5F7VJT6, STM32U5F7VJT6Q, STM32U5F9BJY6QTR, STM32U5F9NJH6Q, STM32U5F9VIT6Q, STM32U5F9VJT6Q, STM32U5F9ZIJ6QTR, STM32U5F9ZIT6Q, STM32U5F9ZJJ6QTR, STM32U5F9ZJT6Q, STM32U5G7VJT6, STM32U5G7VJT6Q, STM32U5G9BJY6QTR, STM32U5G9J-DK1, STM32U5G9J-DK2, STM32U5G9NJH6Q, STM32U5G9VJT6Q, STM32U5G9ZJJ6QTR, STM32U5G9ZJT6Q, STM32WB1MMCH6, STM32WBA50KEU6, STM32WBA50KEU6TR, STM32WBA50KGU6, STM32WBA50KGU6TR, STM32WBA52CEU6, STM32WBA52CEU6TR, STM32WBA52CEU7, STM32WBA52CEU7TR, STM32WBA52CGU6, STM32WBA52CGU6TR, STM32WBA52CGU6U, STM32WBA52CGU7, STM32WBA52CGU7TR, STM32WBA52KEU6, STM32WBA52KEU6TR, STM32WBA52KGU6, STM32WBA52KGU6TR, STM32WBA54CEU6, STM32WBA54CEU6TR, STM32WBA54CEU7, STM32WBA54CEU7TR, STM32WBA54CGU6, STM32WBA54CGU6TR, STM32WBA54CGU7, STM32WBA54CGU7TR, STM32WBA54KEU6, STM32WBA54KEU6TR, STM32WBA54KEU7, STM32WBA54KEU7TR, STM32WBA54KGU6, STM32WBA54KGU6TR, STM32WBA54KGU7, STM32WBA54KGU7TR, STM32WBA55CEU6, STM32WBA55CEU6TR, STM32WBA55CEU7, STM32WBA55CEU7TR, STM32WBA55CGU6, STM32WBA55CGU6TR, STM32WBA55CGU6U, STM32WBA55CGU7, STM32WBA55CGU7TR, STM32WBA55G-DK1, STM32WBA55HEF6, STM32WBA55HEF7, STM32WBA55HGF6, STM32WBA55HGF7, STM32WBA55UEI6, STM32WBA55UEI6TR, STM32WBA55UEI7, STM32WBA55UEI7TR, STM32WBA55UGI6, STM32WBA55UGI6TR, STM32WBA55UGI7, STM32WBA55UGI7TR, STM32WL5MOCH6, STM32WL5MOCH6TR]
2024-11-16 14:48:16,683 [INFO] BoardInfo:889 - No configuration file found for board NUCLEO-C071RB
2024-11-16 14:48:16,683 [INFO] DbBoards:161 - Board is not supported: NUCLEO-C071RB
2024-11-16 14:48:16,745 [INFO] BoardInfo:889 - No configuration file found for board NUCLEO-WB05KZ
2024-11-16 14:48:16,745 [INFO] DbBoards:161 - Board is not supported: NUCLEO-WB05KZ
2024-11-16 14:48:16,746 [INFO] BoardInfo:889 - No configuration file found for board NUCLEO-WB07CC
2024-11-16 14:48:16,746 [INFO] DbBoards:161 - Board is not supported: NUCLEO-WB07CC
2024-11-16 14:48:16,747 [INFO] BoardInfo:889 - No configuration file found for board NUCLEO-WB09KE
2024-11-16 14:48:16,747 [INFO] DbBoards:161 - Board is not supported: NUCLEO-WB09KE
2024-11-16 14:48:16,755 [INFO] BoardInfo:889 - No configuration file found for board P-NUCLEO-WB55
2024-11-16 14:48:16,756 [INFO] DbBoards:161 - Kit is not supported: P-NUCLEO-WB55
2024-11-16 14:48:16,759 [INFO] BoardInfo:889 - No configuration file found for board STEVAL-BFA001V1B
2024-11-16 14:48:16,759 [INFO] DbBoards:161 - Kit is not supported: STEVAL-BFA001V1B
2024-11-16 14:48:16,760 [INFO] BoardInfo:889 - No configuration file found for board STEVAL-BFA001V2B
2024-11-16 14:48:16,760 [INFO] DbBoards:161 - Kit is not supported: STEVAL-BFA001V2B
2024-11-16 14:48:16,838 [INFO] BoardInfo:889 - No configuration file found for board STM32MP257F-DK
2024-11-16 14:48:16,838 [INFO] DbBoards:161 - Board is not supported: STM32MP257F-DK
2024-11-16 14:48:16,839 [INFO] BoardInfo:889 - No configuration file found for board STM32MP257F-EV1
2024-11-16 14:48:16,839 [INFO] DbBoards:161 - Board is not supported: STM32MP257F-EV1
2024-11-16 14:48:16,844 [INFO] DbBoards:168 - Found 201 boards, 192 are supported
2024-11-16 14:48:16,844 [INFO] DbBoards:169 - Found 201 boards, 8 of them is supported for  Bsp
2024-11-16 14:48:16,846 [INFO] ApiDb:668 - CubeFinder database Data Model version=2.1
2024-11-16 14:48:16,847 [INFO] ApiDb:669 - CubeFinder database Configuration version=3.0.39
2024-11-16 14:48:16,847 [INFO] ApiDb:670 - CubeFinder database generation date=2024-10-15 (1729006872)
2024-11-16 14:48:16,847 [INFO] ApiDb:671 - CubeFinder database FW Pack versions=[FP-ATR-ASTRA1_V2.0.0, FP-SNS-FLIGHT1_V5.0.2, FP-SNS-MOTENV1_V5.0.0, FP-SNS-MOTENVWB1_V1.4.0, FP-SNS-SMARTAG2_V1.2.0, FP-SNS-STBOX1_V2.0.0, STM32Cube_FW_C0_V1.2.0, STM32Cube_FW_F4_V1.28.1, STM32Cube_FW_F7_V1.17.2, STM32Cube_FW_G0_V1.6.2, STM32Cube_FW_G4_V1.6.0, STM32Cube_FW_H5_V1.3.0, STM32Cube_FW_H7RS_V1.1.0, STM32Cube_FW_H7_V1.11.2, STM32Cube_FW_L0_V1.12.2, STM32Cube_FW_L5_V1.5.1, STM32Cube_FW_U0_V1.1.0, STM32Cube_FW_U5_V1.6.0, STM32Cube_FW_WB0_V1.0.0, STM32Cube_FW_WBA_V1.4.1, STM32Cube_FW_WB_V1.20.0, STM32Cube_FW_WL_V1.3.0, X-CUBE-ALGOBUILD_V1.4.0, X-CUBE-ALS_V1.0.2, X-CUBE-AZRTOS-F4_V1.1.0, X-CUBE-AZRTOS-F7_V1.1.0, X-CUBE-AZRTOS-G0_V1.1.0, X-CUBE-AZRTOS-G4_V2.0.0, X-CUBE-AZRTOS-H7RS_V1.0.0, X-CUBE-AZRTOS-H7_V3.3.0, X-CUBE-AZRTOS-L4_V2.0.0, X-CUBE-AZRTOS-L5_V2.0.0, X-CUBE-AZRTOS-WB_V2.0.0, X-CUBE-AZRTOS-WL_V2.0.0, X-CUBE-BLE1_V7.0.0, X-CUBE-BLE2_V3.3.0, X-CUBE-BLEMGR_V3.1.0, X-CUBE-EEPRMA1_V5.1.0, X-CUBE-FREERTOS_V1.2.0, X-CUBE-GNSS1_V6.0.0, X-CUBE-MEMS1_V11.0.0, X-CUBE-NFC4_V3.0.0, X-CUBE-NFC7_V1.0.1, X-CUBE-SFXS2LP1_V4.0.0, X-CUBE-SUBG2_V5.0.0, X-CUBE-TOF1_V3.4.2]
2024-11-16 14:48:18,164 [INFO] ApiDb:240 - Found 483 in-development CPN: [B-G473E-ZEST1S, B-WB1M-WPAN1, B-WL5M-SUBG1, NUCLEO-C031C6, NUCLEO-H503RB, NUCLEO-H533RE, NUCLEO-H563ZI, NUCLEO-H7S3L8, NUCLEO-U031R8, NUCLEO-U083RC, NUCLEO-U545RE-Q, NUCLEO-U5A5ZJ-Q, NUCLEO-WBA52CG, NUCLEO-WBA55CG, STEVAL-PROTEUS1, STEVAL-SMARTAG2, STEVAL-STWINBX1, STM320518-EVAL, STM32C0116-DK, STM32C011D6Y3TR, STM32C011D6Y6TR, STM32C011F4P3, STM32C011F4P6, STM32C011F4U3, STM32C011F4U6TR, STM32C011F6P3, STM32C011F6P6, STM32C011F6U3, STM32C011F6U6TR, STM32C011J4M3, STM32C011J4M6, STM32C011J6M3, STM32C011J6M6, STM32C0316-DK, STM32C031C4T3, STM32C031C4T6, STM32C031C4U3, STM32C031C4U6, STM32C031C6T3, STM32C031C6T6, STM32C031C6U3, STM32C031C6U6, STM32C031F4P3, STM32C031F4P6, STM32C031F6P3, STM32C031F6P6, STM32C031G4U3, STM32C031G4U6, STM32C031G6U3, STM32C031G6U6, STM32C031K4T3, STM32C031K4T6, STM32C031K4U3, STM32C031K4U6, STM32C031K6T3, STM32C031K6T6, STM32C031K6U3, STM32C031K6U6, STM32G071K8TXN, STM32G071K8UXN, STM32G081GBU6N, STM32G081KBT6N, STM32G081KBUXN, STM32G0B1CCT6N, STM32G0B1KCT6, STM32G0B1NEY6TR, STM32G0B1RCT6N, STM32G0C1CCT6, STM32G0C1CCT6N, STM32G0C1CCU6N, STM32G0C1CET6N, STM32G0C1CEU6N, STM32G0C1KCT6, STM32G0C1NEY6TR, STM32G0C1RCI6N, STM32G0C1RCT6N, STM32G0C1REI6N, STM32G0C1RET6N, STM32G0C1VCI6, STM32G0C1VEI6, STM32G471CCT6, STM32G471CCU6, STM32G471CET3, STM32G471CET6, STM32G471CEU3, STM32G471CEU6, STM32G471MCT6, STM32G471MET3, STM32G471MET6, STM32G471MEY6TR, STM32G471QCT6, STM32G471QET3, STM32G471RCT6, STM32G471RET3, STM32G471RET6, STM32G471VCH6, STM32G471VCI6, STM32G471VCT6, STM32G471VEH3, STM32G471VEH6, STM32G471VEI3, STM32G471VEI6, STM32G471VET3, STM32G471VET6, STM32G474CCT6, STM32H503CBT6, STM32H503CBU6, STM32H503EBY6TR, STM32H503KBU6, STM32H503RBT6, STM32H523CCT6, STM32H523CCU6, STM32H523CET6, STM32H523CEU6, STM32H523HEY6TR, STM32H523RCT6, STM32H523RET6, STM32H523VCI6, STM32H523VCT6, STM32H523VEI6, STM32H523VET6, STM32H523ZCJ6, STM32H523ZCT6, STM32H523ZEJ6, STM32H523ZET6, STM32H533CET6, STM32H533CEU6, STM32H533HEY6TR, STM32H533RET6, STM32H533VEI6, STM32H533VET6, STM32H533ZEJ6, STM32H533ZET6, STM32H562AGI6, STM32H562AII6, STM32H562IGK6, STM32H562IGT6, STM32H562IIK6, STM32H562IIT6, STM32H562RGT6, STM32H562RGV6, STM32H562RIT6, STM32H562RIV6, STM32H562VGT6, STM32H562VIT6, STM32H562ZGT6, STM32H562ZIT6, STM32H563AGI6, STM32H563AII3Q, STM32H563AII6, STM32H563IGK6, STM32H563IGT6, STM32H563IIK3Q, STM32H563IIK6, STM32H563IIT3Q, STM32H563IIT6, STM32H563MIY3QTR, STM32H563RGT6, STM32H563RGV6, STM32H563RIT6, STM32H563RIV6, STM32H563VGT6, STM32H563VIT3Q, STM32H563VIT6, STM32H563ZGT6, STM32H563ZIT3Q, STM32H563ZIT6, STM32H573AII3Q, STM32H573AII6, STM32H573I-DK, STM32H573IIK3Q, STM32H573IIK6, STM32H573IIT3Q, STM32H573IIT6, STM32H573MIY3QTR, STM32H573RIT6, STM32H573RIV6, STM32H573VIT3Q, STM32H573VIT6, STM32H573ZIT3Q, STM32H573ZIT6, STM32H7R3A8I6, STM32H7R3I8K6, STM32H7R3I8T6, STM32H7R3L8H6, STM32H7R3L8H6H, STM32H7R3R8V6, STM32H7R3V8H6, STM32H7R3V8T6, STM32H7R3V8Y6, STM32H7R3Z8J6, STM32H7R3Z8T6, STM32H7R7A8I6, STM32H7R7I8K6, STM32H7R7I8T6, STM32H7R7L8H6, STM32H7R7L8H6H, STM32H7R7Z8J6, STM32H7S3A8I6, STM32H7S3I8K6, STM32H7S3I8T6, STM32H7S3L8H6, STM32H7S3L8H6H, STM32H7S3R8V6, STM32H7S3V8H6, STM32H7S3V8T6, STM32H7S3V8Y6, STM32H7S3Z8J6, STM32H7S3Z8T6, STM32H7S78-DK, STM32H7S7A8I6, STM32H7S7I8K6, STM32H7S7I8T6, STM32H7S7L8H6, STM32H7S7L8H6H, STM32H7S7Z8J6, STM32L4R5QGI6STR, STM32MP131AAE3, STM32MP131AAF3, STM32MP131AAG3, STM32MP131CAE3, STM32MP131CAF3, STM32MP131CAG3, STM32MP131DAE7, STM32MP131DAF7, STM32MP131DAG7, STM32MP131FAE7, STM32MP131FAF7, STM32MP131FAG7, STM32MP133AAE3, STM32MP133AAF3, STM32MP133AAG3, STM32MP133CAE3, STM32MP133CAF3, STM32MP133CAG3, STM32MP133DAE7, STM32MP133DAF7, STM32MP133DAG7, STM32MP133FAE7, STM32MP133FAF7, STM32MP133FAG7, STM32MP135AAE3, STM32MP135AAF3, STM32MP135AAG3, STM32MP135CAE3, STM32MP135CAF3, STM32MP135CAG3, STM32MP135DAE7, STM32MP135DAF7, STM32MP135DAG7, STM32MP135F-DK, STM32MP135FAE7, STM32MP135FAF7, STM32MP135FAF7T, STM32MP135FAF7U, STM32MP135FAG7, STM32U031C6T6, STM32U031C6U6, STM32U031C8T6, STM32U031C8U6, STM32U031F4P6, STM32U031F6P6, STM32U031F8P6, STM32U031G6Y6TR, STM32U031G8Y6TR, STM32U031K4U6, STM32U031K6U6, STM32U031K8U6, STM32U031R6I6, STM32U031R6T6, STM32U031R8I6, STM32U031R8T6, STM32U073C8T6, STM32U073C8U6, STM32U073CBT6, STM32U073CBU6, STM32U073CCT6, STM32U073CCU6, STM32U073H8Y6TR, STM32U073HBY6TR, STM32U073HCY6TR, STM32U073K8U6, STM32U073KBU6, STM32U073KCU6, STM32U073M8I6, STM32U073M8T6, STM32U073MBI6, STM32U073MBT6, STM32U073MCI6, STM32U073MCT6, STM32U073R8I6, STM32U073R8T6, STM32U073RBI6, STM32U073RBT6, STM32U073RCI6, STM32U073RCT6, STM32U083C-DK, STM32U083CCT6, STM32U083CCU6, STM32U083HCY6TR, STM32U083KCU6, STM32U083MCI6, STM32U083MCT6, STM32U083RCI6, STM32U083RCT6, STM32U535CBT6, STM32U535CBT6Q, STM32U535CBU6, STM32U535CBU6Q, STM32U535CCT6, STM32U535CCT6Q, STM32U535CCU6, STM32U535CCU6Q, STM32U535CET6, STM32U535CET6Q, STM32U535CEU6, STM32U535CEU6Q, STM32U535JEY6QTR, STM32U535NCY6QTR, STM32U535NEY6QTR, STM32U535RBI6, STM32U535RBI6Q, STM32U535RBT6, STM32U535RBT6Q, STM32U535RCI6, STM32U535RCI6Q, STM32U535RCT6, STM32U535RCT6Q, STM32U535REI6, STM32U535REI6Q, STM32U535RET6, STM32U535RET6Q, STM32U535VCI6, STM32U535VCI6Q, STM32U535VCT6, STM32U535VCT6Q, STM32U535VEI6, STM32U535VEI6Q, STM32U535VET6, STM32U535VET6Q, STM32U545CET6, STM32U545CET6Q, STM32U545CEU6, STM32U545CEU6Q, STM32U545JEY6QTR, STM32U545NEY6QTR, STM32U545REI6, STM32U545REI6Q, STM32U545RET6, STM32U545RET6Q, STM32U545VEI6, STM32U545VEI6Q, STM32U545VET6, STM32U545VET6Q, STM32U595AIH6, STM32U595AIH6Q, STM32U595AJH6, STM32U595AJH6Q, STM32U595QII6, STM32U595QII6Q, STM32U595QJI6, STM32U595QJI6Q, STM32U595RIT6, STM32U595RIT6Q, STM32U595RJT6, STM32U595RJT6Q, STM32U595VIT6, STM32U595VIT6Q, STM32U595VJT6, STM32U595VJT6Q, STM32U595ZIT6, STM32U595ZIT6Q, STM32U595ZIY6QTR, STM32U595ZJT6, STM32U595ZJT6Q, STM32U595ZJY6QTR, STM32U599BJY6QTR, STM32U599NIH6Q, STM32U599NJH6Q, STM32U599VIT6Q, STM32U599VJT6, STM32U599VJT6Q, STM32U599ZIT6Q, STM32U599ZIY6QTR, STM32U599ZJT6Q, STM32U599ZJY6QTR, STM32U5A5AJH6, STM32U5A5AJH6Q, STM32U5A5QII3Q , STM32U5A5QJI6, STM32U5A5QJI6Q, STM32U5A5RJT6, STM32U5A5RJT6Q, STM32U5A5VJT6, STM32U5A5VJT6Q, STM32U5A5ZJT6, STM32U5A5ZJT6Q, STM32U5A5ZJY6QTR, STM32U5A9BJY6QTR, STM32U5A9J-DK, STM32U5A9NJH6Q, STM32U5A9VJT6Q, STM32U5A9ZJT6Q, STM32U5A9ZJY6QTR, STM32U5F7VIT6, STM32U5F7VIT6Q, STM32U5F7VJT6, STM32U5F7VJT6Q, STM32U5F9BJY6QTR, STM32U5F9NJH6Q, STM32U5F9VIT6Q, STM32U5F9VJT6Q, STM32U5F9ZIJ6QTR, STM32U5F9ZIT6Q, STM32U5F9ZJJ6QTR, STM32U5F9ZJT6Q, STM32U5G7VJT6, STM32U5G7VJT6Q, STM32U5G9BJY6QTR, STM32U5G9J-DK1, STM32U5G9J-DK2, STM32U5G9NJH6Q, STM32U5G9VJT6Q, STM32U5G9ZJJ6QTR, STM32U5G9ZJT6Q, STM32WB1MMCH6, STM32WBA50KEU6, STM32WBA50KEU6TR, STM32WBA50KGU6, STM32WBA50KGU6TR, STM32WBA52CEU6, STM32WBA52CEU6TR, STM32WBA52CEU7, STM32WBA52CEU7TR, STM32WBA52CGU6, STM32WBA52CGU6TR, STM32WBA52CGU6U, STM32WBA52CGU7, STM32WBA52CGU7TR, STM32WBA52KEU6, STM32WBA52KEU6TR, STM32WBA52KGU6, STM32WBA52KGU6TR, STM32WBA54CEU6, STM32WBA54CEU6TR, STM32WBA54CEU7, STM32WBA54CEU7TR, STM32WBA54CGU6, STM32WBA54CGU6TR, STM32WBA54CGU7, STM32WBA54CGU7TR, STM32WBA54KEU6, STM32WBA54KEU6TR, STM32WBA54KEU7, STM32WBA54KEU7TR, STM32WBA54KGU6, STM32WBA54KGU6TR, STM32WBA54KGU7, STM32WBA54KGU7TR, STM32WBA55CEU6, STM32WBA55CEU6TR, STM32WBA55CEU7, STM32WBA55CEU7TR, STM32WBA55CGU6, STM32WBA55CGU6TR, STM32WBA55CGU6U, STM32WBA55CGU7, STM32WBA55CGU7TR, STM32WBA55G-DK1, STM32WBA55HEF6, STM32WBA55HEF7, STM32WBA55HGF6, STM32WBA55HGF7, STM32WBA55UEI6, STM32WBA55UEI6TR, STM32WBA55UEI7, STM32WBA55UEI7TR, STM32WBA55UGI6, STM32WBA55UGI6TR, STM32WBA55UGI7, STM32WBA55UGI7TR, STM32WL5MOCH6, STM32WL5MOCH6TR]
2024-11-16 14:48:18,169 [INFO] DbMcus:218 - Found 4204 MCUs, 4204 are supported
2024-11-16 14:48:18,169 [INFO] ApiDb:423 - Load user favorites file C:\Users\ethan/.stm32cubeide/favorites.mcus.txt: 0 item(s)
2024-11-16 14:48:18,169 [INFO] ApiDb:427 - User favorites MCUs=[]
2024-11-16 14:48:18,169 [INFO] DbMcus:224 - Set 0 / 0 favorites MCUs
2024-11-16 14:48:18,347 [INFO] ApiDb:423 - Load user favorites file C:\Users\ethan/.stm32cubeide/favorites.boards.txt: 0 item(s)
2024-11-16 14:48:18,348 [INFO] ApiDb:427 - User favorites Boards=[]
2024-11-16 14:48:18,348 [INFO] DbBoards:198 - Set 0 / 0 favorites Boards
2024-11-16 14:48:18,387 [INFO] UtilMem:75 - End LoadConfig() Used Memory: 280939664 Bytes (490733568)
2024-11-16 14:48:18,486 [WARN] ThirdParty:833 - waiting for thirdparty lock release [change project]
2024-11-16 14:48:18,486 [INFO] ThirdParty:835 - entering critical section [change project]
2024-11-16 14:48:18,486 [INFO] ThirdParty:1030 - CMSIS Pack Vendor :STMicroelectronics USBPD 4.1
2024-11-16 14:48:18,486 [INFO] ThirdParty:1030 - CMSIS Pack Vendor :STMicroelectronics X-CUBE-AZRTOS-H7 3.3.0
2024-11-16 14:48:18,486 [INFO] ThirdParty:1030 - CMSIS Pack Vendor :STMicroelectronics X-CUBE-NFC9 1.0.0
2024-11-16 14:48:18,486 [INFO] ThirdParty:1030 - CMSIS Pack Vendor :STMicroelectronics X-CUBE-GNSS1 6.0.0
2024-11-16 14:48:18,486 [INFO] ThirdParty:1030 - CMSIS Pack Vendor :STMicroelectronics USB_HOST 2.0.0
2024-11-16 14:48:18,486 [INFO] ThirdParty:1030 - CMSIS Pack Vendor :STMicroelectronics FP-SNS-MOTENVWB1 1.4.0
2024-11-16 14:48:18,486 [INFO] ThirdParty:1030 - CMSIS Pack Vendor :STMicroelectronics X-CUBE-AZRTOS-F4 1.1.0
2024-11-16 14:48:18,486 [INFO] ThirdParty:1030 - CMSIS Pack Vendor :STMicroelectronics LIBJPEG 8.0.0
2024-11-16 14:48:18,486 [INFO] ThirdParty:1030 - CMSIS Pack Vendor :STMicroelectronics FP-ATR-ASTRA1 2.0.1
2024-11-16 14:48:18,486 [INFO] ThirdParty:1030 - CMSIS Pack Vendor :STMicroelectronics X-CUBE-SMBUS 2.1.0
2024-11-16 14:48:18,486 [INFO] ThirdParty:1030 - CMSIS Pack Vendor :STMicroelectronics X-CUBE-WB05N 1.1.0
2024-11-16 14:48:18,486 [INFO] ThirdParty:1030 - CMSIS Pack Vendor :STMicroelectronics USB_DEVICE 3.0.0
2024-11-16 14:48:18,486 [INFO] ThirdParty:1030 - CMSIS Pack Vendor :STMicroelectronics X-CUBE-TCPP 4.1.0
2024-11-16 14:48:18,486 [INFO] ThirdParty:1030 - CMSIS Pack Vendor :STMicroelectronics X-CUBE-ISPU 2.1.0
2024-11-16 14:48:18,486 [INFO] ThirdParty:1030 - CMSIS Pack Vendor :STMicroelectronics X-CUBE-FREERTOS 1.2.0
2024-11-16 14:48:18,486 [INFO] ThirdParty:1030 - CMSIS Pack Vendor :STMicroelectronics X-CUBE-IPS 3.0.0
2024-11-16 14:48:18,487 [INFO] ThirdParty:1030 - CMSIS Pack Vendor :STMicroelectronics X-CUBE-AZRTOS-WB 2.0.0
2024-11-16 14:48:18,487 [INFO] ThirdParty:1030 - CMSIS Pack Vendor :STMicroelectronics X-CUBE-GNSS1 7.0.0
2024-11-16 14:48:18,487 [INFO] ThirdParty:1030 - CMSIS Pack Vendor :STMicroelectronics X-CUBE-TOUCHGFX 4.23.2
2024-11-16 14:48:18,487 [INFO] ThirdParty:1030 - CMSIS Pack Vendor :STMicroelectronics X-CUBE-AZRTOS-F7 1.1.0
2024-11-16 14:48:18,487 [INFO] ThirdParty:1030 - CMSIS Pack Vendor :STMicroelectronics X-CUBE-AZRTOS-L5 2.0.0
2024-11-16 14:48:18,487 [INFO] ThirdParty:1030 - CMSIS Pack Vendor :STMicroelectronics USB_DEVICE 2.0.0
2024-11-16 14:48:18,487 [INFO] ThirdParty:1030 - CMSIS Pack Vendor :STMicroelectronics X-CUBE-NFC6 3.1.0
2024-11-16 14:48:18,487 [INFO] ThirdParty:1030 - CMSIS Pack Vendor :STMicroelectronics FP-SNS-STBOX1 2.0.0
2024-11-16 14:48:18,487 [INFO] ThirdParty:1030 - CMSIS Pack Vendor :STMicroelectronics X-CUBE-MEMS1 11.0.0
2024-11-16 14:48:18,487 [INFO] ThirdParty:1030 - CMSIS Pack Vendor :STMicroelectronics FreeRTOS 0.0.1
2024-11-16 14:48:18,487 [INFO] ThirdParty:1030 - CMSIS Pack Vendor :STMicroelectronics X-CUBE-AZRTOS-G0 1.1.0
2024-11-16 14:48:18,487 [INFO] ThirdParty:1030 - CMSIS Pack Vendor :STMicroelectronics X-CUBE-SAFEA1 1.2.2
2024-11-16 14:48:18,487 [INFO] ThirdParty:1030 - CMSIS Pack Vendor :STMicroelectronics X-CUBE-NFC4 3.0.0
2024-11-16 14:48:18,487 [INFO] ThirdParty:1030 - CMSIS Pack Vendor :STMicroelectronics X-CUBE-DPower 1.2.0
2024-11-16 14:48:18,487 [INFO] ThirdParty:1030 - CMSIS Pack Vendor :STMicroelectronics X-CUBE-SUBG2 5.0.0
2024-11-16 14:48:18,487 [INFO] ThirdParty:1030 - CMSIS Pack Vendor :STMicroelectronics STM32_WPAN 1.0.0
2024-11-16 14:48:18,487 [INFO] ThirdParty:1030 - CMSIS Pack Vendor :EmbeddedOffice I-CUBE-FS-RTOS 1.0.1
2024-11-16 14:48:18,487 [INFO] ThirdParty:1030 - CMSIS Pack Vendor :STMicroelectronics lwIP 2.0.3
2024-11-16 14:48:18,487 [INFO] ThirdParty:1030 - CMSIS Pack Vendor :STMicroelectronics FP-SNS-FLIGHT1 5.0.2
2024-11-16 14:48:18,487 [INFO] ThirdParty:1030 - CMSIS Pack Vendor :Cesanta I-CUBE-Mongoose 7.13.0
2024-11-16 14:48:18,487 [INFO] ThirdParty:1030 - CMSIS Pack Vendor :STMicroelectronics USB_HOST 1.0.0
2024-11-16 14:48:18,487 [INFO] ThirdParty:1030 - CMSIS Pack Vendor :STMicroelectronics X-CUBE-AI 9.0.0
2024-11-16 14:48:18,487 [INFO] ThirdParty:1030 - CMSIS Pack Vendor :STMicroelectronics X-CUBE-AZRTOS-G4 2.0.0
2024-11-16 14:48:18,487 [INFO] ThirdParty:1030 - CMSIS Pack Vendor :STMicroelectronics PDM2PCM 3.1.0
2024-11-16 14:48:18,487 [INFO] ThirdParty:1030 - CMSIS Pack Vendor :STMicroelectronics PDM2PCM 3.3.0
2024-11-16 14:48:18,487 [INFO] ThirdParty:1030 - CMSIS Pack Vendor :STMicroelectronics X-CUBE-DISPLAY 3.0.0
2024-11-16 14:48:18,487 [INFO] ThirdParty:1030 - CMSIS Pack Vendor :RealThread X-CUBE-RT-Thread_Nano 4.1.1
2024-11-16 14:48:18,487 [INFO] ThirdParty:1030 - CMSIS Pack Vendor :wolfSSL I-CUBE-wolfSSL 5.7.0
2024-11-16 14:48:18,487 [INFO] ThirdParty:1030 - CMSIS Pack Vendor :STMicroelectronics X-CUBE-BLE1 7.0.0
2024-11-16 14:48:18,487 [INFO] ThirdParty:1030 - CMSIS Pack Vendor :STMicroelectronics FP-ATR-SIGFOX1 3.2.0
2024-11-16 14:48:18,487 [INFO] ThirdParty:1030 - CMSIS Pack Vendor :STMicroelectronics X-CUBE-NFC10 1.0.0
2024-11-16 14:48:18,487 [INFO] ThirdParty:1030 - CMSIS Pack Vendor :quantropi X-CUBE-qispace-sdk-base 1.9.3
2024-11-16 14:48:18,487 [INFO] ThirdParty:1030 - CMSIS Pack Vendor :STMicroelectronics X-CUBE-ISPU 2.0.0
2024-11-16 14:48:18,487 [INFO] ThirdParty:1030 - CMSIS Pack Vendor :STMicroelectronics X-CUBE-EEPRMA1 5.1.0
2024-11-16 14:48:18,487 [INFO] ThirdParty:1030 - CMSIS Pack Vendor :STMicroelectronics HAL Drivers 0.0.0
2024-11-16 14:48:18,487 [INFO] ThirdParty:1030 - CMSIS Pack Vendor :STMicroelectronics MBEDTLS 2.16.2
2024-11-16 14:48:18,487 [INFO] ThirdParty:1030 - CMSIS Pack Vendor :STMicroelectronics X-CUBE-ALS 1.0.2
2024-11-16 14:48:18,487 [INFO] ThirdParty:1030 - CMSIS Pack Vendor :emotas I-CUBE-CANOPEN 1.3.0
2024-11-16 14:48:18,487 [INFO] ThirdParty:1030 - CMSIS Pack Vendor :STMicroelectronics X-CUBE-MEMS1 10.0.0
2024-11-16 14:48:18,487 [INFO] ThirdParty:1030 - CMSIS Pack Vendor :STMicroelectronics X-CUBE-NFC7 1.0.1
2024-11-16 14:48:18,487 [INFO] ThirdParty:1030 - CMSIS Pack Vendor :STMicroelectronics MBEDTLS 2.14.1
2024-11-16 14:48:18,487 [INFO] ThirdParty:1030 - CMSIS Pack Vendor :STMicroelectronics X-CUBE-TOUCHGFX 4.24.0
2024-11-16 14:48:18,487 [INFO] ThirdParty:1030 - CMSIS Pack Vendor :ITTIA_DB I-CUBE-ITTIADB 8.9.0
2024-11-16 14:48:18,487 [INFO] ThirdParty:1030 - CMSIS Pack Vendor :STMicroelectronics X-CUBE-TOUCHGFX 4.24.1
2024-11-16 14:48:18,487 [INFO] ThirdParty:1030 - CMSIS Pack Vendor :wolfSSL I-CUBE-wolfTPM 3.4.0
2024-11-16 14:48:18,487 [INFO] ThirdParty:1030 - CMSIS Pack Vendor :portGmbH I-Cube-SoM-uGOAL 1.1.0
2024-11-16 14:48:18,488 [INFO] ThirdParty:1030 - CMSIS Pack Vendor :STMicroelectronics X-CUBE-BLEMGR 3.1.0
2024-11-16 14:48:18,488 [INFO] ThirdParty:1030 - CMSIS Pack Vendor :STMicroelectronics ThreadX 1.0.0
2024-11-16 14:48:18,488 [INFO] ThirdParty:1030 - CMSIS Pack Vendor :STMicroelectronics FP-SNS-SMARTAG2 1.2.0
2024-11-16 14:48:18,488 [INFO] ThirdParty:1030 - CMSIS Pack Vendor :STMicroelectronics X-CUBE-AZRTOS-WL 2.0.0
2024-11-16 14:48:18,488 [INFO] ThirdParty:1030 - CMSIS Pack Vendor :SEGGER I-CUBE-embOS 1.3.1
2024-11-16 14:48:18,488 [INFO] ThirdParty:1030 - CMSIS Pack Vendor :STMicroelectronics X-CUBE-ALGOBUILD 1.4.0
2024-11-16 14:48:18,488 [INFO] ThirdParty:1030 - CMSIS Pack Vendor :STMicroelectronics FP-SNS-MOTENV1 5.0.0
2024-11-16 14:48:18,488 [INFO] ThirdParty:1030 - CMSIS Pack Vendor :STMicroelectronics USB_DEVICE 1.0.0
2024-11-16 14:48:18,488 [INFO] ThirdParty:1030 - CMSIS Pack Vendor :STMicroelectronics X-CUBE-AZRTOS-H7RS 1.0.0
2024-11-16 14:48:18,488 [INFO] ThirdParty:1030 - CMSIS Pack Vendor :wolfSSL I-CUBE-wolfMQTT 1.19.0
2024-11-16 14:48:18,488 [INFO] ThirdParty:1030 - CMSIS Pack Vendor :STMicroelectronics X-CUBE-AZRTOS-L4 2.0.0
2024-11-16 14:48:18,488 [INFO] ThirdParty:1030 - CMSIS Pack Vendor :STMicroelectronics ThreadX 0.0.2
2024-11-16 14:48:18,488 [INFO] ThirdParty:1030 - CMSIS Pack Vendor :WES I-CUBE-Cesium 1.3.0
2024-11-16 14:48:18,488 [INFO] ThirdParty:1030 - CMSIS Pack Vendor :STMicroelectronics FP-ATR-ASTRA1 2.0.0
2024-11-16 14:48:18,488 [INFO] ThirdParty:1030 - CMSIS Pack Vendor :STMicroelectronics lwIP 2.1.2
2024-11-16 14:48:18,488 [INFO] ThirdParty:1030 - CMSIS Pack Vendor :STMicroelectronics X-CUBE-SFXS2LP1 4.0.0
2024-11-16 14:48:18,488 [INFO] ThirdParty:1030 - CMSIS Pack Vendor :STMicroelectronics X-CUBE-BLE2 3.3.0
2024-11-16 14:48:18,488 [INFO] ThirdParty:1030 - CMSIS Pack Vendor :STMicroelectronics X-CUBE-TOF1 3.4.2
2024-11-16 14:48:18,488 [INFO] ThirdParty:1030 - CMSIS Pack Vendor :STMicroelectronics X-CUBE-AI 9.1.0
2024-11-16 14:48:18,488 [INFO] ThirdParty:1030 - CMSIS Pack Vendor :STMicroelectronics X-CUBE-TOF1 3.4.1
2024-11-16 14:48:18,488 [INFO] ThirdParty:1030 - CMSIS Pack Vendor :STMicroelectronics X-CUBE-AZRTOS-H7 3.2.0
2024-11-16 14:48:18,488 [INFO] ThirdParty:1030 - CMSIS Pack Vendor :Infineon AIROC-Wi-Fi-Bluetooth-STM32 1.6.0
2024-11-16 14:48:18,488 [INFO] ThirdParty:1030 - CMSIS Pack Vendor :STMicroelectronics PDM2PCM 3.2.0
2024-11-16 14:48:18,488 [INFO] ThirdParty:1030 - CMSIS Pack Vendor :wolfSSL I-CUBE-wolfSSH 1.4.17
2024-11-16 14:48:18,488 [INFO] ThirdParty:841 - exiting critical section [change project]
2024-11-16 14:48:18,733 [INFO] PinOutPanel:1561 - setPackage(No Configuration,No Configuration)
2024-11-16 14:48:18,735 [INFO] PinOutPanel:1561 - setPackage(STM32F072RBTx,LQFP64)
2024-11-16 14:48:19,300 [INFO] UtilMem:75 - Before build in PCC Used Memory: 270261320 Bytes (490733568)
2024-11-16 14:48:20,269 [INFO] UtilMem:75 - After build in PCC Used Memory: 263852208 Bytes (490733568)
2024-11-16 14:48:20,292 [INFO] IPUIPlugin:80 - create IPUIPlugin
2024-11-16 14:48:20,293 [INFO] IPUIPlugin:80 - create IPUIPlugin
2024-11-16 14:48:20,293 [INFO] IPUIPlugin:80 - create IPUIPlugin
2024-11-16 14:48:20,293 [INFO] IPUIPlugin:80 - create IPUIPlugin
2024-11-16 14:48:20,293 [INFO] IPUIPlugin:80 - create IPUIPlugin
2024-11-16 14:48:20,293 [INFO] IPUIPlugin:80 - create IPUIPlugin
2024-11-16 14:48:20,293 [INFO] IPUIPlugin:80 - create IPUIPlugin
2024-11-16 14:48:20,293 [INFO] IPUIPlugin:80 - create IPUIPlugin
2024-11-16 14:48:20,293 [INFO] IPUIPlugin:80 - create IPUIPlugin
2024-11-16 14:48:20,293 [INFO] IPUIPlugin:80 - create IPUIPlugin
2024-11-16 14:48:20,293 [INFO] IPUIPlugin:80 - create IPUIPlugin
2024-11-16 14:48:20,293 [INFO] IPUIPlugin:80 - create IPUIPlugin
2024-11-16 14:48:20,293 [INFO] IPUIPlugin:80 - create IPUIPlugin
2024-11-16 14:48:20,293 [INFO] IPUIPlugin:80 - create IPUIPlugin
2024-11-16 14:48:20,294 [INFO] IPUIPlugin:80 - create IPUIPlugin
2024-11-16 14:48:20,294 [INFO] IPUIPlugin:80 - create IPUIPlugin
2024-11-16 14:48:20,294 [INFO] IPUIPlugin:80 - create IPUIPlugin
2024-11-16 14:48:20,294 [INFO] IPUIPlugin:80 - create IPUIPlugin
2024-11-16 14:48:20,294 [INFO] IPUIPlugin:80 - create IPUIPlugin
2024-11-16 14:48:20,294 [INFO] IPUIPlugin:80 - create IPUIPlugin
2024-11-16 14:48:20,294 [INFO] IPUIPlugin:80 - create IPUIPlugin
2024-11-16 14:48:20,294 [INFO] IPUIPlugin:80 - create IPUIPlugin
2024-11-16 14:48:20,294 [INFO] IPUIPlugin:80 - create IPUIPlugin
2024-11-16 14:48:20,294 [INFO] IPUIPlugin:80 - create IPUIPlugin
2024-11-16 14:48:20,294 [INFO] IPUIPlugin:80 - create IPUIPlugin
2024-11-16 14:48:20,294 [INFO] IPUIPlugin:80 - create IPUIPlugin
2024-11-16 14:48:20,295 [INFO] IPUIPlugin:80 - create IPUIPlugin
2024-11-16 14:48:20,295 [INFO] IPUIPlugin:80 - create IPUIPlugin
2024-11-16 14:48:20,295 [INFO] IPUIPlugin:80 - create IPUIPlugin
2024-11-16 14:48:20,295 [INFO] IPUIPlugin:80 - create IPUIPlugin
2024-11-16 14:48:20,295 [INFO] IPUIPlugin:80 - create IPUIPlugin
2024-11-16 14:48:20,296 [INFO] IPUIPlugin:80 - create IPUIPlugin
2024-11-16 14:48:20,296 [INFO] IPUIPlugin:80 - create IPUIPlugin
2024-11-16 14:48:20,296 [INFO] IPUIPlugin:80 - create IPUIPlugin
2024-11-16 14:48:20,296 [INFO] IPUIPlugin:80 - create IPUIPlugin
2024-11-16 14:48:20,296 [INFO] IPUIPlugin:80 - create IPUIPlugin
2024-11-16 14:48:20,296 [INFO] IPUIPlugin:80 - create IPUIPlugin
2024-11-16 14:48:20,296 [INFO] IPUIPlugin:80 - create IPUIPlugin
2024-11-16 14:48:20,296 [INFO] IPUIPlugin:80 - create IPUIPlugin
2024-11-16 14:48:20,297 [INFO] IPUIPlugin:80 - create IPUIPlugin
2024-11-16 14:48:20,297 [INFO] IPUIPlugin:80 - create IPUIPlugin
2024-11-16 14:48:20,551 [INFO] CADModel:165 - CPN selected for project levelSTM32F072RBT6
2024-11-16 14:48:20,551 [INFO] CADModel:114 - Register for checkConnection events
2024-11-16 14:48:20,586 [INFO] OpenFileManager:343 - Restore cursor
2024-11-16 19:12:13,027 [INFO] MainUpdater:2873 - connection check result : 10
2024-11-16 19:12:13,028 [INFO] MainUpdater:2873 - connection check result : 10
2024-11-16 19:12:13,153 [INFO] MicroXplorer:468 - Change Database Path : 
2024-11-16 19:12:13,153 [INFO] MicroXplorer:498 - Change Database Version : DB.6.0.111
2024-11-16 19:12:13,166 [ERROR] ProjectManagerView:394 - 
java.lang.NullPointerException: Cannot invoke "javax.swing.JTextField.getText()" because the return value of "java.util.List.get(int)" is null
	at com.st.microxplorer.plugins.projectmanager.gui.ProjectChoiceTab$10.caretUpdate(ProjectChoiceTab.java:2504) ~[filemanager.jar:?]
	at javax.swing.text.JTextComponent.fireCaretUpdate(JTextComponent.java:412) ~[?:?]
	at javax.swing.text.JTextComponent$MutableCaretEvent.fire(JTextComponent.java:4491) ~[?:?]
	at javax.swing.text.JTextComponent$MutableCaretEvent.stateChanged(JTextComponent.java:4513) ~[?:?]
	at javax.swing.text.DefaultCaret.fireStateChanged(DefaultCaret.java:842) ~[?:?]
	at javax.swing.text.DefaultCaret.changeCaretPosition(DefaultCaret.java:1313) ~[?:?]
	at javax.swing.text.DefaultCaret.handleSetDot(DefaultCaret.java:1212) ~[?:?]
	at javax.swing.text.DefaultCaret.setDot(DefaultCaret.java:1193) ~[?:?]
	at javax.swing.text.DefaultCaret$Handler.insertUpdate(DefaultCaret.java:1789) ~[?:?]
	at javax.swing.text.AbstractDocument.fireInsertUpdate(AbstractDocument.java:226) ~[?:?]
	at javax.swing.text.AbstractDocument.handleInsertString(AbstractDocument.java:780) ~[?:?]
	at javax.swing.text.AbstractDocument.insertString(AbstractDocument.java:739) ~[?:?]
	at javax.swing.text.PlainDocument.insertString(PlainDocument.java:131) ~[?:?]
	at javax.swing.text.AbstractDocument.replace(AbstractDocument.java:698) ~[?:?]
	at javax.swing.text.JTextComponent.setText(JTextComponent.java:1729) ~[?:?]
	at com.st.microxplorer.plugins.projectmanager.gui.ProjectChoiceTab.createHeapStackFields(ProjectChoiceTab.java:944) ~[filemanager.jar:?]
	at com.st.microxplorer.plugins.projectmanager.gui.ProjectChoiceTab.buildLinkSettingsPanel(ProjectChoiceTab.java:3475) ~[filemanager.jar:?]
	at com.st.microxplorer.plugins.projectmanager.gui.ProjectChoiceTab.defineWindowsFields(ProjectChoiceTab.java:1816) ~[filemanager.jar:?]
	at com.st.microxplorer.plugins.projectmanager.gui.ProjectChoiceTab.updateSettings(ProjectChoiceTab.java:544) ~[filemanager.jar:?]
	at com.st.microxplorer.plugins.projectmanager.gui.ProjectSettingsPanel.UpdateDialog(ProjectSettingsPanel.java:245) ~[filemanager.jar:?]
	at com.st.microxplorer.plugins.projectmanager.ProjectManagerView.propertyChange(ProjectManagerView.java:391) ~[filemanager.jar:?]
	at java.beans.PropertyChangeSupport.fire(PropertyChangeSupport.java:343) ~[?:?]
	at java.beans.PropertyChangeSupport.firePropertyChange(PropertyChangeSupport.java:335) ~[?:?]
	at java.beans.PropertyChangeSupport.firePropertyChange(PropertyChangeSupport.java:268) ~[?:?]
	at com.st.microxplorer.util.MXPropertyChangeSupport.firePropertyChange(MXPropertyChangeSupport.java:54) ~[STM32CubeMX.jar:?]
	at com.st.microxplorer.mxsystem.MxSystem.closeConfig(MxSystem.java:900) ~[STM32CubeMX.jar:?]
	at com.st.microxplorer.maingui.MainPanel.closeConfig(MainPanel.java:776) ~[STM32CubeMX.jar:?]
	at com.st.microxplorer.plugins.filemanager.engine.OpenFileManager.loadConfigurationFile(OpenFileManager.java:245) ~[filemanager.jar:?]
	at com.st.microxplorer.plugins.filemanager.engine.MainFileManager.userLoadConfig(MainFileManager.java:315) ~[filemanager.jar:?]
	at com.st.microxplorer.plugins.filemanager.engine.MainFileManager.userLoadConfig(MainFileManager.java:293) ~[filemanager.jar:?]
	at com.st.microxplorer.plugins.filemanager.FileManagerView.getSpecificTask(FileManagerView.java:247) ~[filemanager.jar:?]
	at com.st.stm32cube.common.mx.editor.CubeMxEditor.getMxTabbedPaneInstance(CubeMxEditor.java:1198) ~[com.st.stm32cube.common.mx_6.11.1.202404110753/:?]
	at com.st.stm32cube.common.mx.editor.CubeMxEditor$12$1.createSwingComponent(CubeMxEditor.java:1068) ~[com.st.stm32cube.common.mx_6.11.1.202404110753/:?]
	at com.st.stm32cube.common.mx.oss.core.awtswtbridge.EmbeddedSwingComposite.doComponentCreation(EmbeddedSwingComposite.java:492) ~[com.st.stm32cube.common.mx.oss_6.11.1.202404110753/:?]
	at com.st.stm32cube.common.mx.oss.core.awtswtbridge.EmbeddedSwingComposite$4.run(EmbeddedSwingComposite.java:291) ~[com.st.stm32cube.common.mx.oss_6.11.1.202404110753/:?]
	at com.st.stm32cube.common.mx.oss.core.awtswtbridge.AwtEnvironment$2.run(AwtEnvironment.java:166) ~[com.st.stm32cube.common.mx.oss_6.11.1.202404110753/:?]
	at java.awt.event.InvocationEvent.dispatch(InvocationEvent.java:318) ~[?:?]
	at java.awt.EventQueue.dispatchEventImpl(EventQueue.java:773) ~[?:?]
	at java.awt.EventQueue$4.run(EventQueue.java:720) ~[?:?]
	at java.awt.EventQueue$4.run(EventQueue.java:714) ~[?:?]
	at java.security.AccessController.doPrivileged(AccessController.java:399) ~[?:?]
	at java.security.ProtectionDomain$JavaSecurityAccessImpl.doIntersectionPrivilege(ProtectionDomain.java:86) ~[?:?]
	at java.awt.EventQueue.dispatchEvent(EventQueue.java:742) ~[?:?]
	at java.awt.EventDispatchThread.pumpOneEventForFilters(EventDispatchThread.java:203) ~[?:?]
	at java.awt.EventDispatchThread.pumpEventsForFilter(EventDispatchThread.java:124) ~[?:?]
	at java.awt.EventDispatchThread.pumpEventsForHierarchy(EventDispatchThread.java:113) ~[?:?]
	at java.awt.EventDispatchThread.pumpEvents(EventDispatchThread.java:109) ~[?:?]
	at java.awt.EventDispatchThread.pumpEvents(EventDispatchThread.java:101) ~[?:?]
	at java.awt.EventDispatchThread.run(EventDispatchThread.java:90) ~[?:?]
2024-11-16 19:12:13,173 [WARN] ThirdParty:871 - waiting for thirdparty lock release [close project]
2024-11-16 19:12:13,173 [INFO] ThirdParty:873 - entering critical section [close project]
2024-11-16 19:12:13,173 [INFO] ThirdParty:883 - exiting critical section [close project]
2024-11-16 19:12:13,174 [INFO] PinOutPanel:1561 - setPackage(No Configuration,No Configuration)
2024-11-16 19:12:13,181 [INFO] UtilMem:75 - Begin LoadConfig() Used Memory: 651321864 Bytes (1073741824)
2024-11-16 19:12:13,195 [INFO] MicroXplorer:468 - Change Database Path : C:/Users/ethan/.stm32cubemx/databases/DB.6.0.30/db/
2024-11-16 19:12:13,195 [INFO] MicroXplorer:498 - Change Database Version : DB.6.0.30
2024-11-16 19:12:14,531 [INFO] OpenFileManager:312 - Change cursor
2024-11-16 19:12:14,546 [INFO] Mcu:2021 - Initializing MCU STM32F072R(8-B)Tx STM32F072RBTx STM32F072RBT6
2024-11-16 19:12:15,322 [INFO] Context:663 - Trying to add GPIOservice into a context  which must be forbidden
2024-11-16 19:12:15,559 [INFO] RtosManager:555 - Registered RTOS mode: class=CMSIS, group=RTOS, mode=CMSIS_V1, owner=FREERTOS
2024-11-16 19:12:15,560 [INFO] RtosManager:555 - Registered RTOS mode: class=CMSIS, group=RTOS2, mode=CMSIS_V2, owner=FREERTOS
2024-11-16 19:12:15,560 [INFO] RtosManager:555 - Registered RTOS mode: class=RTOS, group=Core, mode=CMSIS_V1, owner=FREERTOS
2024-11-16 19:12:15,560 [INFO] RtosManager:555 - Registered RTOS mode: class=RTOS, group=Core, mode=CMSIS_V2, owner=FREERTOS
2024-11-16 19:12:15,560 [WARN] ModelIntegratedComponent:184 - Missing modes for component STMicroelectronics:FreeRTOS:0.0.1:STMicroelectronics:RTOS:FreeRTOS:Core:::10.2.0:
2024-11-16 19:12:15,563 [WARN] ModelIntegratedComponent:63 - No mode defined for component null
2024-11-16 19:12:15,563 [WARN] ModelIntegratedComponent:63 - No mode defined for component null
2024-11-16 19:12:15,563 [WARN] ModelIntegratedComponent:63 - No mode defined for component null
2024-11-16 19:12:15,563 [WARN] ModelIntegratedComponent:63 - No mode defined for component null
2024-11-16 19:12:15,563 [WARN] ModelIntegratedComponent:63 - No mode defined for component null
2024-11-16 19:12:15,563 [WARN] ModelIntegratedComponent:63 - No mode defined for component null
2024-11-16 19:12:15,563 [WARN] ModelIntegratedComponent:63 - No mode defined for component null
2024-11-16 19:12:15,563 [WARN] ModelIntegratedComponent:63 - No mode defined for component null
2024-11-16 19:12:15,563 [WARN] ModelIntegratedComponent:63 - No mode defined for component null
2024-11-16 19:12:15,563 [WARN] ModelIntegratedComponent:63 - No mode defined for component null
2024-11-16 19:12:15,563 [WARN] ModelIntegratedComponent:63 - No mode defined for component null
2024-11-16 19:12:15,563 [WARN] ModelIntegratedComponent:63 - No mode defined for component null
2024-11-16 19:12:15,563 [WARN] ModelIntegratedComponent:63 - No mode defined for component null
2024-11-16 19:12:15,563 [WARN] ModelIntegratedComponent:63 - No mode defined for component null
2024-11-16 19:12:15,563 [WARN] ModelIntegratedComponent:63 - No mode defined for component null
2024-11-16 19:12:15,563 [WARN] ModelIntegratedComponent:63 - No mode defined for component null
2024-11-16 19:12:15,563 [WARN] ModelIntegratedComponent:63 - No mode defined for component null
2024-11-16 19:12:15,563 [WARN] ModelIntegratedComponent:63 - No mode defined for component null
2024-11-16 19:12:15,563 [WARN] ModelIntegratedComponent:63 - No mode defined for component null
2024-11-16 19:12:15,563 [WARN] ModelIntegratedComponent:63 - No mode defined for component null
2024-11-16 19:12:15,563 [WARN] ModelIntegratedComponent:63 - No mode defined for component null
2024-11-16 19:12:15,563 [WARN] ModelIntegratedComponent:63 - No mode defined for component null
2024-11-16 19:12:15,563 [WARN] ModelIntegratedComponent:63 - No mode defined for component null
2024-11-16 19:12:15,564 [WARN] ModelIntegratedComponent:63 - No mode defined for component null
2024-11-16 19:12:15,564 [WARN] ModelIntegratedComponent:63 - No mode defined for component null
2024-11-16 19:12:15,564 [WARN] ModelIntegratedComponent:63 - No mode defined for component null
2024-11-16 19:12:15,564 [WARN] ModelIntegratedComponent:63 - No mode defined for component null
2024-11-16 19:12:15,564 [WARN] ModelIntegratedComponent:63 - No mode defined for component null
2024-11-16 19:12:15,564 [WARN] ModelIntegratedComponent:63 - No mode defined for component null
2024-11-16 19:12:15,564 [WARN] ModelIntegratedComponent:63 - No mode defined for component null
2024-11-16 19:12:15,564 [WARN] ModelIntegratedComponent:63 - No mode defined for component null
2024-11-16 19:12:15,564 [WARN] ModelIntegratedComponent:63 - No mode defined for component null
2024-11-16 19:12:15,564 [WARN] ModelIntegratedComponent:63 - No mode defined for component null
2024-11-16 19:12:15,564 [WARN] ModelIntegratedComponent:63 - No mode defined for component null
2024-11-16 19:12:15,604 [INFO] ThirdPartyModel:298 - Start build external matchings
2024-11-16 19:12:15,912 [INFO] ThirdPartyModel:316 - End build external matchings
2024-11-16 19:12:15,921 [INFO] ImportTextPane:194 - (OptionalMessage_ERROR) IP (RCC) : Parameter (FLatency) has Id (AdvancedSettings) currently not set
2024-11-16 19:12:15,921 [INFO] ImportTextPane:194 - (OptionalMessage_ERROR) IP (RCC) : Invalid parameter (FamilyName)
2024-11-16 19:12:15,921 [INFO] ImportTextPane:194 - (OptionalMessage_ERROR) IP (RCC) : Invalid parameter (HSICECFreq_Value)
2024-11-16 19:12:15,921 [INFO] ImportTextPane:194 - (OptionalMessage_ERROR) IP (RCC) : Parameter (PREFETCH_ENABLE) has Id (AdvancedSettings) currently not set
2024-11-16 19:12:16,094 [INFO] UtilMem:75 - End LoadConfig() Used Memory: 592399048 Bytes (1073741824)
2024-11-16 19:12:16,140 [WARN] ThirdParty:833 - waiting for thirdparty lock release [change project]
2024-11-16 19:12:16,140 [INFO] ThirdParty:835 - entering critical section [change project]
2024-11-16 19:12:16,140 [INFO] ThirdParty:1030 - CMSIS Pack Vendor :STMicroelectronics USBPD 4.1
2024-11-16 19:12:16,140 [INFO] ThirdParty:1030 - CMSIS Pack Vendor :STMicroelectronics X-CUBE-AZRTOS-H7 3.3.0
2024-11-16 19:12:16,140 [INFO] ThirdParty:1030 - CMSIS Pack Vendor :STMicroelectronics X-CUBE-NFC9 1.0.0
2024-11-16 19:12:16,140 [INFO] ThirdParty:1030 - CMSIS Pack Vendor :STMicroelectronics X-CUBE-GNSS1 6.0.0
2024-11-16 19:12:16,140 [INFO] ThirdParty:1030 - CMSIS Pack Vendor :STMicroelectronics USB_HOST 2.0.0
2024-11-16 19:12:16,140 [INFO] ThirdParty:1030 - CMSIS Pack Vendor :STMicroelectronics FP-SNS-MOTENVWB1 1.4.0
2024-11-16 19:12:16,140 [INFO] ThirdParty:1030 - CMSIS Pack Vendor :STMicroelectronics X-CUBE-AZRTOS-F4 1.1.0
2024-11-16 19:12:16,140 [INFO] ThirdParty:1030 - CMSIS Pack Vendor :STMicroelectronics LIBJPEG 8.0.0
2024-11-16 19:12:16,140 [INFO] ThirdParty:1030 - CMSIS Pack Vendor :STMicroelectronics FP-ATR-ASTRA1 2.0.1
2024-11-16 19:12:16,140 [INFO] ThirdParty:1030 - CMSIS Pack Vendor :STMicroelectronics X-CUBE-SMBUS 2.1.0
2024-11-16 19:12:16,140 [INFO] ThirdParty:1030 - CMSIS Pack Vendor :STMicroelectronics X-CUBE-WB05N 1.1.0
2024-11-16 19:12:16,140 [INFO] ThirdParty:1030 - CMSIS Pack Vendor :STMicroelectronics USB_DEVICE 3.0.0
2024-11-16 19:12:16,140 [INFO] ThirdParty:1030 - CMSIS Pack Vendor :STMicroelectronics X-CUBE-TCPP 4.1.0
2024-11-16 19:12:16,140 [INFO] ThirdParty:1030 - CMSIS Pack Vendor :STMicroelectronics X-CUBE-ISPU 2.1.0
2024-11-16 19:12:16,140 [INFO] ThirdParty:1030 - CMSIS Pack Vendor :STMicroelectronics X-CUBE-FREERTOS 1.2.0
2024-11-16 19:12:16,140 [INFO] ThirdParty:1030 - CMSIS Pack Vendor :STMicroelectronics X-CUBE-IPS 3.0.0
2024-11-16 19:12:16,140 [INFO] ThirdParty:1030 - CMSIS Pack Vendor :STMicroelectronics X-CUBE-AZRTOS-WB 2.0.0
2024-11-16 19:12:16,140 [INFO] ThirdParty:1030 - CMSIS Pack Vendor :STMicroelectronics X-CUBE-GNSS1 7.0.0
2024-11-16 19:12:16,140 [INFO] ThirdParty:1030 - CMSIS Pack Vendor :STMicroelectronics X-CUBE-TOUCHGFX 4.23.2
2024-11-16 19:12:16,140 [INFO] ThirdParty:1030 - CMSIS Pack Vendor :STMicroelectronics X-CUBE-AZRTOS-F7 1.1.0
2024-11-16 19:12:16,140 [INFO] ThirdParty:1030 - CMSIS Pack Vendor :STMicroelectronics X-CUBE-AZRTOS-L5 2.0.0
2024-11-16 19:12:16,140 [INFO] ThirdParty:1030 - CMSIS Pack Vendor :STMicroelectronics USB_DEVICE 2.0.0
2024-11-16 19:12:16,140 [INFO] ThirdParty:1030 - CMSIS Pack Vendor :STMicroelectronics X-CUBE-NFC6 3.1.0
2024-11-16 19:12:16,140 [INFO] ThirdParty:1030 - CMSIS Pack Vendor :STMicroelectronics FP-SNS-STBOX1 2.0.0
2024-11-16 19:12:16,140 [INFO] ThirdParty:1030 - CMSIS Pack Vendor :STMicroelectronics X-CUBE-MEMS1 11.0.0
2024-11-16 19:12:16,140 [INFO] ThirdParty:1030 - CMSIS Pack Vendor :STMicroelectronics FreeRTOS 0.0.1
2024-11-16 19:12:16,140 [INFO] ThirdParty:1030 - CMSIS Pack Vendor :STMicroelectronics X-CUBE-AZRTOS-G0 1.1.0
2024-11-16 19:12:16,140 [INFO] ThirdParty:1030 - CMSIS Pack Vendor :STMicroelectronics X-CUBE-SAFEA1 1.2.2
2024-11-16 19:12:16,140 [INFO] ThirdParty:1030 - CMSIS Pack Vendor :STMicroelectronics X-CUBE-NFC4 3.0.0
2024-11-16 19:12:16,140 [INFO] ThirdParty:1030 - CMSIS Pack Vendor :STMicroelectronics X-CUBE-DPower 1.2.0
2024-11-16 19:12:16,140 [INFO] ThirdParty:1030 - CMSIS Pack Vendor :STMicroelectronics X-CUBE-SUBG2 5.0.0
2024-11-16 19:12:16,140 [INFO] ThirdParty:1030 - CMSIS Pack Vendor :STMicroelectronics STM32_WPAN 1.0.0
2024-11-16 19:12:16,140 [INFO] ThirdParty:1030 - CMSIS Pack Vendor :EmbeddedOffice I-CUBE-FS-RTOS 1.0.1
2024-11-16 19:12:16,140 [INFO] ThirdParty:1030 - CMSIS Pack Vendor :STMicroelectronics lwIP 2.0.3
2024-11-16 19:12:16,140 [INFO] ThirdParty:1030 - CMSIS Pack Vendor :STMicroelectronics FP-SNS-FLIGHT1 5.0.2
2024-11-16 19:12:16,140 [INFO] ThirdParty:1030 - CMSIS Pack Vendor :Cesanta I-CUBE-Mongoose 7.13.0
2024-11-16 19:12:16,140 [INFO] ThirdParty:1030 - CMSIS Pack Vendor :STMicroelectronics USB_HOST 1.0.0
2024-11-16 19:12:16,140 [INFO] ThirdParty:1030 - CMSIS Pack Vendor :STMicroelectronics X-CUBE-AI 9.0.0
2024-11-16 19:12:16,140 [INFO] ThirdParty:1030 - CMSIS Pack Vendor :STMicroelectronics X-CUBE-AZRTOS-G4 2.0.0
2024-11-16 19:12:16,140 [INFO] ThirdParty:1030 - CMSIS Pack Vendor :STMicroelectronics PDM2PCM 3.1.0
2024-11-16 19:12:16,140 [INFO] ThirdParty:1030 - CMSIS Pack Vendor :STMicroelectronics PDM2PCM 3.3.0
2024-11-16 19:12:16,140 [INFO] ThirdParty:1030 - CMSIS Pack Vendor :STMicroelectronics X-CUBE-DISPLAY 3.0.0
2024-11-16 19:12:16,140 [INFO] ThirdParty:1030 - CMSIS Pack Vendor :RealThread X-CUBE-RT-Thread_Nano 4.1.1
2024-11-16 19:12:16,140 [INFO] ThirdParty:1030 - CMSIS Pack Vendor :wolfSSL I-CUBE-wolfSSL 5.7.0
2024-11-16 19:12:16,140 [INFO] ThirdParty:1030 - CMSIS Pack Vendor :STMicroelectronics X-CUBE-BLE1 7.0.0
2024-11-16 19:12:16,140 [INFO] ThirdParty:1030 - CMSIS Pack Vendor :STMicroelectronics FP-ATR-SIGFOX1 3.2.0
2024-11-16 19:12:16,140 [INFO] ThirdParty:1030 - CMSIS Pack Vendor :STMicroelectronics X-CUBE-NFC10 1.0.0
2024-11-16 19:12:16,140 [INFO] ThirdParty:1030 - CMSIS Pack Vendor :quantropi X-CUBE-qispace-sdk-base 1.9.3
2024-11-16 19:12:16,140 [INFO] ThirdParty:1030 - CMSIS Pack Vendor :STMicroelectronics X-CUBE-ISPU 2.0.0
2024-11-16 19:12:16,140 [INFO] ThirdParty:1030 - CMSIS Pack Vendor :STMicroelectronics X-CUBE-EEPRMA1 5.1.0
2024-11-16 19:12:16,140 [INFO] ThirdParty:1030 - CMSIS Pack Vendor :STMicroelectronics HAL Drivers 0.0.0
2024-11-16 19:12:16,140 [INFO] ThirdParty:1030 - CMSIS Pack Vendor :STMicroelectronics MBEDTLS 2.16.2
2024-11-16 19:12:16,140 [INFO] ThirdParty:1030 - CMSIS Pack Vendor :STMicroelectronics X-CUBE-ALS 1.0.2
2024-11-16 19:12:16,140 [INFO] ThirdParty:1030 - CMSIS Pack Vendor :emotas I-CUBE-CANOPEN 1.3.0
2024-11-16 19:12:16,140 [INFO] ThirdParty:1030 - CMSIS Pack Vendor :STMicroelectronics X-CUBE-MEMS1 10.0.0
2024-11-16 19:12:16,140 [INFO] ThirdParty:1030 - CMSIS Pack Vendor :STMicroelectronics X-CUBE-NFC7 1.0.1
2024-11-16 19:12:16,140 [INFO] ThirdParty:1030 - CMSIS Pack Vendor :STMicroelectronics MBEDTLS 2.14.1
2024-11-16 19:12:16,141 [INFO] ThirdParty:1030 - CMSIS Pack Vendor :STMicroelectronics X-CUBE-TOUCHGFX 4.24.0
2024-11-16 19:12:16,141 [INFO] ThirdParty:1030 - CMSIS Pack Vendor :ITTIA_DB I-CUBE-ITTIADB 8.9.0
2024-11-16 19:12:16,141 [INFO] ThirdParty:1030 - CMSIS Pack Vendor :STMicroelectronics X-CUBE-TOUCHGFX 4.24.1
2024-11-16 19:12:16,141 [INFO] ThirdParty:1030 - CMSIS Pack Vendor :wolfSSL I-CUBE-wolfTPM 3.4.0
2024-11-16 19:12:16,141 [INFO] ThirdParty:1030 - CMSIS Pack Vendor :portGmbH I-Cube-SoM-uGOAL 1.1.0
2024-11-16 19:12:16,141 [INFO] ThirdParty:1030 - CMSIS Pack Vendor :STMicroelectronics X-CUBE-BLEMGR 3.1.0
2024-11-16 19:12:16,141 [INFO] ThirdParty:1030 - CMSIS Pack Vendor :STMicroelectronics ThreadX 1.0.0
2024-11-16 19:12:16,141 [INFO] ThirdParty:1030 - CMSIS Pack Vendor :STMicroelectronics FP-SNS-SMARTAG2 1.2.0
2024-11-16 19:12:16,141 [INFO] ThirdParty:1030 - CMSIS Pack Vendor :STMicroelectronics X-CUBE-AZRTOS-WL 2.0.0
2024-11-16 19:12:16,141 [INFO] ThirdParty:1030 - CMSIS Pack Vendor :SEGGER I-CUBE-embOS 1.3.1
2024-11-16 19:12:16,141 [INFO] ThirdParty:1030 - CMSIS Pack Vendor :STMicroelectronics X-CUBE-ALGOBUILD 1.4.0
2024-11-16 19:12:16,141 [INFO] ThirdParty:1030 - CMSIS Pack Vendor :STMicroelectronics FP-SNS-MOTENV1 5.0.0
2024-11-16 19:12:16,141 [INFO] ThirdParty:1030 - CMSIS Pack Vendor :STMicroelectronics USB_DEVICE 1.0.0
2024-11-16 19:12:16,141 [INFO] ThirdParty:1030 - CMSIS Pack Vendor :STMicroelectronics X-CUBE-AZRTOS-H7RS 1.0.0
2024-11-16 19:12:16,141 [INFO] ThirdParty:1030 - CMSIS Pack Vendor :wolfSSL I-CUBE-wolfMQTT 1.19.0
2024-11-16 19:12:16,141 [INFO] ThirdParty:1030 - CMSIS Pack Vendor :STMicroelectronics X-CUBE-AZRTOS-L4 2.0.0
2024-11-16 19:12:16,141 [INFO] ThirdParty:1030 - CMSIS Pack Vendor :STMicroelectronics ThreadX 0.0.2
2024-11-16 19:12:16,141 [INFO] ThirdParty:1030 - CMSIS Pack Vendor :WES I-CUBE-Cesium 1.3.0
2024-11-16 19:12:16,141 [INFO] ThirdParty:1030 - CMSIS Pack Vendor :STMicroelectronics FP-ATR-ASTRA1 2.0.0
2024-11-16 19:12:16,141 [INFO] ThirdParty:1030 - CMSIS Pack Vendor :STMicroelectronics lwIP 2.1.2
2024-11-16 19:12:16,141 [INFO] ThirdParty:1030 - CMSIS Pack Vendor :STMicroelectronics X-CUBE-SFXS2LP1 4.0.0
2024-11-16 19:12:16,141 [INFO] ThirdParty:1030 - CMSIS Pack Vendor :STMicroelectronics X-CUBE-BLE2 3.3.0
2024-11-16 19:12:16,141 [INFO] ThirdParty:1030 - CMSIS Pack Vendor :STMicroelectronics X-CUBE-TOF1 3.4.2
2024-11-16 19:12:16,141 [INFO] ThirdParty:1030 - CMSIS Pack Vendor :STMicroelectronics X-CUBE-AI 9.1.0
2024-11-16 19:12:16,141 [INFO] ThirdParty:1030 - CMSIS Pack Vendor :STMicroelectronics X-CUBE-TOF1 3.4.1
2024-11-16 19:12:16,141 [INFO] ThirdParty:1030 - CMSIS Pack Vendor :STMicroelectronics X-CUBE-AZRTOS-H7 3.2.0
2024-11-16 19:12:16,141 [INFO] ThirdParty:1030 - CMSIS Pack Vendor :Infineon AIROC-Wi-Fi-Bluetooth-STM32 1.6.0
2024-11-16 19:12:16,141 [INFO] ThirdParty:1030 - CMSIS Pack Vendor :STMicroelectronics PDM2PCM 3.2.0
2024-11-16 19:12:16,141 [INFO] ThirdParty:1030 - CMSIS Pack Vendor :wolfSSL I-CUBE-wolfSSH 1.4.17
2024-11-16 19:12:16,141 [INFO] ThirdParty:841 - exiting critical section [change project]
2024-11-16 19:12:16,250 [INFO] PinOutPanel:1561 - setPackage(No Configuration,No Configuration)
2024-11-16 19:12:16,250 [INFO] PinOutPanel:1561 - setPackage(STM32F072RBTx,LQFP64)
2024-11-16 19:12:16,555 [INFO] UtilMem:75 - Before build in PCC Used Memory: 610494608 Bytes (1073741824)
2024-11-16 19:12:16,767 [INFO] UtilMem:75 - After build in PCC Used Memory: 654008464 Bytes (1073741824)
2024-11-16 19:12:16,784 [INFO] IPUIPlugin:80 - create IPUIPlugin
2024-11-16 19:12:16,784 [INFO] IPUIPlugin:80 - create IPUIPlugin
2024-11-16 19:12:16,784 [INFO] IPUIPlugin:80 - create IPUIPlugin
2024-11-16 19:12:16,784 [INFO] IPUIPlugin:80 - create IPUIPlugin
2024-11-16 19:12:16,784 [INFO] IPUIPlugin:80 - create IPUIPlugin
2024-11-16 19:12:16,784 [INFO] IPUIPlugin:80 - create IPUIPlugin
2024-11-16 19:12:16,784 [INFO] IPUIPlugin:80 - create IPUIPlugin
2024-11-16 19:12:16,784 [INFO] IPUIPlugin:80 - create IPUIPlugin
2024-11-16 19:12:16,784 [INFO] IPUIPlugin:80 - create IPUIPlugin
2024-11-16 19:12:16,785 [INFO] IPUIPlugin:80 - create IPUIPlugin
2024-11-16 19:12:16,785 [INFO] IPUIPlugin:80 - create IPUIPlugin
2024-11-16 19:12:16,785 [INFO] IPUIPlugin:80 - create IPUIPlugin
2024-11-16 19:12:16,785 [INFO] IPUIPlugin:80 - create IPUIPlugin
2024-11-16 19:12:16,785 [INFO] IPUIPlugin:80 - create IPUIPlugin
2024-11-16 19:12:16,785 [INFO] IPUIPlugin:80 - create IPUIPlugin
2024-11-16 19:12:16,785 [INFO] IPUIPlugin:80 - create IPUIPlugin
2024-11-16 19:12:16,785 [INFO] IPUIPlugin:80 - create IPUIPlugin
2024-11-16 19:12:16,785 [INFO] IPUIPlugin:80 - create IPUIPlugin
2024-11-16 19:12:16,785 [INFO] IPUIPlugin:80 - create IPUIPlugin
2024-11-16 19:12:16,785 [INFO] IPUIPlugin:80 - create IPUIPlugin
2024-11-16 19:12:16,785 [INFO] IPUIPlugin:80 - create IPUIPlugin
2024-11-16 19:12:16,785 [INFO] IPUIPlugin:80 - create IPUIPlugin
2024-11-16 19:12:16,785 [INFO] IPUIPlugin:80 - create IPUIPlugin
2024-11-16 19:12:16,785 [INFO] IPUIPlugin:80 - create IPUIPlugin
2024-11-16 19:12:16,785 [INFO] IPUIPlugin:80 - create IPUIPlugin
2024-11-16 19:12:16,785 [INFO] IPUIPlugin:80 - create IPUIPlugin
2024-11-16 19:12:16,786 [INFO] IPUIPlugin:80 - create IPUIPlugin
2024-11-16 19:12:16,786 [INFO] IPUIPlugin:80 - create IPUIPlugin
2024-11-16 19:12:16,786 [INFO] IPUIPlugin:80 - create IPUIPlugin
2024-11-16 19:12:16,786 [INFO] IPUIPlugin:80 - create IPUIPlugin
2024-11-16 19:12:16,786 [INFO] IPUIPlugin:80 - create IPUIPlugin
2024-11-16 19:12:16,786 [INFO] IPUIPlugin:80 - create IPUIPlugin
2024-11-16 19:12:16,786 [INFO] IPUIPlugin:80 - create IPUIPlugin
2024-11-16 19:12:16,786 [INFO] IPUIPlugin:80 - create IPUIPlugin
2024-11-16 19:12:16,786 [INFO] IPUIPlugin:80 - create IPUIPlugin
2024-11-16 19:12:16,786 [INFO] IPUIPlugin:80 - create IPUIPlugin
2024-11-16 19:12:16,786 [INFO] IPUIPlugin:80 - create IPUIPlugin
2024-11-16 19:12:16,787 [INFO] IPUIPlugin:80 - create IPUIPlugin
2024-11-16 19:12:16,787 [INFO] IPUIPlugin:80 - create IPUIPlugin
2024-11-16 19:12:16,787 [INFO] IPUIPlugin:80 - create IPUIPlugin
2024-11-16 19:12:16,787 [INFO] IPUIPlugin:80 - create IPUIPlugin
2024-11-16 19:12:16,839 [INFO] CADModel:165 - CPN selected for project levelSTM32F072RBT6
2024-11-16 19:12:16,839 [INFO] CADModel:114 - Register for checkConnection events
2024-11-16 19:12:16,895 [INFO] OpenFileManager:343 - Restore cursor
2024-11-16 19:13:38,669 [INFO] MainUpdater:2873 - connection check result : 10
2024-11-16 19:13:38,669 [INFO] MainUpdater:2873 - connection check result : 10
2024-11-16 19:13:38,692 [INFO] MicroXplorer:468 - Change Database Path : 
2024-11-16 19:13:38,692 [INFO] MicroXplorer:498 - Change Database Version : DB.6.0.111
2024-11-16 19:13:38,697 [ERROR] ProjectManagerView:394 - 
java.lang.NullPointerException: Cannot invoke "javax.swing.JTextField.getText()" because the return value of "java.util.List.get(int)" is null
	at com.st.microxplorer.plugins.projectmanager.gui.ProjectChoiceTab$10.caretUpdate(ProjectChoiceTab.java:2504) ~[filemanager.jar:?]
	at javax.swing.text.JTextComponent.fireCaretUpdate(JTextComponent.java:412) ~[?:?]
	at javax.swing.text.JTextComponent$MutableCaretEvent.fire(JTextComponent.java:4491) ~[?:?]
	at javax.swing.text.JTextComponent$MutableCaretEvent.stateChanged(JTextComponent.java:4513) ~[?:?]
	at javax.swing.text.DefaultCaret.fireStateChanged(DefaultCaret.java:842) ~[?:?]
	at javax.swing.text.DefaultCaret.changeCaretPosition(DefaultCaret.java:1313) ~[?:?]
	at javax.swing.text.DefaultCaret.handleSetDot(DefaultCaret.java:1212) ~[?:?]
	at javax.swing.text.DefaultCaret.setDot(DefaultCaret.java:1193) ~[?:?]
	at javax.swing.text.DefaultCaret$Handler.insertUpdate(DefaultCaret.java:1789) ~[?:?]
	at javax.swing.text.AbstractDocument.fireInsertUpdate(AbstractDocument.java:226) ~[?:?]
	at javax.swing.text.AbstractDocument.handleInsertString(AbstractDocument.java:780) ~[?:?]
	at javax.swing.text.AbstractDocument.insertString(AbstractDocument.java:739) ~[?:?]
	at javax.swing.text.PlainDocument.insertString(PlainDocument.java:131) ~[?:?]
	at javax.swing.text.AbstractDocument.replace(AbstractDocument.java:698) ~[?:?]
	at javax.swing.text.JTextComponent.setText(JTextComponent.java:1729) ~[?:?]
	at com.st.microxplorer.plugins.projectmanager.gui.ProjectChoiceTab.createHeapStackFields(ProjectChoiceTab.java:944) ~[filemanager.jar:?]
	at com.st.microxplorer.plugins.projectmanager.gui.ProjectChoiceTab.buildLinkSettingsPanel(ProjectChoiceTab.java:3475) ~[filemanager.jar:?]
	at com.st.microxplorer.plugins.projectmanager.gui.ProjectChoiceTab.defineWindowsFields(ProjectChoiceTab.java:1816) ~[filemanager.jar:?]
	at com.st.microxplorer.plugins.projectmanager.gui.ProjectChoiceTab.updateSettings(ProjectChoiceTab.java:544) ~[filemanager.jar:?]
	at com.st.microxplorer.plugins.projectmanager.gui.ProjectSettingsPanel.UpdateDialog(ProjectSettingsPanel.java:245) ~[filemanager.jar:?]
	at com.st.microxplorer.plugins.projectmanager.ProjectManagerView.propertyChange(ProjectManagerView.java:391) ~[filemanager.jar:?]
	at java.beans.PropertyChangeSupport.fire(PropertyChangeSupport.java:343) ~[?:?]
	at java.beans.PropertyChangeSupport.firePropertyChange(PropertyChangeSupport.java:335) ~[?:?]
	at java.beans.PropertyChangeSupport.firePropertyChange(PropertyChangeSupport.java:268) ~[?:?]
	at com.st.microxplorer.util.MXPropertyChangeSupport.firePropertyChange(MXPropertyChangeSupport.java:54) ~[STM32CubeMX.jar:?]
	at com.st.microxplorer.mxsystem.MxSystem.closeConfig(MxSystem.java:900) ~[STM32CubeMX.jar:?]
	at com.st.microxplorer.maingui.MainPanel.closeConfig(MainPanel.java:776) ~[STM32CubeMX.jar:?]
	at com.st.microxplorer.plugins.filemanager.engine.OpenFileManager.loadConfigurationFile(OpenFileManager.java:245) ~[filemanager.jar:?]
	at com.st.microxplorer.plugins.filemanager.engine.MainFileManager.userLoadConfig(MainFileManager.java:315) ~[filemanager.jar:?]
	at com.st.microxplorer.plugins.filemanager.engine.MainFileManager.userLoadConfig(MainFileManager.java:293) ~[filemanager.jar:?]
	at com.st.microxplorer.plugins.filemanager.FileManagerView.getSpecificTask(FileManagerView.java:247) ~[filemanager.jar:?]
	at com.st.stm32cube.common.mx.editor.CubeMxEditor.getMxTabbedPaneInstance(CubeMxEditor.java:1198) ~[com.st.stm32cube.common.mx_6.11.1.202404110753/:?]
	at com.st.stm32cube.common.mx.editor.CubeMxEditor$12$1.createSwingComponent(CubeMxEditor.java:1068) ~[com.st.stm32cube.common.mx_6.11.1.202404110753/:?]
	at com.st.stm32cube.common.mx.oss.core.awtswtbridge.EmbeddedSwingComposite.doComponentCreation(EmbeddedSwingComposite.java:492) ~[com.st.stm32cube.common.mx.oss_6.11.1.202404110753/:?]
	at com.st.stm32cube.common.mx.oss.core.awtswtbridge.EmbeddedSwingComposite$4.run(EmbeddedSwingComposite.java:291) ~[com.st.stm32cube.common.mx.oss_6.11.1.202404110753/:?]
	at com.st.stm32cube.common.mx.oss.core.awtswtbridge.AwtEnvironment$2.run(AwtEnvironment.java:166) ~[com.st.stm32cube.common.mx.oss_6.11.1.202404110753/:?]
	at java.awt.event.InvocationEvent.dispatch(InvocationEvent.java:318) ~[?:?]
	at java.awt.EventQueue.dispatchEventImpl(EventQueue.java:773) ~[?:?]
	at java.awt.EventQueue$4.run(EventQueue.java:720) ~[?:?]
	at java.awt.EventQueue$4.run(EventQueue.java:714) ~[?:?]
	at java.security.AccessController.doPrivileged(AccessController.java:399) ~[?:?]
	at java.security.ProtectionDomain$JavaSecurityAccessImpl.doIntersectionPrivilege(ProtectionDomain.java:86) ~[?:?]
	at java.awt.EventQueue.dispatchEvent(EventQueue.java:742) ~[?:?]
	at java.awt.EventDispatchThread.pumpOneEventForFilters(EventDispatchThread.java:203) ~[?:?]
	at java.awt.EventDispatchThread.pumpEventsForFilter(EventDispatchThread.java:124) ~[?:?]
	at java.awt.EventDispatchThread.pumpEventsForHierarchy(EventDispatchThread.java:113) ~[?:?]
	at java.awt.EventDispatchThread.pumpEvents(EventDispatchThread.java:109) ~[?:?]
	at java.awt.EventDispatchThread.pumpEvents(EventDispatchThread.java:101) ~[?:?]
	at java.awt.EventDispatchThread.run(EventDispatchThread.java:90) ~[?:?]
2024-11-16 19:13:38,698 [WARN] ThirdParty:871 - waiting for thirdparty lock release [close project]
2024-11-16 19:13:38,698 [INFO] ThirdParty:873 - entering critical section [close project]
2024-11-16 19:13:38,698 [INFO] ThirdParty:883 - exiting critical section [close project]
2024-11-16 19:13:38,698 [INFO] PinOutPanel:1561 - setPackage(No Configuration,No Configuration)
2024-11-16 19:13:38,700 [INFO] UtilMem:75 - Begin LoadConfig() Used Memory: 659780424 Bytes (1073741824)
2024-11-16 19:13:38,703 [INFO] MicroXplorer:468 - Change Database Path : C:/Users/ethan/.stm32cubemx/databases/DB.6.0.30/db/
2024-11-16 19:13:38,703 [INFO] MicroXplorer:498 - Change Database Version : DB.6.0.30
2024-11-16 19:13:39,631 [INFO] OpenFileManager:312 - Change cursor
2024-11-16 19:13:39,636 [INFO] Mcu:2021 - Initializing MCU STM32F072R(8-B)Tx STM32F072RBTx STM32F072RBT6
2024-11-16 19:13:40,179 [INFO] Context:663 - Trying to add GPIOservice into a context  which must be forbidden
2024-11-16 19:13:40,368 [INFO] RtosManager:555 - Registered RTOS mode: class=CMSIS, group=RTOS, mode=CMSIS_V1, owner=FREERTOS
2024-11-16 19:13:40,368 [INFO] RtosManager:555 - Registered RTOS mode: class=CMSIS, group=RTOS2, mode=CMSIS_V2, owner=FREERTOS
2024-11-16 19:13:40,368 [INFO] RtosManager:555 - Registered RTOS mode: class=RTOS, group=Core, mode=CMSIS_V1, owner=FREERTOS
2024-11-16 19:13:40,368 [INFO] RtosManager:555 - Registered RTOS mode: class=RTOS, group=Core, mode=CMSIS_V2, owner=FREERTOS
2024-11-16 19:13:40,368 [WARN] ModelIntegratedComponent:184 - Missing modes for component STMicroelectronics:FreeRTOS:0.0.1:STMicroelectronics:RTOS:FreeRTOS:Core:::10.2.0:
2024-11-16 19:13:40,373 [WARN] ModelIntegratedComponent:63 - No mode defined for component null
2024-11-16 19:13:40,373 [WARN] ModelIntegratedComponent:63 - No mode defined for component null
2024-11-16 19:13:40,373 [WARN] ModelIntegratedComponent:63 - No mode defined for component null
2024-11-16 19:13:40,373 [WARN] ModelIntegratedComponent:63 - No mode defined for component null
2024-11-16 19:13:40,373 [WARN] ModelIntegratedComponent:63 - No mode defined for component null
2024-11-16 19:13:40,373 [WARN] ModelIntegratedComponent:63 - No mode defined for component null
2024-11-16 19:13:40,373 [WARN] ModelIntegratedComponent:63 - No mode defined for component null
2024-11-16 19:13:40,373 [WARN] ModelIntegratedComponent:63 - No mode defined for component null
2024-11-16 19:13:40,373 [WARN] ModelIntegratedComponent:63 - No mode defined for component null
2024-11-16 19:13:40,373 [WARN] ModelIntegratedComponent:63 - No mode defined for component null
2024-11-16 19:13:40,373 [WARN] ModelIntegratedComponent:63 - No mode defined for component null
2024-11-16 19:13:40,373 [WARN] ModelIntegratedComponent:63 - No mode defined for component null
2024-11-16 19:13:40,373 [WARN] ModelIntegratedComponent:63 - No mode defined for component null
2024-11-16 19:13:40,373 [WARN] ModelIntegratedComponent:63 - No mode defined for component null
2024-11-16 19:13:40,373 [WARN] ModelIntegratedComponent:63 - No mode defined for component null
2024-11-16 19:13:40,373 [WARN] ModelIntegratedComponent:63 - No mode defined for component null
2024-11-16 19:13:40,374 [WARN] ModelIntegratedComponent:63 - No mode defined for component null
2024-11-16 19:13:40,374 [WARN] ModelIntegratedComponent:63 - No mode defined for component null
2024-11-16 19:13:40,374 [WARN] ModelIntegratedComponent:63 - No mode defined for component null
2024-11-16 19:13:40,374 [WARN] ModelIntegratedComponent:63 - No mode defined for component null
2024-11-16 19:13:40,374 [WARN] ModelIntegratedComponent:63 - No mode defined for component null
2024-11-16 19:13:40,374 [WARN] ModelIntegratedComponent:63 - No mode defined for component null
2024-11-16 19:13:40,374 [WARN] ModelIntegratedComponent:63 - No mode defined for component null
2024-11-16 19:13:40,374 [WARN] ModelIntegratedComponent:63 - No mode defined for component null
2024-11-16 19:13:40,374 [WARN] ModelIntegratedComponent:63 - No mode defined for component null
2024-11-16 19:13:40,374 [WARN] ModelIntegratedComponent:63 - No mode defined for component null
2024-11-16 19:13:40,374 [WARN] ModelIntegratedComponent:63 - No mode defined for component null
2024-11-16 19:13:40,374 [WARN] ModelIntegratedComponent:63 - No mode defined for component null
2024-11-16 19:13:40,374 [WARN] ModelIntegratedComponent:63 - No mode defined for component null
2024-11-16 19:13:40,374 [WARN] ModelIntegratedComponent:63 - No mode defined for component null
2024-11-16 19:13:40,374 [WARN] ModelIntegratedComponent:63 - No mode defined for component null
2024-11-16 19:13:40,374 [WARN] ModelIntegratedComponent:63 - No mode defined for component null
2024-11-16 19:13:40,374 [WARN] ModelIntegratedComponent:63 - No mode defined for component null
2024-11-16 19:13:40,374 [WARN] ModelIntegratedComponent:63 - No mode defined for component null
2024-11-16 19:13:40,431 [INFO] ThirdPartyModel:298 - Start build external matchings
2024-11-16 19:13:40,727 [INFO] ThirdPartyModel:316 - End build external matchings
2024-11-16 19:13:40,734 [INFO] ImportTextPane:194 - (OptionalMessage_ERROR) IP (RCC) : Parameter (FLatency) has Id (AdvancedSettings) currently not set
2024-11-16 19:13:40,734 [INFO] ImportTextPane:194 - (OptionalMessage_ERROR) IP (RCC) : Invalid parameter (FamilyName)
2024-11-16 19:13:40,734 [INFO] ImportTextPane:194 - (OptionalMessage_ERROR) IP (RCC) : Invalid parameter (HSICECFreq_Value)
2024-11-16 19:13:40,734 [INFO] ImportTextPane:194 - (OptionalMessage_ERROR) IP (RCC) : Parameter (PREFETCH_ENABLE) has Id (AdvancedSettings) currently not set
2024-11-16 19:13:40,890 [INFO] UtilMem:75 - End LoadConfig() Used Memory: 910948968 Bytes (1073741824)
2024-11-16 19:13:40,926 [WARN] ThirdParty:833 - waiting for thirdparty lock release [change project]
2024-11-16 19:13:40,927 [INFO] ThirdParty:835 - entering critical section [change project]
2024-11-16 19:13:40,927 [INFO] ThirdParty:1030 - CMSIS Pack Vendor :STMicroelectronics USBPD 4.1
2024-11-16 19:13:40,927 [INFO] ThirdParty:1030 - CMSIS Pack Vendor :STMicroelectronics X-CUBE-AZRTOS-H7 3.3.0
2024-11-16 19:13:40,927 [INFO] ThirdParty:1030 - CMSIS Pack Vendor :STMicroelectronics X-CUBE-NFC9 1.0.0
2024-11-16 19:13:40,927 [INFO] ThirdParty:1030 - CMSIS Pack Vendor :STMicroelectronics X-CUBE-GNSS1 6.0.0
2024-11-16 19:13:40,927 [INFO] ThirdParty:1030 - CMSIS Pack Vendor :STMicroelectronics USB_HOST 2.0.0
2024-11-16 19:13:40,927 [INFO] ThirdParty:1030 - CMSIS Pack Vendor :STMicroelectronics FP-SNS-MOTENVWB1 1.4.0
2024-11-16 19:13:40,927 [INFO] ThirdParty:1030 - CMSIS Pack Vendor :STMicroelectronics X-CUBE-AZRTOS-F4 1.1.0
2024-11-16 19:13:40,927 [INFO] ThirdParty:1030 - CMSIS Pack Vendor :STMicroelectronics LIBJPEG 8.0.0
2024-11-16 19:13:40,927 [INFO] ThirdParty:1030 - CMSIS Pack Vendor :STMicroelectronics FP-ATR-ASTRA1 2.0.1
2024-11-16 19:13:40,927 [INFO] ThirdParty:1030 - CMSIS Pack Vendor :STMicroelectronics X-CUBE-SMBUS 2.1.0
2024-11-16 19:13:40,927 [INFO] ThirdParty:1030 - CMSIS Pack Vendor :STMicroelectronics X-CUBE-WB05N 1.1.0
2024-11-16 19:13:40,927 [INFO] ThirdParty:1030 - CMSIS Pack Vendor :STMicroelectronics USB_DEVICE 3.0.0
2024-11-16 19:13:40,927 [INFO] ThirdParty:1030 - CMSIS Pack Vendor :STMicroelectronics X-CUBE-TCPP 4.1.0
2024-11-16 19:13:40,927 [INFO] ThirdParty:1030 - CMSIS Pack Vendor :STMicroelectronics X-CUBE-ISPU 2.1.0
2024-11-16 19:13:40,927 [INFO] ThirdParty:1030 - CMSIS Pack Vendor :STMicroelectronics X-CUBE-FREERTOS 1.2.0
2024-11-16 19:13:40,927 [INFO] ThirdParty:1030 - CMSIS Pack Vendor :STMicroelectronics X-CUBE-IPS 3.0.0
2024-11-16 19:13:40,927 [INFO] ThirdParty:1030 - CMSIS Pack Vendor :STMicroelectronics X-CUBE-AZRTOS-WB 2.0.0
2024-11-16 19:13:40,927 [INFO] ThirdParty:1030 - CMSIS Pack Vendor :STMicroelectronics X-CUBE-GNSS1 7.0.0
2024-11-16 19:13:40,927 [INFO] ThirdParty:1030 - CMSIS Pack Vendor :STMicroelectronics X-CUBE-TOUCHGFX 4.23.2
2024-11-16 19:13:40,927 [INFO] ThirdParty:1030 - CMSIS Pack Vendor :STMicroelectronics X-CUBE-AZRTOS-F7 1.1.0
2024-11-16 19:13:40,927 [INFO] ThirdParty:1030 - CMSIS Pack Vendor :STMicroelectronics X-CUBE-AZRTOS-L5 2.0.0
2024-11-16 19:13:40,927 [INFO] ThirdParty:1030 - CMSIS Pack Vendor :STMicroelectronics USB_DEVICE 2.0.0
2024-11-16 19:13:40,927 [INFO] ThirdParty:1030 - CMSIS Pack Vendor :STMicroelectronics X-CUBE-NFC6 3.1.0
2024-11-16 19:13:40,927 [INFO] ThirdParty:1030 - CMSIS Pack Vendor :STMicroelectronics FP-SNS-STBOX1 2.0.0
2024-11-16 19:13:40,927 [INFO] ThirdParty:1030 - CMSIS Pack Vendor :STMicroelectronics X-CUBE-MEMS1 11.0.0
2024-11-16 19:13:40,927 [INFO] ThirdParty:1030 - CMSIS Pack Vendor :STMicroelectronics FreeRTOS 0.0.1
2024-11-16 19:13:40,927 [INFO] ThirdParty:1030 - CMSIS Pack Vendor :STMicroelectronics X-CUBE-AZRTOS-G0 1.1.0
2024-11-16 19:13:40,927 [INFO] ThirdParty:1030 - CMSIS Pack Vendor :STMicroelectronics X-CUBE-SAFEA1 1.2.2
2024-11-16 19:13:40,927 [INFO] ThirdParty:1030 - CMSIS Pack Vendor :STMicroelectronics X-CUBE-NFC4 3.0.0
2024-11-16 19:13:40,927 [INFO] ThirdParty:1030 - CMSIS Pack Vendor :STMicroelectronics X-CUBE-DPower 1.2.0
2024-11-16 19:13:40,927 [INFO] ThirdParty:1030 - CMSIS Pack Vendor :STMicroelectronics X-CUBE-SUBG2 5.0.0
2024-11-16 19:13:40,927 [INFO] ThirdParty:1030 - CMSIS Pack Vendor :STMicroelectronics STM32_WPAN 1.0.0
2024-11-16 19:13:40,927 [INFO] ThirdParty:1030 - CMSIS Pack Vendor :EmbeddedOffice I-CUBE-FS-RTOS 1.0.1
2024-11-16 19:13:40,927 [INFO] ThirdParty:1030 - CMSIS Pack Vendor :STMicroelectronics lwIP 2.0.3
2024-11-16 19:13:40,927 [INFO] ThirdParty:1030 - CMSIS Pack Vendor :STMicroelectronics FP-SNS-FLIGHT1 5.0.2
2024-11-16 19:13:40,927 [INFO] ThirdParty:1030 - CMSIS Pack Vendor :Cesanta I-CUBE-Mongoose 7.13.0
2024-11-16 19:13:40,927 [INFO] ThirdParty:1030 - CMSIS Pack Vendor :STMicroelectronics USB_HOST 1.0.0
2024-11-16 19:13:40,927 [INFO] ThirdParty:1030 - CMSIS Pack Vendor :STMicroelectronics X-CUBE-AI 9.0.0
2024-11-16 19:13:40,927 [INFO] ThirdParty:1030 - CMSIS Pack Vendor :STMicroelectronics X-CUBE-AZRTOS-G4 2.0.0
2024-11-16 19:13:40,927 [INFO] ThirdParty:1030 - CMSIS Pack Vendor :STMicroelectronics PDM2PCM 3.1.0
2024-11-16 19:13:40,927 [INFO] ThirdParty:1030 - CMSIS Pack Vendor :STMicroelectronics PDM2PCM 3.3.0
2024-11-16 19:13:40,927 [INFO] ThirdParty:1030 - CMSIS Pack Vendor :STMicroelectronics X-CUBE-DISPLAY 3.0.0
2024-11-16 19:13:40,927 [INFO] ThirdParty:1030 - CMSIS Pack Vendor :RealThread X-CUBE-RT-Thread_Nano 4.1.1
2024-11-16 19:13:40,927 [INFO] ThirdParty:1030 - CMSIS Pack Vendor :wolfSSL I-CUBE-wolfSSL 5.7.0
2024-11-16 19:13:40,927 [INFO] ThirdParty:1030 - CMSIS Pack Vendor :STMicroelectronics X-CUBE-BLE1 7.0.0
2024-11-16 19:13:40,927 [INFO] ThirdParty:1030 - CMSIS Pack Vendor :STMicroelectronics FP-ATR-SIGFOX1 3.2.0
2024-11-16 19:13:40,927 [INFO] ThirdParty:1030 - CMSIS Pack Vendor :STMicroelectronics X-CUBE-NFC10 1.0.0
2024-11-16 19:13:40,927 [INFO] ThirdParty:1030 - CMSIS Pack Vendor :quantropi X-CUBE-qispace-sdk-base 1.9.3
2024-11-16 19:13:40,927 [INFO] ThirdParty:1030 - CMSIS Pack Vendor :STMicroelectronics X-CUBE-ISPU 2.0.0
2024-11-16 19:13:40,927 [INFO] ThirdParty:1030 - CMSIS Pack Vendor :STMicroelectronics X-CUBE-EEPRMA1 5.1.0
2024-11-16 19:13:40,927 [INFO] ThirdParty:1030 - CMSIS Pack Vendor :STMicroelectronics HAL Drivers 0.0.0
2024-11-16 19:13:40,927 [INFO] ThirdParty:1030 - CMSIS Pack Vendor :STMicroelectronics MBEDTLS 2.16.2
2024-11-16 19:13:40,927 [INFO] ThirdParty:1030 - CMSIS Pack Vendor :STMicroelectronics X-CUBE-ALS 1.0.2
2024-11-16 19:13:40,927 [INFO] ThirdParty:1030 - CMSIS Pack Vendor :emotas I-CUBE-CANOPEN 1.3.0
2024-11-16 19:13:40,927 [INFO] ThirdParty:1030 - CMSIS Pack Vendor :STMicroelectronics X-CUBE-MEMS1 10.0.0
2024-11-16 19:13:40,927 [INFO] ThirdParty:1030 - CMSIS Pack Vendor :STMicroelectronics X-CUBE-NFC7 1.0.1
2024-11-16 19:13:40,927 [INFO] ThirdParty:1030 - CMSIS Pack Vendor :STMicroelectronics MBEDTLS 2.14.1
2024-11-16 19:13:40,927 [INFO] ThirdParty:1030 - CMSIS Pack Vendor :STMicroelectronics X-CUBE-TOUCHGFX 4.24.0
2024-11-16 19:13:40,927 [INFO] ThirdParty:1030 - CMSIS Pack Vendor :ITTIA_DB I-CUBE-ITTIADB 8.9.0
2024-11-16 19:13:40,927 [INFO] ThirdParty:1030 - CMSIS Pack Vendor :STMicroelectronics X-CUBE-TOUCHGFX 4.24.1
2024-11-16 19:13:40,927 [INFO] ThirdParty:1030 - CMSIS Pack Vendor :wolfSSL I-CUBE-wolfTPM 3.4.0
2024-11-16 19:13:40,927 [INFO] ThirdParty:1030 - CMSIS Pack Vendor :portGmbH I-Cube-SoM-uGOAL 1.1.0
2024-11-16 19:13:40,927 [INFO] ThirdParty:1030 - CMSIS Pack Vendor :STMicroelectronics X-CUBE-BLEMGR 3.1.0
2024-11-16 19:13:40,927 [INFO] ThirdParty:1030 - CMSIS Pack Vendor :STMicroelectronics ThreadX 1.0.0
2024-11-16 19:13:40,927 [INFO] ThirdParty:1030 - CMSIS Pack Vendor :STMicroelectronics FP-SNS-SMARTAG2 1.2.0
2024-11-16 19:13:40,927 [INFO] ThirdParty:1030 - CMSIS Pack Vendor :STMicroelectronics X-CUBE-AZRTOS-WL 2.0.0
2024-11-16 19:13:40,927 [INFO] ThirdParty:1030 - CMSIS Pack Vendor :SEGGER I-CUBE-embOS 1.3.1
2024-11-16 19:13:40,927 [INFO] ThirdParty:1030 - CMSIS Pack Vendor :STMicroelectronics X-CUBE-ALGOBUILD 1.4.0
2024-11-16 19:13:40,927 [INFO] ThirdParty:1030 - CMSIS Pack Vendor :STMicroelectronics FP-SNS-MOTENV1 5.0.0
2024-11-16 19:13:40,927 [INFO] ThirdParty:1030 - CMSIS Pack Vendor :STMicroelectronics USB_DEVICE 1.0.0
2024-11-16 19:13:40,927 [INFO] ThirdParty:1030 - CMSIS Pack Vendor :STMicroelectronics X-CUBE-AZRTOS-H7RS 1.0.0
2024-11-16 19:13:40,927 [INFO] ThirdParty:1030 - CMSIS Pack Vendor :wolfSSL I-CUBE-wolfMQTT 1.19.0
2024-11-16 19:13:40,927 [INFO] ThirdParty:1030 - CMSIS Pack Vendor :STMicroelectronics X-CUBE-AZRTOS-L4 2.0.0
2024-11-16 19:13:40,927 [INFO] ThirdParty:1030 - CMSIS Pack Vendor :STMicroelectronics ThreadX 0.0.2
2024-11-16 19:13:40,927 [INFO] ThirdParty:1030 - CMSIS Pack Vendor :WES I-CUBE-Cesium 1.3.0
2024-11-16 19:13:40,927 [INFO] ThirdParty:1030 - CMSIS Pack Vendor :STMicroelectronics FP-ATR-ASTRA1 2.0.0
2024-11-16 19:13:40,927 [INFO] ThirdParty:1030 - CMSIS Pack Vendor :STMicroelectronics lwIP 2.1.2
2024-11-16 19:13:40,927 [INFO] ThirdParty:1030 - CMSIS Pack Vendor :STMicroelectronics X-CUBE-SFXS2LP1 4.0.0
2024-11-16 19:13:40,927 [INFO] ThirdParty:1030 - CMSIS Pack Vendor :STMicroelectronics X-CUBE-BLE2 3.3.0
2024-11-16 19:13:40,927 [INFO] ThirdParty:1030 - CMSIS Pack Vendor :STMicroelectronics X-CUBE-TOF1 3.4.2
2024-11-16 19:13:40,927 [INFO] ThirdParty:1030 - CMSIS Pack Vendor :STMicroelectronics X-CUBE-AI 9.1.0
2024-11-16 19:13:40,927 [INFO] ThirdParty:1030 - CMSIS Pack Vendor :STMicroelectronics X-CUBE-TOF1 3.4.1
2024-11-16 19:13:40,927 [INFO] ThirdParty:1030 - CMSIS Pack Vendor :STMicroelectronics X-CUBE-AZRTOS-H7 3.2.0
2024-11-16 19:13:40,927 [INFO] ThirdParty:1030 - CMSIS Pack Vendor :Infineon AIROC-Wi-Fi-Bluetooth-STM32 1.6.0
2024-11-16 19:13:40,927 [INFO] ThirdParty:1030 - CMSIS Pack Vendor :STMicroelectronics PDM2PCM 3.2.0
2024-11-16 19:13:40,927 [INFO] ThirdParty:1030 - CMSIS Pack Vendor :wolfSSL I-CUBE-wolfSSH 1.4.17
2024-11-16 19:13:40,928 [INFO] ThirdParty:841 - exiting critical section [change project]
2024-11-16 19:13:41,001 [INFO] PinOutPanel:1561 - setPackage(No Configuration,No Configuration)
2024-11-16 19:13:41,001 [INFO] PinOutPanel:1561 - setPackage(STM32F072RBTx,LQFP64)
2024-11-16 19:13:41,226 [INFO] UtilMem:75 - Before build in PCC Used Memory: 610573880 Bytes (1073741824)
2024-11-16 19:13:41,327 [INFO] UtilMem:75 - After build in PCC Used Memory: 653565496 Bytes (1073741824)
2024-11-16 19:13:41,337 [INFO] IPUIPlugin:80 - create IPUIPlugin
2024-11-16 19:13:41,337 [INFO] IPUIPlugin:80 - create IPUIPlugin
2024-11-16 19:13:41,337 [INFO] IPUIPlugin:80 - create IPUIPlugin
2024-11-16 19:13:41,337 [INFO] IPUIPlugin:80 - create IPUIPlugin
2024-11-16 19:13:41,337 [INFO] IPUIPlugin:80 - create IPUIPlugin
2024-11-16 19:13:41,338 [INFO] IPUIPlugin:80 - create IPUIPlugin
2024-11-16 19:13:41,338 [INFO] IPUIPlugin:80 - create IPUIPlugin
2024-11-16 19:13:41,338 [INFO] IPUIPlugin:80 - create IPUIPlugin
2024-11-16 19:13:41,338 [INFO] IPUIPlugin:80 - create IPUIPlugin
2024-11-16 19:13:41,338 [INFO] IPUIPlugin:80 - create IPUIPlugin
2024-11-16 19:13:41,338 [INFO] IPUIPlugin:80 - create IPUIPlugin
2024-11-16 19:13:41,338 [INFO] IPUIPlugin:80 - create IPUIPlugin
2024-11-16 19:13:41,338 [INFO] IPUIPlugin:80 - create IPUIPlugin
2024-11-16 19:13:41,338 [INFO] IPUIPlugin:80 - create IPUIPlugin
2024-11-16 19:13:41,338 [INFO] IPUIPlugin:80 - create IPUIPlugin
2024-11-16 19:13:41,338 [INFO] IPUIPlugin:80 - create IPUIPlugin
2024-11-16 19:13:41,338 [INFO] IPUIPlugin:80 - create IPUIPlugin
2024-11-16 19:13:41,338 [INFO] IPUIPlugin:80 - create IPUIPlugin
2024-11-16 19:13:41,338 [INFO] IPUIPlugin:80 - create IPUIPlugin
2024-11-16 19:13:41,338 [INFO] IPUIPlugin:80 - create IPUIPlugin
2024-11-16 19:13:41,339 [INFO] IPUIPlugin:80 - create IPUIPlugin
2024-11-16 19:13:41,339 [INFO] IPUIPlugin:80 - create IPUIPlugin
2024-11-16 19:13:41,339 [INFO] IPUIPlugin:80 - create IPUIPlugin
2024-11-16 19:13:41,339 [INFO] IPUIPlugin:80 - create IPUIPlugin
2024-11-16 19:13:41,339 [INFO] IPUIPlugin:80 - create IPUIPlugin
2024-11-16 19:13:41,339 [INFO] IPUIPlugin:80 - create IPUIPlugin
2024-11-16 19:13:41,339 [INFO] IPUIPlugin:80 - create IPUIPlugin
2024-11-16 19:13:41,339 [INFO] IPUIPlugin:80 - create IPUIPlugin
2024-11-16 19:13:41,339 [INFO] IPUIPlugin:80 - create IPUIPlugin
2024-11-16 19:13:41,339 [INFO] IPUIPlugin:80 - create IPUIPlugin
2024-11-16 19:13:41,340 [INFO] IPUIPlugin:80 - create IPUIPlugin
2024-11-16 19:13:41,340 [INFO] IPUIPlugin:80 - create IPUIPlugin
2024-11-16 19:13:41,340 [INFO] IPUIPlugin:80 - create IPUIPlugin
2024-11-16 19:13:41,340 [INFO] IPUIPlugin:80 - create IPUIPlugin
2024-11-16 19:13:41,340 [INFO] IPUIPlugin:80 - create IPUIPlugin
2024-11-16 19:13:41,340 [INFO] IPUIPlugin:80 - create IPUIPlugin
2024-11-16 19:13:41,340 [INFO] IPUIPlugin:80 - create IPUIPlugin
2024-11-16 19:13:41,340 [INFO] IPUIPlugin:80 - create IPUIPlugin
2024-11-16 19:13:41,340 [INFO] IPUIPlugin:80 - create IPUIPlugin
2024-11-16 19:13:41,341 [INFO] IPUIPlugin:80 - create IPUIPlugin
2024-11-16 19:13:41,341 [INFO] IPUIPlugin:80 - create IPUIPlugin
2024-11-16 19:13:41,369 [INFO] CADModel:165 - CPN selected for project levelSTM32F072RBT6
2024-11-16 19:13:41,369 [INFO] CADModel:114 - Register for checkConnection events
2024-11-16 19:13:41,421 [INFO] OpenFileManager:343 - Restore cursor
2024-11-16 23:51:14,410 [INFO] MainUpdater:2873 - connection check result : 10
2024-11-16 23:51:14,411 [INFO] MainUpdater:2873 - connection check result : 10
2024-11-16 23:51:14,464 [INFO] MicroXplorer:468 - Change Database Path : 
2024-11-16 23:51:14,464 [INFO] MicroXplorer:498 - Change Database Version : DB.6.0.111
2024-11-16 23:51:14,480 [ERROR] ProjectManagerView:394 - 
java.lang.NullPointerException: Cannot invoke "javax.swing.JTextField.getText()" because the return value of "java.util.List.get(int)" is null
	at com.st.microxplorer.plugins.projectmanager.gui.ProjectChoiceTab$10.caretUpdate(ProjectChoiceTab.java:2504) ~[filemanager.jar:?]
	at javax.swing.text.JTextComponent.fireCaretUpdate(JTextComponent.java:412) ~[?:?]
	at javax.swing.text.JTextComponent$MutableCaretEvent.fire(JTextComponent.java:4491) ~[?:?]
	at javax.swing.text.JTextComponent$MutableCaretEvent.stateChanged(JTextComponent.java:4513) ~[?:?]
	at javax.swing.text.DefaultCaret.fireStateChanged(DefaultCaret.java:842) ~[?:?]
	at javax.swing.text.DefaultCaret.changeCaretPosition(DefaultCaret.java:1313) ~[?:?]
	at javax.swing.text.DefaultCaret.handleSetDot(DefaultCaret.java:1212) ~[?:?]
	at javax.swing.text.DefaultCaret.setDot(DefaultCaret.java:1193) ~[?:?]
	at javax.swing.text.DefaultCaret$Handler.insertUpdate(DefaultCaret.java:1789) ~[?:?]
	at javax.swing.text.AbstractDocument.fireInsertUpdate(AbstractDocument.java:226) ~[?:?]
	at javax.swing.text.AbstractDocument.handleInsertString(AbstractDocument.java:780) ~[?:?]
	at javax.swing.text.AbstractDocument.insertString(AbstractDocument.java:739) ~[?:?]
	at javax.swing.text.PlainDocument.insertString(PlainDocument.java:131) ~[?:?]
	at javax.swing.text.AbstractDocument.replace(AbstractDocument.java:698) ~[?:?]
	at javax.swing.text.JTextComponent.setText(JTextComponent.java:1729) ~[?:?]
	at com.st.microxplorer.plugins.projectmanager.gui.ProjectChoiceTab.createHeapStackFields(ProjectChoiceTab.java:944) ~[filemanager.jar:?]
	at com.st.microxplorer.plugins.projectmanager.gui.ProjectChoiceTab.buildLinkSettingsPanel(ProjectChoiceTab.java:3475) ~[filemanager.jar:?]
	at com.st.microxplorer.plugins.projectmanager.gui.ProjectChoiceTab.defineWindowsFields(ProjectChoiceTab.java:1816) ~[filemanager.jar:?]
	at com.st.microxplorer.plugins.projectmanager.gui.ProjectChoiceTab.updateSettings(ProjectChoiceTab.java:544) ~[filemanager.jar:?]
	at com.st.microxplorer.plugins.projectmanager.gui.ProjectSettingsPanel.UpdateDialog(ProjectSettingsPanel.java:245) ~[filemanager.jar:?]
	at com.st.microxplorer.plugins.projectmanager.ProjectManagerView.propertyChange(ProjectManagerView.java:391) ~[filemanager.jar:?]
	at java.beans.PropertyChangeSupport.fire(PropertyChangeSupport.java:343) ~[?:?]
	at java.beans.PropertyChangeSupport.firePropertyChange(PropertyChangeSupport.java:335) ~[?:?]
	at java.beans.PropertyChangeSupport.firePropertyChange(PropertyChangeSupport.java:268) ~[?:?]
	at com.st.microxplorer.util.MXPropertyChangeSupport.firePropertyChange(MXPropertyChangeSupport.java:54) ~[STM32CubeMX.jar:?]
	at com.st.microxplorer.mxsystem.MxSystem.closeConfig(MxSystem.java:900) ~[STM32CubeMX.jar:?]
	at com.st.microxplorer.maingui.MainPanel.closeConfig(MainPanel.java:776) ~[STM32CubeMX.jar:?]
	at com.st.microxplorer.plugins.filemanager.engine.OpenFileManager.loadConfigurationFile(OpenFileManager.java:245) ~[filemanager.jar:?]
	at com.st.microxplorer.plugins.filemanager.engine.MainFileManager.userLoadConfig(MainFileManager.java:315) ~[filemanager.jar:?]
	at com.st.microxplorer.plugins.filemanager.engine.MainFileManager.userLoadConfig(MainFileManager.java:293) ~[filemanager.jar:?]
	at com.st.microxplorer.plugins.filemanager.FileManagerView.getSpecificTask(FileManagerView.java:247) ~[filemanager.jar:?]
	at com.st.stm32cube.common.mx.editor.CubeMxEditor.getMxTabbedPaneInstance(CubeMxEditor.java:1198) ~[com.st.stm32cube.common.mx_6.11.1.202404110753/:?]
	at com.st.stm32cube.common.mx.editor.CubeMxEditor$12$1.createSwingComponent(CubeMxEditor.java:1068) ~[com.st.stm32cube.common.mx_6.11.1.202404110753/:?]
	at com.st.stm32cube.common.mx.oss.core.awtswtbridge.EmbeddedSwingComposite.doComponentCreation(EmbeddedSwingComposite.java:492) ~[com.st.stm32cube.common.mx.oss_6.11.1.202404110753/:?]
	at com.st.stm32cube.common.mx.oss.core.awtswtbridge.EmbeddedSwingComposite$4.run(EmbeddedSwingComposite.java:291) ~[com.st.stm32cube.common.mx.oss_6.11.1.202404110753/:?]
	at com.st.stm32cube.common.mx.oss.core.awtswtbridge.AwtEnvironment$2.run(AwtEnvironment.java:166) ~[com.st.stm32cube.common.mx.oss_6.11.1.202404110753/:?]
	at java.awt.event.InvocationEvent.dispatch(InvocationEvent.java:318) ~[?:?]
	at java.awt.EventQueue.dispatchEventImpl(EventQueue.java:773) ~[?:?]
	at java.awt.EventQueue$4.run(EventQueue.java:720) ~[?:?]
	at java.awt.EventQueue$4.run(EventQueue.java:714) ~[?:?]
	at java.security.AccessController.doPrivileged(AccessController.java:399) ~[?:?]
	at java.security.ProtectionDomain$JavaSecurityAccessImpl.doIntersectionPrivilege(ProtectionDomain.java:86) ~[?:?]
	at java.awt.EventQueue.dispatchEvent(EventQueue.java:742) ~[?:?]
	at java.awt.EventDispatchThread.pumpOneEventForFilters(EventDispatchThread.java:203) ~[?:?]
	at java.awt.EventDispatchThread.pumpEventsForFilter(EventDispatchThread.java:124) ~[?:?]
	at java.awt.EventDispatchThread.pumpEventsForHierarchy(EventDispatchThread.java:113) ~[?:?]
	at java.awt.EventDispatchThread.pumpEvents(EventDispatchThread.java:109) ~[?:?]
	at java.awt.EventDispatchThread.pumpEvents(EventDispatchThread.java:101) ~[?:?]
	at java.awt.EventDispatchThread.run(EventDispatchThread.java:90) ~[?:?]
2024-11-16 23:51:14,481 [WARN] ThirdParty:871 - waiting for thirdparty lock release [close project]
2024-11-16 23:51:14,481 [INFO] ThirdParty:873 - entering critical section [close project]
2024-11-16 23:51:14,481 [INFO] ThirdParty:883 - exiting critical section [close project]
2024-11-16 23:51:14,482 [INFO] PinOutPanel:1561 - setPackage(No Configuration,No Configuration)
2024-11-16 23:51:14,485 [INFO] UtilMem:75 - Begin LoadConfig() Used Memory: 911779312 Bytes (1073741824)
2024-11-16 23:51:14,497 [INFO] MicroXplorer:468 - Change Database Path : C:/Users/ethan/.stm32cubemx/databases/DB.6.0.30/db/
2024-11-16 23:51:14,498 [INFO] MicroXplorer:498 - Change Database Version : DB.6.0.30
2024-11-16 23:51:18,051 [INFO] OpenFileManager:312 - Change cursor
2024-11-16 23:51:18,065 [INFO] Mcu:2021 - Initializing MCU STM32F072R(8-B)Tx STM32F072RBTx STM32F072RBT6
2024-11-16 23:51:18,888 [INFO] Context:663 - Trying to add GPIOservice into a context  which must be forbidden
2024-11-16 23:51:19,025 [INFO] RtosManager:555 - Registered RTOS mode: class=CMSIS, group=RTOS, mode=CMSIS_V1, owner=FREERTOS
2024-11-16 23:51:19,025 [INFO] RtosManager:555 - Registered RTOS mode: class=CMSIS, group=RTOS2, mode=CMSIS_V2, owner=FREERTOS
2024-11-16 23:51:19,025 [INFO] RtosManager:555 - Registered RTOS mode: class=RTOS, group=Core, mode=CMSIS_V1, owner=FREERTOS
2024-11-16 23:51:19,025 [INFO] RtosManager:555 - Registered RTOS mode: class=RTOS, group=Core, mode=CMSIS_V2, owner=FREERTOS
2024-11-16 23:51:19,025 [WARN] ModelIntegratedComponent:184 - Missing modes for component STMicroelectronics:FreeRTOS:0.0.1:STMicroelectronics:RTOS:FreeRTOS:Core:::10.2.0:
2024-11-16 23:51:19,028 [WARN] ModelIntegratedComponent:63 - No mode defined for component null
2024-11-16 23:51:19,028 [WARN] ModelIntegratedComponent:63 - No mode defined for component null
2024-11-16 23:51:19,028 [WARN] ModelIntegratedComponent:63 - No mode defined for component null
2024-11-16 23:51:19,028 [WARN] ModelIntegratedComponent:63 - No mode defined for component null
2024-11-16 23:51:19,028 [WARN] ModelIntegratedComponent:63 - No mode defined for component null
2024-11-16 23:51:19,028 [WARN] ModelIntegratedComponent:63 - No mode defined for component null
2024-11-16 23:51:19,028 [WARN] ModelIntegratedComponent:63 - No mode defined for component null
2024-11-16 23:51:19,028 [WARN] ModelIntegratedComponent:63 - No mode defined for component null
2024-11-16 23:51:19,028 [WARN] ModelIntegratedComponent:63 - No mode defined for component null
2024-11-16 23:51:19,028 [WARN] ModelIntegratedComponent:63 - No mode defined for component null
2024-11-16 23:51:19,028 [WARN] ModelIntegratedComponent:63 - No mode defined for component null
2024-11-16 23:51:19,028 [WARN] ModelIntegratedComponent:63 - No mode defined for component null
2024-11-16 23:51:19,028 [WARN] ModelIntegratedComponent:63 - No mode defined for component null
2024-11-16 23:51:19,028 [WARN] ModelIntegratedComponent:63 - No mode defined for component null
2024-11-16 23:51:19,028 [WARN] ModelIntegratedComponent:63 - No mode defined for component null
2024-11-16 23:51:19,028 [WARN] ModelIntegratedComponent:63 - No mode defined for component null
2024-11-16 23:51:19,028 [WARN] ModelIntegratedComponent:63 - No mode defined for component null
2024-11-16 23:51:19,028 [WARN] ModelIntegratedComponent:63 - No mode defined for component null
2024-11-16 23:51:19,028 [WARN] ModelIntegratedComponent:63 - No mode defined for component null
2024-11-16 23:51:19,028 [WARN] ModelIntegratedComponent:63 - No mode defined for component null
2024-11-16 23:51:19,028 [WARN] ModelIntegratedComponent:63 - No mode defined for component null
2024-11-16 23:51:19,029 [WARN] ModelIntegratedComponent:63 - No mode defined for component null
2024-11-16 23:51:19,029 [WARN] ModelIntegratedComponent:63 - No mode defined for component null
2024-11-16 23:51:19,029 [WARN] ModelIntegratedComponent:63 - No mode defined for component null
2024-11-16 23:51:19,029 [WARN] ModelIntegratedComponent:63 - No mode defined for component null
2024-11-16 23:51:19,029 [WARN] ModelIntegratedComponent:63 - No mode defined for component null
2024-11-16 23:51:19,029 [WARN] ModelIntegratedComponent:63 - No mode defined for component null
2024-11-16 23:51:19,029 [WARN] ModelIntegratedComponent:63 - No mode defined for component null
2024-11-16 23:51:19,029 [WARN] ModelIntegratedComponent:63 - No mode defined for component null
2024-11-16 23:51:19,029 [WARN] ModelIntegratedComponent:63 - No mode defined for component null
2024-11-16 23:51:19,029 [WARN] ModelIntegratedComponent:63 - No mode defined for component null
2024-11-16 23:51:19,029 [WARN] ModelIntegratedComponent:63 - No mode defined for component null
2024-11-16 23:51:19,029 [WARN] ModelIntegratedComponent:63 - No mode defined for component null
2024-11-16 23:51:19,029 [WARN] ModelIntegratedComponent:63 - No mode defined for component null
2024-11-16 23:51:19,070 [INFO] ThirdPartyModel:298 - Start build external matchings
2024-11-16 23:51:19,364 [INFO] ThirdPartyModel:316 - End build external matchings
2024-11-16 23:51:19,371 [INFO] ImportTextPane:194 - (OptionalMessage_ERROR) IP (RCC) : Parameter (FLatency) has Id (AdvancedSettings) currently not set
2024-11-16 23:51:19,371 [INFO] ImportTextPane:194 - (OptionalMessage_ERROR) IP (RCC) : Invalid parameter (FamilyName)
2024-11-16 23:51:19,371 [INFO] ImportTextPane:194 - (OptionalMessage_ERROR) IP (RCC) : Invalid parameter (HSICECFreq_Value)
2024-11-16 23:51:19,371 [INFO] ImportTextPane:194 - (OptionalMessage_ERROR) IP (RCC) : Parameter (PREFETCH_ENABLE) has Id (AdvancedSettings) currently not set
2024-11-16 23:51:19,566 [INFO] UtilMem:75 - End LoadConfig() Used Memory: 752175344 Bytes (1073741824)
2024-11-16 23:51:19,617 [WARN] ThirdParty:833 - waiting for thirdparty lock release [change project]
2024-11-16 23:51:19,617 [INFO] ThirdParty:835 - entering critical section [change project]
2024-11-16 23:51:19,617 [INFO] ThirdParty:1030 - CMSIS Pack Vendor :STMicroelectronics USBPD 4.1
2024-11-16 23:51:19,617 [INFO] ThirdParty:1030 - CMSIS Pack Vendor :STMicroelectronics X-CUBE-AZRTOS-H7 3.3.0
2024-11-16 23:51:19,617 [INFO] ThirdParty:1030 - CMSIS Pack Vendor :STMicroelectronics X-CUBE-NFC9 1.0.0
2024-11-16 23:51:19,617 [INFO] ThirdParty:1030 - CMSIS Pack Vendor :STMicroelectronics X-CUBE-GNSS1 6.0.0
2024-11-16 23:51:19,617 [INFO] ThirdParty:1030 - CMSIS Pack Vendor :STMicroelectronics USB_HOST 2.0.0
2024-11-16 23:51:19,617 [INFO] ThirdParty:1030 - CMSIS Pack Vendor :STMicroelectronics FP-SNS-MOTENVWB1 1.4.0
2024-11-16 23:51:19,617 [INFO] ThirdParty:1030 - CMSIS Pack Vendor :STMicroelectronics X-CUBE-AZRTOS-F4 1.1.0
2024-11-16 23:51:19,617 [INFO] ThirdParty:1030 - CMSIS Pack Vendor :STMicroelectronics LIBJPEG 8.0.0
2024-11-16 23:51:19,617 [INFO] ThirdParty:1030 - CMSIS Pack Vendor :STMicroelectronics FP-ATR-ASTRA1 2.0.1
2024-11-16 23:51:19,617 [INFO] ThirdParty:1030 - CMSIS Pack Vendor :STMicroelectronics X-CUBE-SMBUS 2.1.0
2024-11-16 23:51:19,617 [INFO] ThirdParty:1030 - CMSIS Pack Vendor :STMicroelectronics X-CUBE-WB05N 1.1.0
2024-11-16 23:51:19,617 [INFO] ThirdParty:1030 - CMSIS Pack Vendor :STMicroelectronics USB_DEVICE 3.0.0
2024-11-16 23:51:19,617 [INFO] ThirdParty:1030 - CMSIS Pack Vendor :STMicroelectronics X-CUBE-TCPP 4.1.0
2024-11-16 23:51:19,617 [INFO] ThirdParty:1030 - CMSIS Pack Vendor :STMicroelectronics X-CUBE-ISPU 2.1.0
2024-11-16 23:51:19,617 [INFO] ThirdParty:1030 - CMSIS Pack Vendor :STMicroelectronics X-CUBE-FREERTOS 1.2.0
2024-11-16 23:51:19,617 [INFO] ThirdParty:1030 - CMSIS Pack Vendor :STMicroelectronics X-CUBE-IPS 3.0.0
2024-11-16 23:51:19,617 [INFO] ThirdParty:1030 - CMSIS Pack Vendor :STMicroelectronics X-CUBE-AZRTOS-WB 2.0.0
2024-11-16 23:51:19,617 [INFO] ThirdParty:1030 - CMSIS Pack Vendor :STMicroelectronics X-CUBE-GNSS1 7.0.0
2024-11-16 23:51:19,617 [INFO] ThirdParty:1030 - CMSIS Pack Vendor :STMicroelectronics X-CUBE-TOUCHGFX 4.23.2
2024-11-16 23:51:19,617 [INFO] ThirdParty:1030 - CMSIS Pack Vendor :STMicroelectronics X-CUBE-AZRTOS-F7 1.1.0
2024-11-16 23:51:19,617 [INFO] ThirdParty:1030 - CMSIS Pack Vendor :STMicroelectronics X-CUBE-AZRTOS-L5 2.0.0
2024-11-16 23:51:19,618 [INFO] ThirdParty:1030 - CMSIS Pack Vendor :STMicroelectronics USB_DEVICE 2.0.0
2024-11-16 23:51:19,618 [INFO] ThirdParty:1030 - CMSIS Pack Vendor :STMicroelectronics X-CUBE-NFC6 3.1.0
2024-11-16 23:51:19,618 [INFO] ThirdParty:1030 - CMSIS Pack Vendor :STMicroelectronics FP-SNS-STBOX1 2.0.0
2024-11-16 23:51:19,618 [INFO] ThirdParty:1030 - CMSIS Pack Vendor :STMicroelectronics X-CUBE-MEMS1 11.0.0
2024-11-16 23:51:19,618 [INFO] ThirdParty:1030 - CMSIS Pack Vendor :STMicroelectronics FreeRTOS 0.0.1
2024-11-16 23:51:19,618 [INFO] ThirdParty:1030 - CMSIS Pack Vendor :STMicroelectronics X-CUBE-AZRTOS-G0 1.1.0
2024-11-16 23:51:19,618 [INFO] ThirdParty:1030 - CMSIS Pack Vendor :STMicroelectronics X-CUBE-SAFEA1 1.2.2
2024-11-16 23:51:19,618 [INFO] ThirdParty:1030 - CMSIS Pack Vendor :STMicroelectronics X-CUBE-NFC4 3.0.0
2024-11-16 23:51:19,618 [INFO] ThirdParty:1030 - CMSIS Pack Vendor :STMicroelectronics X-CUBE-DPower 1.2.0
2024-11-16 23:51:19,618 [INFO] ThirdParty:1030 - CMSIS Pack Vendor :STMicroelectronics X-CUBE-SUBG2 5.0.0
2024-11-16 23:51:19,618 [INFO] ThirdParty:1030 - CMSIS Pack Vendor :STMicroelectronics STM32_WPAN 1.0.0
2024-11-16 23:51:19,618 [INFO] ThirdParty:1030 - CMSIS Pack Vendor :EmbeddedOffice I-CUBE-FS-RTOS 1.0.1
2024-11-16 23:51:19,618 [INFO] ThirdParty:1030 - CMSIS Pack Vendor :STMicroelectronics lwIP 2.0.3
2024-11-16 23:51:19,618 [INFO] ThirdParty:1030 - CMSIS Pack Vendor :STMicroelectronics FP-SNS-FLIGHT1 5.0.2
2024-11-16 23:51:19,618 [INFO] ThirdParty:1030 - CMSIS Pack Vendor :Cesanta I-CUBE-Mongoose 7.13.0
2024-11-16 23:51:19,618 [INFO] ThirdParty:1030 - CMSIS Pack Vendor :STMicroelectronics USB_HOST 1.0.0
2024-11-16 23:51:19,618 [INFO] ThirdParty:1030 - CMSIS Pack Vendor :STMicroelectronics X-CUBE-AI 9.0.0
2024-11-16 23:51:19,618 [INFO] ThirdParty:1030 - CMSIS Pack Vendor :STMicroelectronics X-CUBE-AZRTOS-G4 2.0.0
2024-11-16 23:51:19,618 [INFO] ThirdParty:1030 - CMSIS Pack Vendor :STMicroelectronics PDM2PCM 3.1.0
2024-11-16 23:51:19,618 [INFO] ThirdParty:1030 - CMSIS Pack Vendor :STMicroelectronics PDM2PCM 3.3.0
2024-11-16 23:51:19,618 [INFO] ThirdParty:1030 - CMSIS Pack Vendor :STMicroelectronics X-CUBE-DISPLAY 3.0.0
2024-11-16 23:51:19,618 [INFO] ThirdParty:1030 - CMSIS Pack Vendor :RealThread X-CUBE-RT-Thread_Nano 4.1.1
2024-11-16 23:51:19,618 [INFO] ThirdParty:1030 - CMSIS Pack Vendor :wolfSSL I-CUBE-wolfSSL 5.7.0
2024-11-16 23:51:19,618 [INFO] ThirdParty:1030 - CMSIS Pack Vendor :STMicroelectronics X-CUBE-BLE1 7.0.0
2024-11-16 23:51:19,618 [INFO] ThirdParty:1030 - CMSIS Pack Vendor :STMicroelectronics FP-ATR-SIGFOX1 3.2.0
2024-11-16 23:51:19,618 [INFO] ThirdParty:1030 - CMSIS Pack Vendor :STMicroelectronics X-CUBE-NFC10 1.0.0
2024-11-16 23:51:19,618 [INFO] ThirdParty:1030 - CMSIS Pack Vendor :quantropi X-CUBE-qispace-sdk-base 1.9.3
2024-11-16 23:51:19,618 [INFO] ThirdParty:1030 - CMSIS Pack Vendor :STMicroelectronics X-CUBE-ISPU 2.0.0
2024-11-16 23:51:19,618 [INFO] ThirdParty:1030 - CMSIS Pack Vendor :STMicroelectronics X-CUBE-EEPRMA1 5.1.0
2024-11-16 23:51:19,618 [INFO] ThirdParty:1030 - CMSIS Pack Vendor :STMicroelectronics HAL Drivers 0.0.0
2024-11-16 23:51:19,618 [INFO] ThirdParty:1030 - CMSIS Pack Vendor :STMicroelectronics MBEDTLS 2.16.2
2024-11-16 23:51:19,618 [INFO] ThirdParty:1030 - CMSIS Pack Vendor :STMicroelectronics X-CUBE-ALS 1.0.2
2024-11-16 23:51:19,618 [INFO] ThirdParty:1030 - CMSIS Pack Vendor :emotas I-CUBE-CANOPEN 1.3.0
2024-11-16 23:51:19,618 [INFO] ThirdParty:1030 - CMSIS Pack Vendor :STMicroelectronics X-CUBE-MEMS1 10.0.0
2024-11-16 23:51:19,618 [INFO] ThirdParty:1030 - CMSIS Pack Vendor :STMicroelectronics X-CUBE-NFC7 1.0.1
2024-11-16 23:51:19,618 [INFO] ThirdParty:1030 - CMSIS Pack Vendor :STMicroelectronics MBEDTLS 2.14.1
2024-11-16 23:51:19,618 [INFO] ThirdParty:1030 - CMSIS Pack Vendor :STMicroelectronics X-CUBE-TOUCHGFX 4.24.0
2024-11-16 23:51:19,618 [INFO] ThirdParty:1030 - CMSIS Pack Vendor :ITTIA_DB I-CUBE-ITTIADB 8.9.0
2024-11-16 23:51:19,618 [INFO] ThirdParty:1030 - CMSIS Pack Vendor :STMicroelectronics X-CUBE-TOUCHGFX 4.24.1
2024-11-16 23:51:19,618 [INFO] ThirdParty:1030 - CMSIS Pack Vendor :wolfSSL I-CUBE-wolfTPM 3.4.0
2024-11-16 23:51:19,618 [INFO] ThirdParty:1030 - CMSIS Pack Vendor :portGmbH I-Cube-SoM-uGOAL 1.1.0
2024-11-16 23:51:19,618 [INFO] ThirdParty:1030 - CMSIS Pack Vendor :STMicroelectronics X-CUBE-BLEMGR 3.1.0
2024-11-16 23:51:19,618 [INFO] ThirdParty:1030 - CMSIS Pack Vendor :STMicroelectronics ThreadX 1.0.0
2024-11-16 23:51:19,618 [INFO] ThirdParty:1030 - CMSIS Pack Vendor :STMicroelectronics FP-SNS-SMARTAG2 1.2.0
2024-11-16 23:51:19,618 [INFO] ThirdParty:1030 - CMSIS Pack Vendor :STMicroelectronics X-CUBE-AZRTOS-WL 2.0.0
2024-11-16 23:51:19,619 [INFO] ThirdParty:1030 - CMSIS Pack Vendor :SEGGER I-CUBE-embOS 1.3.1
2024-11-16 23:51:19,619 [INFO] ThirdParty:1030 - CMSIS Pack Vendor :STMicroelectronics X-CUBE-ALGOBUILD 1.4.0
2024-11-16 23:51:19,619 [INFO] ThirdParty:1030 - CMSIS Pack Vendor :STMicroelectronics FP-SNS-MOTENV1 5.0.0
2024-11-16 23:51:19,619 [INFO] ThirdParty:1030 - CMSIS Pack Vendor :STMicroelectronics USB_DEVICE 1.0.0
2024-11-16 23:51:19,619 [INFO] ThirdParty:1030 - CMSIS Pack Vendor :STMicroelectronics X-CUBE-AZRTOS-H7RS 1.0.0
2024-11-16 23:51:19,619 [INFO] ThirdParty:1030 - CMSIS Pack Vendor :wolfSSL I-CUBE-wolfMQTT 1.19.0
2024-11-16 23:51:19,619 [INFO] ThirdParty:1030 - CMSIS Pack Vendor :STMicroelectronics X-CUBE-AZRTOS-L4 2.0.0
2024-11-16 23:51:19,619 [INFO] ThirdParty:1030 - CMSIS Pack Vendor :STMicroelectronics ThreadX 0.0.2
2024-11-16 23:51:19,619 [INFO] ThirdParty:1030 - CMSIS Pack Vendor :WES I-CUBE-Cesium 1.3.0
2024-11-16 23:51:19,619 [INFO] ThirdParty:1030 - CMSIS Pack Vendor :STMicroelectronics FP-ATR-ASTRA1 2.0.0
2024-11-16 23:51:19,619 [INFO] ThirdParty:1030 - CMSIS Pack Vendor :STMicroelectronics lwIP 2.1.2
2024-11-16 23:51:19,619 [INFO] ThirdParty:1030 - CMSIS Pack Vendor :STMicroelectronics X-CUBE-SFXS2LP1 4.0.0
2024-11-16 23:51:19,619 [INFO] ThirdParty:1030 - CMSIS Pack Vendor :STMicroelectronics X-CUBE-BLE2 3.3.0
2024-11-16 23:51:19,619 [INFO] ThirdParty:1030 - CMSIS Pack Vendor :STMicroelectronics X-CUBE-TOF1 3.4.2
2024-11-16 23:51:19,619 [INFO] ThirdParty:1030 - CMSIS Pack Vendor :STMicroelectronics X-CUBE-AI 9.1.0
2024-11-16 23:51:19,619 [INFO] ThirdParty:1030 - CMSIS Pack Vendor :STMicroelectronics X-CUBE-TOF1 3.4.1
2024-11-16 23:51:19,619 [INFO] ThirdParty:1030 - CMSIS Pack Vendor :STMicroelectronics X-CUBE-AZRTOS-H7 3.2.0
2024-11-16 23:51:19,619 [INFO] ThirdParty:1030 - CMSIS Pack Vendor :Infineon AIROC-Wi-Fi-Bluetooth-STM32 1.6.0
2024-11-16 23:51:19,619 [INFO] ThirdParty:1030 - CMSIS Pack Vendor :STMicroelectronics PDM2PCM 3.2.0
2024-11-16 23:51:19,619 [INFO] ThirdParty:1030 - CMSIS Pack Vendor :wolfSSL I-CUBE-wolfSSH 1.4.17
2024-11-16 23:51:19,619 [INFO] ThirdParty:841 - exiting critical section [change project]
2024-11-16 23:51:19,700 [INFO] PinOutPanel:1561 - setPackage(No Configuration,No Configuration)
2024-11-16 23:51:19,701 [INFO] PinOutPanel:1561 - setPackage(STM32F072RBTx,LQFP64)
2024-11-16 23:51:19,891 [INFO] UtilMem:75 - Before build in PCC Used Memory: 878562760 Bytes (1073741824)
2024-11-16 23:51:20,029 [INFO] UtilMem:75 - After build in PCC Used Memory: 921554376 Bytes (1073741824)
2024-11-16 23:51:20,041 [INFO] IPUIPlugin:80 - create IPUIPlugin
2024-11-16 23:51:20,041 [INFO] IPUIPlugin:80 - create IPUIPlugin
2024-11-16 23:51:20,041 [INFO] IPUIPlugin:80 - create IPUIPlugin
2024-11-16 23:51:20,041 [INFO] IPUIPlugin:80 - create IPUIPlugin
2024-11-16 23:51:20,041 [INFO] IPUIPlugin:80 - create IPUIPlugin
2024-11-16 23:51:20,041 [INFO] IPUIPlugin:80 - create IPUIPlugin
2024-11-16 23:51:20,041 [INFO] IPUIPlugin:80 - create IPUIPlugin
2024-11-16 23:51:20,041 [INFO] IPUIPlugin:80 - create IPUIPlugin
2024-11-16 23:51:20,041 [INFO] IPUIPlugin:80 - create IPUIPlugin
2024-11-16 23:51:20,041 [INFO] IPUIPlugin:80 - create IPUIPlugin
2024-11-16 23:51:20,043 [INFO] IPUIPlugin:80 - create IPUIPlugin
2024-11-16 23:51:20,043 [INFO] IPUIPlugin:80 - create IPUIPlugin
2024-11-16 23:51:20,043 [INFO] IPUIPlugin:80 - create IPUIPlugin
2024-11-16 23:51:20,043 [INFO] IPUIPlugin:80 - create IPUIPlugin
2024-11-16 23:51:20,043 [INFO] IPUIPlugin:80 - create IPUIPlugin
2024-11-16 23:51:20,043 [INFO] IPUIPlugin:80 - create IPUIPlugin
2024-11-16 23:51:20,043 [INFO] IPUIPlugin:80 - create IPUIPlugin
2024-11-16 23:51:20,043 [INFO] IPUIPlugin:80 - create IPUIPlugin
2024-11-16 23:51:20,052 [INFO] IPUIPlugin:80 - create IPUIPlugin
2024-11-16 23:51:20,052 [INFO] IPUIPlugin:80 - create IPUIPlugin
2024-11-16 23:51:20,052 [INFO] IPUIPlugin:80 - create IPUIPlugin
2024-11-16 23:51:20,052 [INFO] IPUIPlugin:80 - create IPUIPlugin
2024-11-16 23:51:20,052 [INFO] IPUIPlugin:80 - create IPUIPlugin
2024-11-16 23:51:20,052 [INFO] IPUIPlugin:80 - create IPUIPlugin
2024-11-16 23:51:20,052 [INFO] IPUIPlugin:80 - create IPUIPlugin
2024-11-16 23:51:20,052 [INFO] IPUIPlugin:80 - create IPUIPlugin
2024-11-16 23:51:20,053 [INFO] IPUIPlugin:80 - create IPUIPlugin
2024-11-16 23:51:20,053 [INFO] IPUIPlugin:80 - create IPUIPlugin
2024-11-16 23:51:20,053 [INFO] IPUIPlugin:80 - create IPUIPlugin
2024-11-16 23:51:20,053 [INFO] IPUIPlugin:80 - create IPUIPlugin
2024-11-16 23:51:20,053 [INFO] IPUIPlugin:80 - create IPUIPlugin
2024-11-16 23:51:20,053 [INFO] IPUIPlugin:80 - create IPUIPlugin
2024-11-16 23:51:20,053 [INFO] IPUIPlugin:80 - create IPUIPlugin
2024-11-16 23:51:20,053 [INFO] IPUIPlugin:80 - create IPUIPlugin
2024-11-16 23:51:20,053 [INFO] IPUIPlugin:80 - create IPUIPlugin
2024-11-16 23:51:20,053 [INFO] IPUIPlugin:80 - create IPUIPlugin
2024-11-16 23:51:20,053 [INFO] IPUIPlugin:80 - create IPUIPlugin
2024-11-16 23:51:20,053 [INFO] IPUIPlugin:80 - create IPUIPlugin
2024-11-16 23:51:20,053 [INFO] IPUIPlugin:80 - create IPUIPlugin
2024-11-16 23:51:20,053 [INFO] IPUIPlugin:80 - create IPUIPlugin
2024-11-16 23:51:20,053 [INFO] IPUIPlugin:80 - create IPUIPlugin
2024-11-16 23:51:20,118 [INFO] CADModel:165 - CPN selected for project levelSTM32F072RBT6
2024-11-16 23:51:20,118 [INFO] CADModel:114 - Register for checkConnection events
2024-11-16 23:51:20,179 [INFO] OpenFileManager:343 - Restore cursor
