2025-10-18 12:21:21,834 [INFO] Activator:176 - 


2025-10-18 12:21:21,836 [INFO] Activator:177 - !SESSION log4j initialized
2025-10-18 12:21:23,573 [ERROR] LogOutputStream:75 - [STDERR_REDIRECT] 
2025-10-18 12:21:25,402 [INFO] LogOutputStream:77 - [STDOUT_REDIRECT] 
2025-10-18 12:21:27,494 [INFO] ApplicationProperties:184 - Using Application install path: /Applications/STM32CubeIDE.app/Contents/Eclipse/plugins/com.st.stm32cube.common.mx_6.15.0.202507011659
2025-10-18 12:21:27,509 [INFO] DbMcusXml:78 - Set database path to: /Applications/STM32CubeIDE.app/Contents/Eclipse/plugins/com.st.stm32cube.common.mx_6.15.0.202507011659//db//mcu/
2025-10-18 12:21:27,510 [INFO] ApiDb:274 - Set plugin database path to: /Applications/STM32CubeIDE.app/Contents/Eclipse/plugins/com.st.stm32cube.common.mx_6.15.0.202507011659//db//plugins/boardmanager/
2025-10-18 12:21:27,511 [WARN] ApiDb:259 - Overriding images path with different value:  => /Applications/STM32CubeIDE.app/Contents/Eclipse/plugins/com.st.stm32cube.common.mx_6.15.0.202507011659//db//plugins/mcufinder/images/
2025-10-18 12:21:27,516 [INFO] ApiDb:250 - Set database path to: /Users/jeremyniu/.stmcufinder/plugins/mcufinder//mcu/
2025-10-18 12:21:27,516 [INFO] DbMcusAds:125 - Set database path to: /Users/jeremyniu/.stmcufinder/plugins/mcufinder//mcu/
2025-10-18 12:21:27,518 [INFO] CrossReferenceDbSqlite:203 - Set database path to: /Users/jeremyniu/.stmcufinder/plugins/mcufinder//mcu/cs/
2025-10-18 12:21:27,689 [INFO] RulesReader:64 - Compatibility file has been processed (317 Rules)
2025-10-18 12:21:27,756 [INFO] DbMcusXml:78 - Set database path to: /Applications/STM32CubeIDE.app/Contents/Eclipse/plugins/com.st.stm32cube.common.mx_6.15.0.202507011659//db//mcu/
2025-10-18 12:21:27,756 [INFO] ApiDb:274 - Set plugin database path to: /Applications/STM32CubeIDE.app/Contents/Eclipse/plugins/com.st.stm32cube.common.mx_6.15.0.202507011659//db//plugins/boardmanager/
2025-10-18 12:21:27,756 [INFO] ApiDb:261 - Set plugin images path to: /Applications/STM32CubeIDE.app/Contents/Eclipse/plugins/com.st.stm32cube.common.mx_6.15.0.202507011659//db//plugins/mcufinder/images/
2025-10-18 12:21:27,757 [WARN] DbFile:41 - Overriding database path with different value: /Users/jeremyniu/.stmcufinder/plugins/mcufinder/ => /Users/jeremyniu/.stmcufinder/plugins/mcufinder
2025-10-18 12:21:27,757 [INFO] ApiDb:250 - Set database path to: /Users/jeremyniu/.stmcufinder/plugins/mcufinder//mcu/
2025-10-18 12:21:27,757 [WARN] DbFile:41 - Overriding database path with different value: /Users/jeremyniu/.stmcufinder/plugins/mcufinder/ => /Users/jeremyniu/.stmcufinder/plugins/mcufinder
2025-10-18 12:21:27,757 [INFO] DbMcusAds:125 - Set database path to: /Users/jeremyniu/.stmcufinder/plugins/mcufinder//mcu/
2025-10-18 12:21:27,757 [WARN] DbFile:41 - Overriding database path with different value: /Users/jeremyniu/.stmcufinder/plugins/mcufinder/ => /Users/jeremyniu/.stmcufinder/plugins/mcufinder
2025-10-18 12:21:27,757 [WARN] DbFile:41 - Overriding database path with different value: /Users/jeremyniu/.stmcufinder/plugins/mcufinder/ => /Users/jeremyniu/.stmcufinder/plugins/mcufinder
2025-10-18 12:21:27,757 [INFO] CrossReferenceDbSqlite:203 - Set database path to: /Users/jeremyniu/.stmcufinder/plugins/mcufinder//mcu/cs/
2025-10-18 12:21:27,837 [INFO] MainPanel:274 - HeapMemory: 268435456
2025-10-18 12:21:28,154 [INFO] DbMcusXml:78 - Set database path to: /Applications/STM32CubeIDE.app/Contents/Eclipse/plugins/com.st.stm32cube.common.mx_6.15.0.202507011659//db//mcu/
2025-10-18 12:21:28,154 [INFO] ApiDb:274 - Set plugin database path to: /Applications/STM32CubeIDE.app/Contents/Eclipse/plugins/com.st.stm32cube.common.mx_6.15.0.202507011659//db//plugins/boardmanager/
2025-10-18 12:21:28,155 [INFO] ApiDb:261 - Set plugin images path to: /Applications/STM32CubeIDE.app/Contents/Eclipse/plugins/com.st.stm32cube.common.mx_6.15.0.202507011659//db//plugins/mcufinder/images/
2025-10-18 12:21:28,155 [WARN] DbFile:41 - Overriding database path with different value: /Users/jeremyniu/.stmcufinder/plugins/mcufinder/ => /Users/jeremyniu/.stmcufinder/plugins/mcufinder
2025-10-18 12:21:28,155 [INFO] ApiDb:250 - Set database path to: /Users/jeremyniu/.stmcufinder/plugins/mcufinder//mcu/
2025-10-18 12:21:28,155 [WARN] DbFile:41 - Overriding database path with different value: /Users/jeremyniu/.stmcufinder/plugins/mcufinder/ => /Users/jeremyniu/.stmcufinder/plugins/mcufinder
2025-10-18 12:21:28,156 [INFO] DbMcusAds:125 - Set database path to: /Users/jeremyniu/.stmcufinder/plugins/mcufinder//mcu/
2025-10-18 12:21:28,156 [WARN] DbFile:41 - Overriding database path with different value: /Users/jeremyniu/.stmcufinder/plugins/mcufinder/ => /Users/jeremyniu/.stmcufinder/plugins/mcufinder
2025-10-18 12:21:28,156 [WARN] DbFile:41 - Overriding database path with different value: /Users/jeremyniu/.stmcufinder/plugins/mcufinder/ => /Users/jeremyniu/.stmcufinder/plugins/mcufinder
2025-10-18 12:21:28,156 [INFO] CrossReferenceDbSqlite:203 - Set database path to: /Users/jeremyniu/.stmcufinder/plugins/mcufinder//mcu/cs/
2025-10-18 12:21:28,176 [INFO] ApplicationProperties:184 - Using Application install path: /Applications/STM32CubeIDE.app/Contents/Eclipse/plugins/com.st.stm32cube.common.mx_6.15.0.202507011659
2025-10-18 12:21:28,178 [INFO] PluginManage:196 - Search for loadable plugins [exclusion list=, ]
2025-10-18 12:21:28,180 [INFO] PluginManage:310 - Check plugin analytics
2025-10-18 12:21:28,428 [INFO] AnalyticsPlugin:253 - Accepted Software Licenses: 
2025-10-18 12:21:28,428 [INFO] AnalyticsPlugin:255 - Accepted CMSIS Pack Licenses: 
2025-10-18 12:21:28,428 [INFO] AnalyticsPlugin:257 - Accepted Firmware Licenses: 
2025-10-18 12:21:28,432 [INFO] PluginManage:359 - Loaded plugin analytics (category:tool,tabindex:-1)
2025-10-18 12:21:28,434 [INFO] PluginManage:310 - Check plugin cadmodel
2025-10-18 12:21:28,443 [INFO] CADModel:105 - Init CAD model plugin
2025-10-18 12:21:28,444 [INFO] PluginManage:359 - Loaded plugin cadmodel (category:power,tabindex:5)
2025-10-18 12:21:28,444 [INFO] PluginManage:310 - Check plugin clock
2025-10-18 12:21:28,452 [INFO] PluginManage:359 - Loaded plugin clock (category:base,tabindex:2)
2025-10-18 12:21:28,452 [INFO] PluginManage:310 - Check plugin ddr
2025-10-18 12:21:28,454 [INFO] PluginManage:359 - Loaded plugin ddr (category:tool,tabindex:6)
2025-10-18 12:21:28,454 [INFO] PluginManage:310 - Check plugin filemanager
2025-10-18 12:21:29,198 [INFO] PluginManage:359 - Loaded plugin filemanager (category:base,tabindex:10)
2025-10-18 12:21:29,204 [INFO] PluginManage:310 - Check plugin ipmanager
2025-10-18 12:21:29,308 [INFO] PluginManage:359 - Loaded plugin ipmanager (category:base,tabindex:5)
2025-10-18 12:21:29,312 [INFO] PluginManage:310 - Check plugin lpbam
2025-10-18 12:21:29,416 [INFO] PluginManage:359 - Loaded plugin lpbam (category:base,tabindex:0)
2025-10-18 12:21:29,417 [INFO] PluginManage:310 - Check plugin memorymap
2025-10-18 12:21:29,440 [INFO] PluginManage:359 - Loaded plugin memorymap (category:base,tabindex:4)
2025-10-18 12:21:29,440 [INFO] PluginManage:310 - Check plugin pinoutandconfiguration
2025-10-18 12:21:29,449 [INFO] PluginManage:359 - Loaded plugin pinoutandconfiguration (category:base,tabindex:1)
2025-10-18 12:21:29,449 [INFO] PluginManage:310 - Check plugin pinoutconfig
2025-10-18 12:21:29,594 [WARN] SupportedApi:132 - Cannot load RTOS API schema: s4s-elt-must-match.1: The content of 'definitions' must match (annotation?, (simpleType | complexType)?, (unique | key | keyref)*)). A problem was found starting at: attribute.
2025-10-18 12:21:29,834 [INFO] PluginManage:359 - Loaded plugin pinoutconfig (category:base,tabindex:0)
2025-10-18 12:21:29,835 [INFO] PluginManage:310 - Check plugin power
2025-10-18 12:21:29,851 [INFO] PluginManage:359 - Loaded plugin power (category:power,tabindex:4)
2025-10-18 12:21:29,851 [INFO] PluginManage:310 - Check plugin projectmanager
2025-10-18 12:21:29,887 [INFO] PluginManage:359 - Loaded plugin projectmanager (category:projectmanager,tabindex:4)
2025-10-18 12:21:29,888 [INFO] PluginManage:310 - Check plugin rif
2025-10-18 12:21:29,896 [INFO] PluginManage:359 - Loaded plugin rif (category:base,tabindex:3)
2025-10-18 12:21:29,896 [INFO] PluginManage:310 - Check plugin thirdparty
2025-10-18 12:21:30,097 [INFO] PluginManage:359 - Loaded plugin thirdparty (category:base,tabindex:-1)
2025-10-18 12:21:30,098 [INFO] PluginManage:310 - Check plugin tools
2025-10-18 12:21:30,097 [WARN] IntegrityCheckThread:84 - waiting for thirdparty lock release [integrity check]
2025-10-18 12:21:30,101 [INFO] IntegrityCheckThread:86 - entering critical section [integrity check]
2025-10-18 12:21:30,102 [INFO] PluginManage:359 - Loaded plugin tools (category:base,tabindex:7)
2025-10-18 12:21:30,102 [INFO] ThirdPartyUpdaterWithRetryManager:70 - Updater plugin not ready yet. [1/15]
2025-10-18 12:21:30,102 [INFO] PluginManage:310 - Check plugin tutovideos
2025-10-18 12:21:30,333 [INFO] PluginManage:359 - Loaded plugin tutovideos (category:base,tabindex:-1)
2025-10-18 12:21:30,333 [INFO] PluginManage:310 - Check plugin updater
2025-10-18 12:21:30,366 [INFO] PluginManage:359 - Loaded plugin updater (category:base,tabindex:12)
2025-10-18 12:21:30,366 [INFO] PluginManage:310 - Check plugin userauth
2025-10-18 12:21:30,371 [INFO] UserAuth:118 - Init User Auth plugin
2025-10-18 12:21:30,372 [INFO] PluginManage:359 - Loaded plugin userauth (category:base,tabindex:14)
2025-10-18 12:21:30,373 [INFO] PluginManage:283 - PluginManage : Loaded plugins [18]
2025-10-18 12:21:30,689 [INFO] PinOutPanel:1589 - setPackage(No Configuration,No Configuration)
2025-10-18 12:21:30,781 [INFO] CADModel:165 - CPN selected for project level
2025-10-18 12:21:30,781 [INFO] CADModel:114 - Register for checkConnection events
2025-10-18 12:21:30,794 [INFO] IPUIPlugin:80 - create IPUIPlugin
2025-10-18 12:21:30,795 [INFO] PluginManager:220 - loadIPPluginJar : add mdma
2025-10-18 12:21:30,801 [INFO] IPUIPlugin:80 - create IPUIPlugin
2025-10-18 12:21:30,802 [INFO] PluginManager:220 - loadIPPluginJar : add freertos
2025-10-18 12:21:30,806 [INFO] IPUIPlugin:80 - create IPUIPlugin
2025-10-18 12:21:30,807 [INFO] PluginManager:220 - loadIPPluginJar : add gic
2025-10-18 12:21:30,817 [INFO] IPUIPlugin:80 - create IPUIPlugin
2025-10-18 12:21:30,817 [INFO] PluginManager:220 - loadIPPluginJar : add adc
2025-10-18 12:21:30,819 [INFO] IPUIPlugin:80 - create IPUIPlugin
2025-10-18 12:21:30,819 [INFO] PluginManager:220 - loadIPPluginJar : add gtzc
2025-10-18 12:21:30,820 [INFO] IPUIPlugin:80 - create IPUIPlugin
2025-10-18 12:21:30,820 [INFO] PluginManager:220 - loadIPPluginJar : add quadspi
2025-10-18 12:21:30,821 [INFO] IPUIPlugin:80 - create IPUIPlugin
2025-10-18 12:21:30,822 [INFO] PluginManager:220 - loadIPPluginJar : add aes
2025-10-18 12:21:30,824 [INFO] IPUIPlugin:80 - create IPUIPlugin
2025-10-18 12:21:30,825 [INFO] PluginManager:220 - loadIPPluginJar : add pdm2pcm
2025-10-18 12:21:30,826 [INFO] IPUIPlugin:80 - create IPUIPlugin
2025-10-18 12:21:30,826 [INFO] PluginManager:220 - loadIPPluginJar : add hash
2025-10-18 12:21:30,827 [INFO] IPUIPlugin:80 - create IPUIPlugin
2025-10-18 12:21:30,827 [INFO] PluginManager:220 - loadIPPluginJar : add tim
2025-10-18 12:21:30,828 [INFO] IPUIPlugin:80 - create IPUIPlugin
2025-10-18 12:21:30,828 [INFO] PluginManager:220 - loadIPPluginJar : add tsc
2025-10-18 12:21:30,830 [INFO] IPUIPlugin:80 - create IPUIPlugin
2025-10-18 12:21:30,831 [INFO] PluginManager:220 - loadIPPluginJar : add extmemmanager
2025-10-18 12:21:30,833 [INFO] IPUIPlugin:80 - create IPUIPlugin
2025-10-18 12:21:30,833 [INFO] PluginManager:220 - loadIPPluginJar : add ts
2025-10-18 12:21:30,834 [INFO] IPUIPlugin:80 - create IPUIPlugin
2025-10-18 12:21:30,834 [INFO] PluginManager:220 - loadIPPluginJar : add radio
2025-10-18 12:21:30,835 [INFO] IPUIPlugin:80 - create IPUIPlugin
2025-10-18 12:21:30,835 [INFO] PluginManager:220 - loadIPPluginJar : add can
2025-10-18 12:21:30,837 [INFO] IPUIPlugin:80 - create IPUIPlugin
2025-10-18 12:21:30,837 [INFO] PluginManager:220 - loadIPPluginJar : add dma3
2025-10-18 12:21:30,839 [INFO] IPUIPlugin:80 - create IPUIPlugin
2025-10-18 12:21:30,840 [INFO] PluginManager:220 - loadIPPluginJar : add dfsdm
2025-10-18 12:21:30,841 [INFO] IPUIPlugin:80 - create IPUIPlugin
2025-10-18 12:21:30,842 [INFO] PluginManager:220 - loadIPPluginJar : add spi
2025-10-18 12:21:30,843 [INFO] IPUIPlugin:80 - create IPUIPlugin
2025-10-18 12:21:30,843 [INFO] PluginManager:220 - loadIPPluginJar : add gfxmmu
2025-10-18 12:21:30,845 [INFO] IPUIPlugin:80 - create IPUIPlugin
2025-10-18 12:21:30,845 [INFO] PluginManager:220 - loadIPPluginJar : add genericplugin
2025-10-18 12:21:30,846 [INFO] IPUIPlugin:80 - create IPUIPlugin
2025-10-18 12:21:30,846 [INFO] PluginManager:220 - loadIPPluginJar : add cryp
2025-10-18 12:21:30,850 [INFO] IPUIPlugin:80 - create IPUIPlugin
2025-10-18 12:21:30,851 [INFO] PluginManager:220 - loadIPPluginJar : add gpio
2025-10-18 12:21:30,853 [INFO] IPUIPlugin:80 - create IPUIPlugin
2025-10-18 12:21:30,853 [INFO] PluginManager:220 - loadIPPluginJar : add ddr_ctrl_phy
2025-10-18 12:21:30,855 [INFO] IPUIPlugin:80 - create IPUIPlugin
2025-10-18 12:21:30,855 [INFO] PluginManager:220 - loadIPPluginJar : add comp
2025-10-18 12:21:30,858 [INFO] IPUIPlugin:80 - create IPUIPlugin
2025-10-18 12:21:30,858 [INFO] PluginManager:220 - loadIPPluginJar : add tracer_emb
2025-10-18 12:21:30,860 [INFO] IPUIPlugin:80 - create IPUIPlugin
2025-10-18 12:21:30,860 [INFO] PluginManager:220 - loadIPPluginJar : add openamp
2025-10-18 12:21:30,864 [INFO] IPUIPlugin:80 - create IPUIPlugin
2025-10-18 12:21:30,865 [INFO] PluginManager:220 - loadIPPluginJar : add stm32_wpan
2025-10-18 12:21:30,870 [INFO] IPUIPlugin:80 - create IPUIPlugin
2025-10-18 12:21:30,873 [INFO] PluginManager:220 - loadIPPluginJar : add plateformsettings
2025-10-18 12:21:30,877 [INFO] IPUIPlugin:80 - create IPUIPlugin
2025-10-18 12:21:30,877 [INFO] PluginManager:220 - loadIPPluginJar : add ipddr
2025-10-18 12:21:30,879 [INFO] IPUIPlugin:80 - create IPUIPlugin
2025-10-18 12:21:30,879 [INFO] PluginManager:220 - loadIPPluginJar : add usart
2025-10-18 12:21:30,880 [INFO] IPUIPlugin:80 - create IPUIPlugin
2025-10-18 12:21:30,880 [INFO] PluginManager:220 - loadIPPluginJar : add ltdc
2025-10-18 12:21:30,882 [INFO] IPUIPlugin:80 - create IPUIPlugin
2025-10-18 12:21:30,882 [INFO] PluginManager:220 - loadIPPluginJar : add nvic
2025-10-18 12:21:30,883 [INFO] IPUIPlugin:80 - create IPUIPlugin
2025-10-18 12:21:30,883 [INFO] PluginManager:220 - loadIPPluginJar : add fatfs
2025-10-18 12:21:30,888 [INFO] IPUIPlugin:80 - create IPUIPlugin
2025-10-18 12:21:30,888 [INFO] PluginManager:220 - loadIPPluginJar : add linkedlist
2025-10-18 12:21:30,894 [INFO] IPUIPlugin:80 - create IPUIPlugin
2025-10-18 12:21:30,894 [INFO] PluginManager:220 - loadIPPluginJar : add dma
2025-10-18 12:21:30,897 [INFO] IPUIPlugin:80 - create IPUIPlugin
2025-10-18 12:21:30,897 [INFO] PluginManager:220 - loadIPPluginJar : add fmc
2025-10-18 12:21:30,899 [INFO] IPUIPlugin:80 - create IPUIPlugin
2025-10-18 12:21:30,900 [INFO] PluginManager:220 - loadIPPluginJar : add i2s
2025-10-18 12:21:30,902 [INFO] IPUIPlugin:80 - create IPUIPlugin
2025-10-18 12:21:30,902 [INFO] PluginManager:220 - loadIPPluginJar : add ucpd
2025-10-18 12:21:30,904 [INFO] IPUIPlugin:80 - create IPUIPlugin
2025-10-18 12:21:30,904 [INFO] PluginManager:220 - loadIPPluginJar : add lorawan
2025-10-18 12:21:30,907 [INFO] IPUIPlugin:80 - create IPUIPlugin
2025-10-18 12:21:30,907 [INFO] PluginManager:220 - loadIPPluginJar : add opamp
2025-10-18 12:21:30,910 [INFO] IPUIPlugin:80 - create IPUIPlugin
2025-10-18 12:21:30,910 [INFO] PluginManager:220 - loadIPPluginJar : add i3c
2025-10-18 12:21:30,913 [INFO] IPUIPlugin:80 - create IPUIPlugin
2025-10-18 12:21:30,914 [INFO] PluginManager:220 - loadIPPluginJar : add touchsensing
2025-10-18 12:21:30,916 [INFO] IPUIPlugin:80 - create IPUIPlugin
2025-10-18 12:21:30,916 [INFO] PluginManager:220 - loadIPPluginJar : add i2c
2025-10-18 12:21:30,919 [INFO] IPUIPlugin:80 - create IPUIPlugin
2025-10-18 12:21:30,919 [INFO] PluginManager:220 - loadIPPluginJar : add resmgrutility
2025-10-18 12:21:30,920 [INFO] IPUIPlugin:80 - create IPUIPlugin
2025-10-18 12:21:30,921 [INFO] PluginManager:220 - loadIPPluginJar : add sai
2025-10-18 12:21:30,923 [INFO] IPUIPlugin:80 - create IPUIPlugin
2025-10-18 12:21:30,923 [INFO] PluginManager:220 - loadIPPluginJar : add usbx
2025-10-18 12:21:31,048 [FATAL] Updater:351 - Updater called before beeing initialized
2025-10-18 12:21:31,113 [INFO] RulesReader:64 - Compatibility file has been processed (317 Rules)
2025-10-18 12:21:31,129 [INFO] RulesReader:64 - Compatibility file has been processed (317 Rules)
2025-10-18 12:21:31,145 [INFO] CADModel:165 - CPN selected for project level
2025-10-18 12:21:31,146 [INFO] CADModel:114 - Register for checkConnection events
2025-10-18 12:21:31,146 [FATAL] Updater:351 - Updater called before beeing initialized
2025-10-18 12:21:31,146 [ERROR] CADModel:125 - Updater not yet initialized, retry later 
2025-10-18 12:21:31,434 [FATAL] Updater:351 - Updater called before beeing initialized
2025-10-18 12:21:31,436 [INFO] CADModel:165 - CPN selected for project level
2025-10-18 12:21:31,436 [INFO] CADModel:114 - Register for checkConnection events
2025-10-18 12:21:31,436 [FATAL] Updater:351 - Updater called before beeing initialized
2025-10-18 12:21:31,436 [ERROR] CADModel:125 - Updater not yet initialized, retry later 
2025-10-18 12:21:31,440 [FATAL] Updater:351 - Updater called before beeing initialized
2025-10-18 12:21:31,616 [FATAL] Updater:351 - Updater called before beeing initialized
2025-10-18 12:21:31,622 [INFO] DbMcusAds:53 - JSON generation date=Thu Sep 30 02:55:09 EDT 2021 (1632984909247)
2025-10-18 12:21:31,623 [FATAL] Updater:351 - Updater called before beeing initialized
2025-10-18 12:21:31,677 [WARN] DetailPanel:346 - Failed to get advertising image, set to default
2025-10-18 12:21:31,758 [FATAL] Updater:351 - Updater called before beeing initialized
2025-10-18 12:21:31,762 [FATAL] Updater:351 - Updater called before beeing initialized
2025-10-18 12:21:31,763 [FATAL] Updater:351 - Updater called before beeing initialized
2025-10-18 12:21:31,763 [WARN] DetailPanel:346 - Failed to get advertising image, set to default
2025-10-18 12:21:31,766 [FATAL] Updater:351 - Updater called before beeing initialized
2025-10-18 12:21:31,830 [ERROR] Updater:1198 - MainUpdater not yet initialized. External WinMGr cannot be set.
2025-10-18 12:21:31,839 [INFO] Updater:1134 - Updater Version found : 6.15.0
2025-10-18 12:21:31,856 [INFO] ApplicationProperties:184 - Using Application install path: /Applications/STM32CubeIDE.app/Contents/Eclipse/plugins/com.st.stm32cube.common.mx_6.15.0.202507011659
2025-10-18 12:21:32,287 [INFO] MainUpdater:2872 - connection check result : 10
2025-10-18 12:21:32,287 [INFO] MainUpdater:289 - Updater Check For Update Now.
2025-10-18 12:21:32,287 [INFO] MicroXplorer:498 - Change Database Version : DB.6.0.150
2025-10-18 12:21:32,295 [INFO] McuFinderGlobals:63 - Set McuFinder mode to 2 (CubeIDE integrated)
2025-10-18 12:21:32,295 [INFO] UserAuth:171 - activating auth plugin
2025-10-18 12:21:32,311 [INFO] UserAuth:487 - Internet connection configuration mode: 1
2025-10-18 12:21:32,329 [INFO] JxBrowserEngine:152 - Initiate JxBrowser Engine with user profile folder
2025-10-18 12:21:32,548 [INFO] CheckServerUpdateThread:120 - End of CheckServer Thread
2025-10-18 12:21:33,380 [WARN] PackLoader:240 - Cannot read IP mode file for STMicroelectronics.FP-SNS-MOTENVWB1.1.4.0
2025-10-18 12:21:33,410 [WARN] PackLoader:240 - Cannot read IP mode file for STMicroelectronics.FP-ATR-ASTRA1.2.0.2
2025-10-18 12:21:33,424 [WARN] PackLoader:240 - Cannot read IP mode file for STMicroelectronics.X-CUBE-SMBUS.2.1.0
2025-10-18 12:21:33,434 [WARN] PackLoader:240 - Cannot read IP mode file for STMicroelectronics.X-CUBE-ST60.1.0.0
2025-10-18 12:21:33,492 [WARN] PackLoader:240 - Cannot read IP mode file for STMicroelectronics.X-CUBE-AZRTOS-F7.1.1.0
2025-10-18 12:21:33,544 [WARN] PackLoader:240 - Cannot read IP mode file for WES.I-CUBE-Cesium.1.4.0
2025-10-18 12:21:33,599 [WARN] PackLoader:240 - Cannot read IP mode file for Infineon.AIROC-Wi-Fi-Bluetooth-STM32.1.7.1
2025-10-18 12:21:33,698 [WARN] PackLoader:240 - Cannot read IP mode file for STMicroelectronics.X-CUBE-AZRTOS-H7.3.4.0
2025-10-18 12:21:33,742 [WARN] PackLoader:240 - Cannot read IP mode file for STMicroelectronics.X-CUBE-DISPLAY.3.0.0
2025-10-18 12:21:33,773 [WARN] PackLoader:240 - Cannot read IP mode file for STMicroelectronics.X-CUBE-NFC10.1.0.0
2025-10-18 12:21:33,785 [WARN] PackLoader:240 - Cannot read IP mode file for STMicroelectronics.X-CUBE-ST60.1.1.0
2025-10-18 12:21:33,804 [WARN] PackLoader:240 - Cannot read IP mode file for emotas.I-CUBE-CANOPEN.1.3.0
2025-10-18 12:21:33,822 [WARN] PackLoader:240 - Cannot read IP mode file for STMicroelectronics.FP-SNS-STBOX1.2.1.0
2025-10-18 12:21:33,837 [WARN] PackLoader:240 - Cannot read IP mode file for STMicroelectronics.FP-SNS-SMARTAG2.1.2.0
2025-10-18 12:21:33,847 [WARN] PackLoader:240 - Cannot read IP mode file for STMicroelectronics.FP-SNS-FLIGHT1.5.1.0
2025-10-18 12:21:33,859 [INFO] LogOutputStream:77 - [STDOUT_REDIRECT] 1 : Invalid condition id : UX_CORESTACK_Condition cause : null
2025-10-18 12:21:33,860 [INFO] LogOutputStream:77 - [STDOUT_REDIRECT] 1 : Invalid condition id : UX_CORESTACK_Condition cause : null
2025-10-18 12:21:33,860 [INFO] LogOutputStream:77 - [STDOUT_REDIRECT] 1 : Invalid condition id : UX_CORESTACK_Condition cause : null
2025-10-18 12:21:33,860 [INFO] LogOutputStream:77 - [STDOUT_REDIRECT] 1 : Invalid condition id : UX_CORESTACK_Condition cause : null
2025-10-18 12:21:33,860 [INFO] LogOutputStream:77 - [STDOUT_REDIRECT] 1 : Invalid condition id : UX_CORESTACK_Condition cause : null
2025-10-18 12:21:33,868 [WARN] PackLoader:240 - Cannot read IP mode file for STMicroelectronics.X-CUBE-AZRTOS-WL.2.0.0
2025-10-18 12:21:33,877 [WARN] PackLoader:240 - Cannot read IP mode file for STMicroelectronics.FP-SNS-MOTENV1.5.0.0
2025-10-18 12:21:33,889 [WARN] PackLoader:240 - Cannot read IP mode file for STMicroelectronics.X-CUBE-BLE2.3.3.0
2025-10-18 12:21:33,908 [WARN] PackLoader:240 - Cannot read IP mode file for STMicroelectronics.X-CUBE-NFC9.1.0.0
2025-10-18 12:21:33,921 [WARN] PackLoader:240 - Cannot read IP mode file for wolfSSL.I-CUBE-wolfSSL.5.8.2
2025-10-18 12:21:33,928 [WARN] PackLoader:240 - Cannot read IP mode file for STMicroelectronics.X-CUBE-BLE1.7.1.0
2025-10-18 12:21:33,940 [WARN] PackLoader:240 - Cannot read IP mode file for wolfSSL.I-CUBE-wolfMQTT.1.19.2
2025-10-18 12:21:33,952 [WARN] PackLoader:240 - Cannot read IP mode file for STMicroelectronics.X-CUBE-EEPRMA1.5.2.0
2025-10-18 12:21:33,961 [WARN] PackLoader:240 - Cannot read IP mode file for STMicroelectronics.X-CUBE-ST67W61.1.1.0
2025-10-18 12:21:34,190 [WARN] PackLoader:240 - Cannot read IP mode file for STMicroelectronics.X-CUBE-AZRTOS-G0.1.1.0
2025-10-18 12:21:34,353 [WARN] PackLoader:240 - Cannot read IP mode file for STMicroelectronics.X-CUBE-SAFEA1.1.2.2
2025-10-18 12:21:34,385 [WARN] PackLoader:240 - Cannot read IP mode file for STMicroelectronics.X-CUBE-NFC4.3.0.0
2025-10-18 12:21:34,409 [WARN] PackLoader:240 - Cannot read IP mode file for EmbeddedOffice.I-CUBE-FS-RTOS.1.0.1
2025-10-18 12:21:34,422 [WARN] PackLoader:240 - Cannot read IP mode file for STMicroelectronics.X-CUBE-WB05N.2.0.0
2025-10-18 12:21:34,429 [WARN] PackLoader:240 - Cannot read IP mode file for wolfSSL.I-CUBE-wolfTPM.3.8.0
2025-10-18 12:21:34,435 [WARN] PackLoader:240 - Cannot read IP mode file for STMicroelectronics.X-CUBE-TCPP.4.2.0
2025-10-18 12:21:34,443 [WARN] PackLoader:240 - Cannot read IP mode file for RealThread.X-CUBE-RT-Thread_Nano.4.1.1
2025-10-18 12:21:34,449 [WARN] PackLoader:240 - Cannot read IP mode file for STMicroelectronics.FP-ATR-SIGFOX1.3.2.0
2025-10-18 12:21:34,453 [WARN] PackLoader:240 - Cannot read IP mode file for ITTIA_DB.I-CUBE-ITTIADB.8.9.0
2025-10-18 12:21:34,475 [WARN] PackLoader:240 - Cannot read IP mode file for STMicroelectronics.X-CUBE-ST67W61.1.0.0
2025-10-18 12:21:34,481 [WARN] PackLoader:240 - Cannot read IP mode file for STMicroelectronics.X-CUBE-AI.10.2.0
2025-10-18 12:21:34,548 [WARN] PackLoader:240 - Cannot read IP mode file for SEGGER.I-CUBE-embOS.1.3.1
2025-10-18 12:21:34,616 [WARN] PackLoader:240 - Cannot read IP mode file for STMicroelectronics.X-CUBE-ALGOBUILD.1.4.0
2025-10-18 12:21:34,753 [WARN] PackLoader:240 - Cannot read IP mode file for STMicroelectronics.X-CUBE-MEMS1.11.3.0
2025-10-18 12:21:34,903 [WARN] PackLoader:240 - Cannot read IP mode file for STMicroelectronics.X-CUBE-PM33A1.1.0.0
2025-10-18 12:21:34,938 [WARN] PackLoader:240 - Cannot read IP mode file for STMicroelectronics.X-CUBE-AZRTOS-F4.1.1.0
2025-10-18 12:21:34,953 [WARN] PackLoader:240 - Cannot read IP mode file for Avnet-IotConnect.X-CUBE-IoTC-DA16k-PMOD.1.0.0
2025-10-18 12:21:34,960 [WARN] PackLoader:240 - Cannot read IP mode file for STMicroelectronics.X-CUBE-ISPU.2.1.0
2025-10-18 12:21:34,977 [WARN] PackLoader:240 - Cannot read IP mode file for STMicroelectronics.X-CUBE-IPS.3.2.0
2025-10-18 12:21:34,997 [WARN] PackLoader:240 - Cannot read IP mode file for STMicroelectronics.X-CUBE-NFC12.1.0.0
2025-10-18 12:21:35,028 [WARN] PackLoader:240 - Cannot read IP mode file for STMicroelectronics.X-CUBE-AZRTOS-L5.2.0.0
2025-10-18 12:21:35,057 [WARN] PackLoader:240 - Cannot read IP mode file for STMicroelectronics.X-CUBE-NFC6.3.1.0
2025-10-18 12:21:35,070 [WARN] PackLoader:240 - Cannot read IP mode file for STMicroelectronics.X-CUBE-FREERTOS.1.3.1
2025-10-18 12:21:35,081 [WARN] PackLoader:240 - Cannot read IP mode file for STMicroelectronics.X-CUBE-TOUCHGFX.4.26.0
2025-10-18 12:21:35,088 [WARN] PackLoader:240 - Cannot read IP mode file for STMicroelectronics.FP-SNS-STAIOTCFT.1.0.0
2025-10-18 12:21:35,097 [WARN] PackLoader:240 - Cannot read IP mode file for STMicroelectronics.X-CUBE-DPower.1.3.0
2025-10-18 12:21:35,125 [WARN] ConditionMgr:438 - getConditionDescription Invalid condition id : LAN8742 Phy interface Condition cause : null
2025-10-18 12:21:35,127 [WARN] PackLoader:240 - Cannot read IP mode file for STMicroelectronics.X-CUBE-AZRTOS-L4.2.0.0
2025-10-18 12:21:35,140 [WARN] ConditionMgr:1044 - genDependencies : Invalid condition id : LAN8742 Phy interface Condition cause : null
2025-10-18 12:21:35,142 [WARN] ConditionMgr:1044 - genDependencies : Invalid condition id : LAN8742 Phy interface Condition cause : null
2025-10-18 12:21:35,143 [WARN] ConditionMgr:1044 - genDependencies : Invalid condition id : LAN8742 Phy interface Condition cause : null
2025-10-18 12:21:35,161 [WARN] PackLoader:240 - Cannot read IP mode file for STMicroelectronics.X-CUBE-SFXS2LP1.4.0.0
2025-10-18 12:21:35,183 [WARN] PackLoader:240 - Cannot read IP mode file for STMicroelectronics.X-CUBE-BLEMGR.4.1.0
2025-10-18 12:21:35,201 [WARN] ConditionMgr:438 - getConditionDescription Invalid condition id : UX DEVICE CLASS RTOS Condition cause : null
2025-10-18 12:21:35,201 [WARN] ConditionMgr:438 - getConditionDescription Invalid condition id : UX DEVICE CLASS RTOS Condition cause : null
2025-10-18 12:21:35,206 [WARN] PackLoader:240 - Cannot read IP mode file for STMicroelectronics.X-CUBE-AZRTOS-WB.2.0.0
2025-10-18 12:21:35,207 [WARN] ConditionMgr:1044 - genDependencies : Invalid condition id : UX DEVICE CLASS RTOS Condition cause : null
2025-10-18 12:21:35,207 [WARN] ConditionMgr:1044 - genDependencies : Invalid condition id : UX DEVICE CLASS RTOS Condition cause : null
2025-10-18 12:21:35,208 [WARN] ConditionMgr:1044 - genDependencies : Invalid condition id : UX DEVICE CLASS RTOS Condition cause : null
2025-10-18 12:21:35,209 [WARN] ConditionMgr:1044 - genDependencies : Invalid condition id : UX DEVICE CLASS RTOS Condition cause : null
2025-10-18 12:21:35,209 [WARN] ConditionMgr:1044 - genDependencies : Invalid condition id : UX DEVICE CLASS RTOS Condition cause : null
2025-10-18 12:21:35,221 [WARN] PackLoader:240 - Cannot read IP mode file for STMicroelectronics.X-CUBE-GNSS1.7.0.1
2025-10-18 12:21:35,225 [WARN] PackLoader:240 - Cannot read IP mode file for STMicroelectronics.X-CUBE-TOUCHGFX.4.25.0
2025-10-18 12:21:35,229 [WARN] ConditionMgr:438 - getConditionDescription Invalid condition id : Cortex-A Device cause : null
2025-10-18 12:21:35,284 [WARN] ConditionMgr:1044 - genDependencies : Invalid condition id : Cortex-A Device cause : null
2025-10-18 12:21:35,284 [WARN] ConditionMgr:1044 - genDependencies : Invalid condition id : Cortex-A Device cause : null
2025-10-18 12:21:35,284 [WARN] ConditionMgr:1044 - genDependencies : Invalid condition id : Cortex-A Device cause : null
2025-10-18 12:21:35,305 [WARN] PackLoader:240 - Cannot read IP mode file for STMicroelectronics.X-CUBE-SUBG2.5.0.0
2025-10-18 12:21:35,344 [WARN] PackLoader:240 - Cannot read IP mode file for STMicroelectronics.X-CUBE-AZRTOS-H7RS.1.1.0
2025-10-18 12:21:35,351 [WARN] PackLoader:240 - Cannot read IP mode file for Cesanta.I-CUBE-Mongoose.7.13.0
2025-10-18 12:21:35,366 [WARN] PackLoader:240 - Cannot read IP mode file for STMicroelectronics.X-CUBE-AZRTOS-G4.2.0.0
2025-10-18 12:21:35,377 [WARN] PackLoader:240 - Cannot read IP mode file for wolfSSL.I-CUBE-wolfSSH.1.4.20
2025-10-18 12:21:35,384 [WARN] PackLoader:240 - Cannot read IP mode file for STMicroelectronics.X-CUBE-NFC7.2.0.0
2025-10-18 12:21:35,403 [WARN] PackLoader:240 - Cannot read IP mode file for STMicroelectronics.X-CUBE-IPS.3.1.0
2025-10-18 12:21:35,421 [WARN] PackLoader:240 - Cannot read IP mode file for STMicroelectronics.X-CUBE-ALS.1.0.2
2025-10-18 12:21:35,430 [WARN] PackLoader:240 - Cannot read IP mode file for STMicroelectronics.X-CUBE-STSE01.1.0.0
2025-10-18 12:21:35,444 [WARN] PackLoader:240 - Cannot read IP mode file for STMicroelectronics.X-CUBE-TOF1.3.4.3
2025-10-18 12:21:35,453 [INFO] ThirdParty:978 - Integrity check success = true
2025-10-18 12:21:35,453 [INFO] IntegrityCheckThread:100 - exiting critical section [integrity check]
2025-10-18 12:21:35,453 [INFO] IntegrityCheckThread:103 - End integrity checks thread
2025-10-18 12:21:36,424 [INFO] WebApp:169 - Instantiating new browser for Auth
2025-10-18 12:21:37,705 [INFO] WebApp:463 - Apply proxy settings
2025-10-18 12:21:37,718 [INFO] WebApp:508 - Chromium authenticates against Manually configured proxy
2025-10-18 12:21:37,738 [INFO] WebApp:516 - Username used for proxy authentication: 
2025-10-18 12:21:37,782 [INFO] WebApp:900 - Register for checkConnection events
2025-10-18 12:21:37,782 [INFO] WebApp:463 - Apply proxy settings
2025-10-18 12:21:37,786 [INFO] WebApp:508 - Chromium authenticates against Manually configured proxy
2025-10-18 12:21:37,786 [INFO] WebApp:516 - Username used for proxy authentication: 
2025-10-18 12:21:37,979 [INFO] WebApp:225 - Starting web application
2025-10-18 12:21:37,980 [INFO] WebApp:593 - Web application path used /Applications/STM32CubeIDE.app/Contents/Eclipse/plugins/com.st.stm32cube.common.mx_6.15.0.202507011659/db/plugins/mcufinder/reactClient1/index.html
2025-10-18 12:21:38,501 [INFO] WebApp:191 - Connection restablished
2025-10-18 12:22:45,603 [INFO] McuFinderGlobals:63 - Set McuFinder mode to 2 (CubeIDE integrated)
2025-10-18 12:22:47,028 [INFO] MainUpdater:2872 - connection check result : 10
2025-10-18 12:22:47,030 [INFO] MainUpdater:2872 - connection check result : 10
2025-10-18 12:22:47,614 [INFO] MicroXplorer:468 - Change Database Path : 
2025-10-18 12:22:47,615 [INFO] MicroXplorer:498 - Change Database Version : DB.6.0.150
2025-10-18 12:22:47,623 [WARN] ThirdParty:871 - waiting for thirdparty lock release [close project]
2025-10-18 12:22:47,623 [INFO] ThirdParty:873 - entering critical section [close project]
2025-10-18 12:22:47,632 [INFO] ThirdParty:883 - exiting critical section [close project]
2025-10-18 12:22:47,642 [INFO] PinOutPanel:1589 - setPackage(No Configuration,No Configuration)
2025-10-18 12:22:47,648 [INFO] UtilMem:75 - Begin LoadConfig() Used Memory: 625365192 Bytes (861929472)
2025-10-18 12:22:47,714 [INFO] MicroXplorer:468 - Change Database Path : /Users/jeremyniu/.stm32cubemx/databases/DB.6.0.30/db/
2025-10-18 12:22:47,714 [INFO] MicroXplorer:498 - Change Database Version : DB.6.0.30
2025-10-18 12:29:39,150 [INFO] MicroXplorer:468 - Change Database Path : 
2025-10-18 12:29:39,153 [INFO] MicroXplorer:498 - Change Database Version : DB.6.0.150
2025-10-18 12:29:39,153 [INFO] OpenFileManager:355 - Change cursor
2025-10-18 12:29:39,268 [INFO] Mcu:2029 - Initializing MCU STM32F072R(8-B)Tx STM32F072RBTx STM32F072RBT6
2025-10-18 12:29:41,250 [INFO] Context:786 - Trying to add GPIOservice into a context  which must be forbidden
2025-10-18 12:29:41,968 [INFO] Rule:233 - rule 117617 - U5Cobra4M][GTZC] default value MPCBB3 and MPCBB5 - Not Secured memory - MPCBB1 is applicable
2025-10-18 12:29:41,971 [INFO] Rule:233 - rule 117617 - U5Cobra4M][GTZC] default value MPCBB3 and MPCBB5 - Not Secured memory - MPCBB1 is applicable
2025-10-18 12:29:41,971 [INFO] Rule:233 - rule 117617 - U5Cobra4M][GTZC] default value MPCBB3 and MPCBB5 - Not Secured memory - MPCBB2 is applicable
2025-10-18 12:29:41,971 [INFO] Rule:233 - rule 117617 - U5Cobra4M][GTZC] default value MPCBB3 and MPCBB5 - Not Secured memory - MPCBB2 is applicable
2025-10-18 12:29:41,971 [INFO] Rule:233 - rule 117617 - U5Cobra4M][GTZC] default value MPCBB3 and MPCBB5 - Not Secured memory - MPCBB3 is applicable
2025-10-18 12:29:41,971 [INFO] Rule:233 - rule 117617 - U5Cobra4M][GTZC] default value MPCBB3 and MPCBB5 - Not Secured memory - MPCBB3 is applicable
2025-10-18 12:29:41,971 [INFO] Rule:233 - rule 117617 - U5Cobra4M][GTZC] default value MPCBB3 and MPCBB5 - Not Secured memory - MPCBB4 is applicable
2025-10-18 12:29:41,971 [INFO] Rule:233 - rule 117617 - U5Cobra4M][GTZC] default value MPCBB3 and MPCBB5 - Not Secured memory - MPCBB4 is applicable
2025-10-18 12:29:41,971 [INFO] Rule:233 - rule 117617 - U5Cobra4M][GTZC] default value MPCBB3 and MPCBB5 - Secured memory - MPCBB1 is applicable
2025-10-18 12:29:41,971 [INFO] Rule:233 - rule 117617 - U5Cobra4M][GTZC] default value MPCBB3 and MPCBB5 - Secured memory - MPCBB2 is applicable
2025-10-18 12:29:41,971 [INFO] Rule:233 - rule 117617 - U5Cobra4M][GTZC] default value MPCBB3 and MPCBB5 - Secured memory - MPCBB3 is applicable
2025-10-18 12:29:41,971 [INFO] Rule:233 - rule 117617 - U5Cobra4M][GTZC] default value MPCBB3 and MPCBB5 - Secured memory - MPCBB4 is applicable
2025-10-18 12:29:41,971 [INFO] Rule:233 - rule 117617 - U5Cobra4M][GTZC] default value MPCBB3 and MPCBB5 - Privileged memory - MPCBB1 is applicable
2025-10-18 12:29:41,971 [INFO] Rule:233 - rule 117617 - U5Cobra4M][GTZC] default value MPCBB3 and MPCBB5 - Privileged memory - MPCBB2 is applicable
2025-10-18 12:29:41,971 [INFO] Rule:233 - rule 117617 - U5Cobra4M][GTZC] default value MPCBB3 and MPCBB5 - Privileged memory - MPCBB3 is applicable
2025-10-18 12:29:41,971 [INFO] Rule:233 - rule 117617 - U5Cobra4M][GTZC] default value MPCBB3 and MPCBB5 - Privileged memory - MPCBB4 is applicable
2025-10-18 12:29:41,971 [INFO] Rule:233 - rule 117617 - U5Cobra4M][GTZC] default value MPCBB3 and MPCBB5 - Not Privileged memory - MPCBB1 is applicable
2025-10-18 12:29:41,971 [INFO] Rule:233 - rule 117617 - U5Cobra4M][GTZC] default value MPCBB3 and MPCBB5 - Not Privileged memory - MPCBB2 is applicable
2025-10-18 12:29:41,971 [INFO] Rule:233 - rule 117617 - U5Cobra4M][GTZC] default value MPCBB3 and MPCBB5 - Not Privileged memory - MPCBB3 is applicable
2025-10-18 12:29:41,971 [INFO] Rule:233 - rule 117617 - U5Cobra4M][GTZC] default value MPCBB3 and MPCBB5 - Not Privileged memory - MPCBB4 is applicable
2025-10-18 12:29:41,971 [INFO] Rule:233 - rule 117617 - U5Cobra4M][GTZC] default value MPCBB3 and MPCBB5 - Privileged memory - MPCBB1 is applicable
2025-10-18 12:29:41,971 [INFO] Rule:233 - rule 117617 - U5Cobra4M][GTZC] default value MPCBB3 and MPCBB5 - Privileged memory - MPCBB2 is applicable
2025-10-18 12:29:41,971 [INFO] Rule:233 - rule 117617 - U5Cobra4M][GTZC] default value MPCBB3 and MPCBB5 - Privileged memory - MPCBB3 is applicable
2025-10-18 12:29:41,971 [INFO] Rule:233 - rule 117617 - U5Cobra4M][GTZC] default value MPCBB3 and MPCBB5 - Privileged memory - MPCBB4 is applicable
2025-10-18 12:29:41,971 [INFO] Rule:233 - rule 117617 - U5Cobra4M][GTZC] default value MPCBB3 and MPCBB5 - Privileged memory - MPCBB1 is applicable
2025-10-18 12:29:41,971 [INFO] Rule:233 - rule 117617 - U5Cobra4M][GTZC] default value MPCBB3 and MPCBB5 - Privileged memory - MPCBB2 is applicable
2025-10-18 12:29:41,972 [INFO] Rule:233 - rule 117617 - U5Cobra4M][GTZC] default value MPCBB3 and MPCBB5 - Privileged memory - MPCBB3 is applicable
2025-10-18 12:29:41,972 [INFO] Rule:233 - rule 117617 - U5Cobra4M][GTZC] default value MPCBB3 and MPCBB5 - Privileged memory - MPCBB4 is applicable
2025-10-18 12:29:41,972 [INFO] Rule:233 - rule 117617 - U5Cobra4M][GTZC] default value MPCBB3 and MPCBB5 - Not Privileged memory - MPCBB1 is applicable
2025-10-18 12:29:41,972 [INFO] Rule:233 - rule 117617 - U5Cobra4M][GTZC] default value MPCBB3 and MPCBB5 - Not Privileged memory - MPCBB2 is applicable
2025-10-18 12:29:41,972 [INFO] Rule:233 - rule 117617 - U5Cobra4M][GTZC] default value MPCBB3 and MPCBB5 - Not Privileged memory - MPCBB3 is applicable
2025-10-18 12:29:41,972 [INFO] Rule:233 - rule 117617 - U5Cobra4M][GTZC] default value MPCBB3 and MPCBB5 - Not Privileged memory - MPCBB4 is applicable
2025-10-18 12:29:41,973 [INFO] Rule:233 - rule 117617 - U5Cobra4M][GTZC] default value MPCBB3 and MPCBB5 - Privileged memory - MPCBB1 is applicable
2025-10-18 12:29:41,973 [INFO] Rule:233 - rule 117617 - U5Cobra4M][GTZC] default value MPCBB3 and MPCBB5 - Privileged memory - MPCBB2 is applicable
2025-10-18 12:29:41,973 [INFO] Rule:233 - rule 117617 - U5Cobra4M][GTZC] default value MPCBB3 and MPCBB5 - Privileged memory - MPCBB3 is applicable
2025-10-18 12:29:41,973 [INFO] Rule:233 - rule 117617 - U5Cobra4M][GTZC] default value MPCBB3 and MPCBB5 - Privileged memory - MPCBB4 is applicable
2025-10-18 12:29:41,973 [INFO] Rule:233 - rule WakeUp0 Mode is applicable
2025-10-18 12:29:41,973 [INFO] Rule:233 - rule WakeUp0 SIGNAL is applicable
2025-10-18 12:29:41,973 [INFO] Rule:233 - rule WakeUp1 Mode is applicable
2025-10-18 12:29:41,973 [INFO] Rule:233 - rule WakeUp1 SIGNAL is applicable
2025-10-18 12:29:41,973 [INFO] Rule:233 - rule WakeUp2 Mode is applicable
2025-10-18 12:29:41,973 [INFO] Rule:233 - rule WakeUp2 SIGNAL is applicable
2025-10-18 12:29:41,973 [INFO] Rule:233 - rule WakeUp4 Mode is applicable
2025-10-18 12:29:41,973 [INFO] Rule:233 - rule WakeUp4 SIGNAL is applicable
2025-10-18 12:29:41,973 [INFO] Rule:233 - rule WakeUp5 Mode is applicable
2025-10-18 12:29:41,973 [INFO] Rule:233 - rule WakeUp5 SIGNAL is applicable
2025-10-18 12:29:41,973 [INFO] Rule:233 - rule Change Default Value for LSE Drive Capability for WB family is applicable
2025-10-18 12:29:41,973 [INFO] Rule:233 - rule change FDCAN default value is applicable
2025-10-18 12:29:41,973 [INFO] Rule:233 - rule Adapt Old IOC before rework replace old CORTEX_M33/CORTEX_M55 attributes by the new one. is applicable
2025-10-18 12:29:41,974 [INFO] Rule:233 - rule Rename parametre of RCC RCC_APBDBG_DIV2 to RCC_TIMPRES_DIV2 is applicable
2025-10-18 12:29:41,974 [INFO] Rule:233 - rule Rename DIE493 pin PA10 [PA12] -> PA10 is applicable
2025-10-18 12:29:41,974 [INFO] Rule:233 - rule Rename DIE493 pin PA9 [PA11] -> PA9 is applicable
2025-10-18 12:29:41,974 [INFO] Rule:233 - rule Rename DIE492 PartNumber CPN STM32WBA5MJGHx -> STM32WBA5MMGHx is applicable
2025-10-18 12:29:41,974 [INFO] Rule:233 - rule Rename DIE492 PartNumber  Name STM32WBA5MJGHx -> STM32WBA5MMGHx is applicable
2025-10-18 12:29:41,974 [INFO] Rule:233 - rule Rename DIE492 PartNumber UserName STM32WBA5MJGHx -> STM32WBA5MMGHx is applicable
2025-10-18 12:29:41,974 [INFO] Rule:233 - rule Rename DIE492 PartNumber DeviceId STM32WBA5MJGHx -> STM32WBA5MMGHx is applicable
2025-10-18 12:29:41,974 [INFO] Rule:233 - rule Adapt Old IOC CSI. is applicable
2025-10-18 12:29:41,974 [INFO] Rule:233 - rule Adapt Old IOC DCMIPP. is applicable
2025-10-18 12:29:41,974 [INFO] Rule:233 - rule Adapt Old IOC DCMIPP Mode Parallel. is applicable
2025-10-18 12:29:41,974 [INFO] Rule:233 - rule Adapt Old IOC LTDC. is applicable
2025-10-18 12:29:41,974 [INFO] Rule:233 - rule Rename STM32MP2 RIF Peripheral LTDC RIF.RISUP.LTDC_L0L1.Privilege -> RIF.RISUP.LTDC_L1L2.Privilege is applicable
2025-10-18 12:29:41,974 [INFO] Rule:233 - rule Rename STM32MP2 RIF Peripheral LTDC RIF.RISUP.LTDC_L0L1.Privilege -> RIF.RISUP.LTDC_L1L2.Privilege is applicable
2025-10-18 12:29:41,974 [INFO] Rule:233 - rule Rename STM32MP2 RIF Peripheral LTDC RIF.RISUP.LTDC_L0L1.Lock -> RIF.RISUP.LTDC_L1L2.Lock is applicable
2025-10-18 12:29:41,974 [INFO] Rule:233 - rule Rename STM32MP2 RIF Peripheral LTDC RIF.RISUP.LTDC_L2.Lock -> RIF.RISUP.LTDC_L3.Lock is applicable
2025-10-18 12:29:41,974 [INFO] Rule:233 - rule Adapt the old IOC example for updating the SYS when it is misconfigured. is applicable
2025-10-18 12:29:41,975 [INFO] Rule:233 - rule Rename STM32C09 Mcu.Package LQFP64 -> LQFP48 is applicable
2025-10-18 12:29:41,975 [INFO] Rule:233 - rule Adapt the old IOC example for updating the SYS when it is misconfigured. is applicable
2025-10-18 12:29:41,975 [INFO] Rule:233 - rule Adapt the old IOC example for updating the SYS when it is misconfigured. is applicable
2025-10-18 12:29:41,984 [INFO] DbConfProperties:307 - Apply Compatibility (5/68 Rules)
2025-10-18 12:29:42,022 [INFO] ImportTextPane:234 - (OptionalMessage_ERROR) Pin11 (VP_RIF_VS_RIF1) cannot be retrieved for this MCU
2025-10-18 12:29:42,282 [INFO] RtosManager:558 - Registered RTOS mode: class=CMSIS, group=RTOS, mode=CMSIS_V1, owner=FREERTOS
2025-10-18 12:29:42,282 [INFO] RtosManager:558 - Registered RTOS mode: class=CMSIS, group=RTOS2, mode=CMSIS_V2, owner=FREERTOS
2025-10-18 12:29:42,282 [INFO] RtosManager:558 - Registered RTOS mode: class=RTOS, group=Core, mode=CMSIS_V1, owner=FREERTOS
2025-10-18 12:29:42,283 [INFO] RtosManager:558 - Registered RTOS mode: class=RTOS, group=Core, mode=CMSIS_V2, owner=FREERTOS
2025-10-18 12:29:42,283 [WARN] ModelIntegratedComponent:184 - Missing modes for component STMicroelectronics:FreeRTOS:0.0.1:STMicroelectronics:RTOS:FreeRTOS:Core:::10.2.0:
2025-10-18 12:29:42,314 [WARN] ModelIntegratedComponent:63 - No mode defined for component null
2025-10-18 12:29:42,314 [WARN] ModelIntegratedComponent:63 - No mode defined for component null
2025-10-18 12:29:42,314 [WARN] ModelIntegratedComponent:63 - No mode defined for component null
2025-10-18 12:29:42,314 [WARN] ModelIntegratedComponent:63 - No mode defined for component null
2025-10-18 12:29:42,314 [WARN] ModelIntegratedComponent:63 - No mode defined for component null
2025-10-18 12:29:42,314 [WARN] ModelIntegratedComponent:63 - No mode defined for component null
2025-10-18 12:29:42,314 [WARN] ModelIntegratedComponent:63 - No mode defined for component null
2025-10-18 12:29:42,314 [WARN] ModelIntegratedComponent:63 - No mode defined for component null
2025-10-18 12:29:42,314 [WARN] ModelIntegratedComponent:63 - No mode defined for component null
2025-10-18 12:29:42,314 [WARN] ModelIntegratedComponent:63 - No mode defined for component null
2025-10-18 12:29:42,314 [WARN] ModelIntegratedComponent:63 - No mode defined for component null
2025-10-18 12:29:42,314 [WARN] ModelIntegratedComponent:63 - No mode defined for component null
2025-10-18 12:29:42,314 [WARN] ModelIntegratedComponent:63 - No mode defined for component null
2025-10-18 12:29:42,314 [WARN] ModelIntegratedComponent:63 - No mode defined for component null
2025-10-18 12:29:42,314 [WARN] ModelIntegratedComponent:63 - No mode defined for component null
2025-10-18 12:29:42,314 [WARN] ModelIntegratedComponent:63 - No mode defined for component null
2025-10-18 12:29:42,314 [WARN] ModelIntegratedComponent:63 - No mode defined for component null
2025-10-18 12:29:42,315 [WARN] ModelIntegratedComponent:63 - No mode defined for component null
2025-10-18 12:29:42,315 [WARN] ModelIntegratedComponent:63 - No mode defined for component null
2025-10-18 12:29:42,315 [WARN] ModelIntegratedComponent:63 - No mode defined for component null
2025-10-18 12:29:42,315 [WARN] ModelIntegratedComponent:63 - No mode defined for component null
2025-10-18 12:29:42,315 [WARN] ModelIntegratedComponent:63 - No mode defined for component null
2025-10-18 12:29:42,315 [WARN] ModelIntegratedComponent:63 - No mode defined for component null
2025-10-18 12:29:42,315 [WARN] ModelIntegratedComponent:63 - No mode defined for component null
2025-10-18 12:29:42,315 [WARN] ModelIntegratedComponent:63 - No mode defined for component null
2025-10-18 12:29:42,315 [WARN] ModelIntegratedComponent:63 - No mode defined for component null
2025-10-18 12:29:42,315 [WARN] ModelIntegratedComponent:63 - No mode defined for component null
2025-10-18 12:29:42,315 [WARN] ModelIntegratedComponent:63 - No mode defined for component null
2025-10-18 12:29:42,315 [WARN] ModelIntegratedComponent:63 - No mode defined for component null
2025-10-18 12:29:42,315 [WARN] ModelIntegratedComponent:63 - No mode defined for component null
2025-10-18 12:29:42,315 [WARN] ModelIntegratedComponent:63 - No mode defined for component null
2025-10-18 12:29:42,315 [WARN] ModelIntegratedComponent:63 - No mode defined for component null
2025-10-18 12:29:42,315 [WARN] ModelIntegratedComponent:63 - No mode defined for component null
2025-10-18 12:29:42,315 [WARN] ModelIntegratedComponent:63 - No mode defined for component null
2025-10-18 12:29:42,315 [WARN] ModelIntegratedComponent:63 - No mode defined for component null
2025-10-18 12:29:42,316 [WARN] ModelPack:524 - Component already loaded: STMicroelectronics:HAL Drivers:0.0.0:STMicroelectronics:Device:STMicro_Driver:XSPI:HAL::0.0.1:HAL_XSPI
2025-10-18 12:29:42,452 [INFO] ThirdPartyModel:298 - Start build external matchings
2025-10-18 12:29:42,820 [INFO] ThirdPartyModel:316 - End build external matchings
2025-10-18 12:29:42,871 [INFO] ImportTextPane:234 - (OptionalMessage_ERROR) IP (RCC) : Parameter (FLatency) has Id (AdvancedSettings) currently not set
2025-10-18 12:29:42,872 [INFO] ImportTextPane:234 - (OptionalMessage_ERROR) IP (RCC) : Invalid parameter (FamilyName)
2025-10-18 12:29:42,872 [INFO] ImportTextPane:234 - (OptionalMessage_ERROR) IP (RCC) : Invalid parameter (HSICECFreq_Value)
2025-10-18 12:29:42,875 [INFO] ImportTextPane:234 - (OptionalMessage_ERROR) IP (RCC) : Parameter (PREFETCH_ENABLE) has Id (AdvancedSettings) currently not set
2025-10-18 12:29:43,988 [INFO] ApiDb:581 - Connected to CubeFinder SQLite database (/Users/jeremyniu/.stmcufinder/plugins/mcufinder/mcu/cube-finder-db.db)
2025-10-18 12:29:44,071 [INFO] ApiDb:668 - CubeFinder database Data Model version=2.1
2025-10-18 12:29:44,071 [INFO] ApiDb:669 - CubeFinder database Configuration version=3.0.39
2025-10-18 12:29:44,074 [INFO] ApiDb:670 - CubeFinder database generation date=2025-06-24 (1750757100)
2025-10-18 12:29:44,074 [INFO] ApiDb:671 - CubeFinder database FW Pack versions=[FP-ATR-ASTRA1_V2.0.0, FP-SNS-FLIGHT1_V5.1.0, FP-SNS-MOTENV1_V5.0.0, FP-SNS-MOTENVWB1_V1.4.0, FP-SNS-SMARTAG2_V1.2.0, FP-SNS-STBOX1_V2.0.0, STM32Cube_FW_C0_V1.4.0, STM32Cube_FW_F4_V1.28.2, STM32Cube_FW_F7_V1.17.3, STM32Cube_FW_G0_V1.6.2, STM32Cube_FW_G4_V1.6.1, STM32Cube_FW_H5_V1.5.0, STM32Cube_FW_H7RS_V1.2.0, STM32Cube_FW_H7_V1.12.1, STM32Cube_FW_L0_V1.12.2, STM32Cube_FW_L4_V1.18.1, STM32Cube_FW_L5_V1.5.1, STM32Cube_FW_N6_V1.2.0, STM32Cube_FW_U0_V1.3.0, STM32Cube_FW_U3_V1.2.0, STM32Cube_FW_U5_V1.8.0, STM32Cube_FW_WB0_V1.3.0, STM32Cube_FW_WBA_V1.7.0, STM32Cube_FW_WB_V1.23.0, STM32Cube_FW_WL3_V1.2.0, STM32Cube_FW_WL_V1.3.1, X-CUBE-ALGOBUILD_V1.4.0, X-CUBE-ALS_V1.0.2, X-CUBE-AZRTOS-F4_V1.1.0, X-CUBE-AZRTOS-F7_V1.1.0, X-CUBE-AZRTOS-G0_V1.1.0, X-CUBE-AZRTOS-G4_V2.0.0, X-CUBE-AZRTOS-H7RS_V1.1.0, X-CUBE-AZRTOS-H7_V3.3.0, X-CUBE-AZRTOS-L4_V2.0.0, X-CUBE-AZRTOS-L5_V2.0.0, X-CUBE-AZRTOS-WB_V2.0.0, X-CUBE-AZRTOS-WL_V2.0.0, X-CUBE-BLE1_V7.1.0, X-CUBE-BLE2_V3.3.0, X-CUBE-BLEMGR_V4.0.0, X-CUBE-EEPRMA1_V5.1.0, X-CUBE-FREERTOS_V1.3.1, X-CUBE-GNSS1_V6.0.0, X-CUBE-MEMS1_V11.3.0, X-CUBE-NFC4_V3.0.0, X-CUBE-NFC7_V2.0.0, X-CUBE-SFXS2LP1_V4.0.0, X-CUBE-SUBG2_V5.0.0, X-CUBE-TOF1_V3.4.3]
2025-10-18 12:29:44,311 [INFO] DbBoardsSqlite:226 - include board P-NUCLEO-WB55-NUCLEO as a kit item of type 'Nucleo-64'
2025-10-18 12:29:44,314 [INFO] DbBoardsSqlite:226 - include board P-NUCLEO-WB55-USBDONGLE as a kit item of type 'Nucleo USB Dongle'
2025-10-18 12:29:44,316 [INFO] DbBoardsSqlite:226 - include board STEVAL-IDP005V1 as a kit item of type 'Evaluation Board'
2025-10-18 12:29:44,317 [INFO] DbBoardsSqlite:226 - include board STEVAL-IDP005V2 as a kit item of type 'Evaluation Board'
2025-10-18 12:29:44,552 [INFO] ApiDb:240 - Found 880 in-development CPN: [B-G473E-ZEST1S, B-WB1M-WPAN1, B-WBA5M-WPAN, B-WL5M-SUBG1, NUCLEO-C031C6, NUCLEO-C051C8, NUCLEO-C071RB, NUCLEO-C092RC, NUCLEO-H503RB, NUCLEO-H533RE, NUCLEO-H563ZI, NUCLEO-H7S3L8, NUCLEO-N657X0-Q, NUCLEO-U031R8, NUCLEO-U083RC, NUCLEO-U385RG-Q, NUCLEO-U545RE-Q, NUCLEO-U5A5ZJ-Q, NUCLEO-WB05KZ, NUCLEO-WB07CC, NUCLEO-WB09KE, NUCLEO-WBA52CG, NUCLEO-WBA55CG, NUCLEO-WL33CC1, NUCLEO-WL33CC2, STEVAL-PROTEUS1, STEVAL-SMARTAG2, STEVAL-STWINBX1, STM320518-EVAL, STM32C0116-DK, STM32C011D6Y3TR, STM32C011D6Y6TR, STM32C011F4P3, STM32C011F4P6, STM32C011F4U3, STM32C011F4U6TR, STM32C011F6P3, STM32C011F6P6, STM32C011F6U3, STM32C011F6U6TR, STM32C011J4M3, STM32C011J4M6, STM32C011J6M3, STM32C011J6M6, STM32C0316-DK, STM32C031C4T3, STM32C031C4T6, STM32C031C4U3, STM32C031C4U6, STM32C031C6T3, STM32C031C6T6, STM32C031C6U3, STM32C031C6U6, STM32C031F4P3, STM32C031F4P6, STM32C031F6P3, STM32C031F6P6, STM32C031G4U3, STM32C031G4U6, STM32C031G6U3, STM32C031G6U6, STM32C031K4T3, STM32C031K4T6, STM32C031K4U3, STM32C031K4U6, STM32C031K6T3, STM32C031K6T6, STM32C031K6U3, STM32C031K6U6, STM32C051C6T6, STM32C051C6U6, STM32C051C8T6, STM32C051C8U6, STM32C051D8Y6TR, STM32C051F6P6, STM32C051F8P6, STM32C051G6U6, STM32C051G8U6, STM32C051K6T6, STM32C051K6U6, STM32C051K8T6, STM32C071C8T6, STM32C071C8T6N, STM32C071C8U6, STM32C071C8U6N, STM32C071CBT6, STM32C071CBT6N, STM32C071CBU6, STM32C071CBU6N, STM32C071F8P6, STM32C071F8P6N, STM32C071FBP6, STM32C071FBP6N, STM32C071FBY6TR, STM32C071G8U6, STM32C071G8U6N, STM32C071GBU6, STM32C071GBU6N, STM32C071K8T6, STM32C071K8T6N, STM32C071K8U6, STM32C071K8U6N, STM32C071KBT6, STM32C071KBT6N, STM32C071KBU6, STM32C071KBU6N, STM32C071R8T6, STM32C071R8T6N, STM32C071RBI6N, STM32C071RBT6, STM32C071RBT6N, STM32C091CBT6, STM32C091CBU6, STM32C091CCT6, STM32C091CCU6, STM32C091ECY6TR, STM32C091FBP6, STM32C091FCP6, STM32C091GBU6, STM32C091GCU6, STM32C091KBT6, STM32C091KBU6, STM32C091KCT6, STM32C091KCU6, STM32C091RBT6, STM32C091RCI6, STM32C091RCT6, STM32C092CBT6, STM32C092CBU6, STM32C092CCT6, STM32C092CCU6, STM32C092ECY6TR, STM32C092FBP6, STM32C092FCP6, STM32C092GBU6, STM32C092GCU6, STM32C092KBT6, STM32C092KBU6, STM32C092KCT6, STM32C092KCU6, STM32C092RBT6, STM32C092RCI6, STM32C092RCT6, STM32G071K8TXN, STM32G071K8UXN, STM32G081GBU6N, STM32G081KBT6N, STM32G081KBUXN, STM32G0B1CCT6N, STM32G0B1KCT6, STM32G0B1NEY6TR, STM32G0B1RCT6N, STM32G0C1CCT6, STM32G0C1CCT6N, STM32G0C1CCU6N, STM32G0C1CET6N, STM32G0C1CEU6N, STM32G0C1KCT6, STM32G0C1NEY6TR, STM32G0C1RCI6N, STM32G0C1RCT6N, STM32G0C1REI6N, STM32G0C1RET6N, STM32G0C1VCI6, STM32G0C1VEI6, STM32G411C6T3, STM32G411C6T6, STM32G411C6U3, STM32G411C6U6, STM32G411C8T3, STM32G411C8T6, STM32G411C8U3, STM32G411C8U6, STM32G411CBT3, STM32G411CBT6, STM32G411CBU3, STM32G411CBU6, STM32G411K6T3, STM32G411K6T6, STM32G411K6U3, STM32G411K6U6, STM32G411K8T3, STM32G411K8T6, STM32G411K8U3, STM32G411K8U6, STM32G411KBT3, STM32G411KBT6, STM32G411KBU3, STM32G411KBU6, STM32G411M6T3, STM32G411M6T6, STM32G411M8T3, STM32G411M8T6, STM32G411MBT3, STM32G411MBT6, STM32G411R6T3, STM32G411R6T6, STM32G411R8T3, STM32G411R8T6, STM32G411RBT3, STM32G411RBT6, STM32G414CBT3, STM32G414CBT6, STM32G414CBU3, STM32G414CBU6, STM32G414CCT3, STM32G414CCT6, STM32G414CCU3, STM32G414CCU6, STM32G414MBT3, STM32G414MBT6, STM32G414MCT3, STM32G414MCT6, STM32G414RBT3, STM32G414RBT6, STM32G414RCT3, STM32G414RCT6, STM32G414VBT3, STM32G414VBT6, STM32G414VCT3, STM32G414VCT6, STM32G431CBT3Z, STM32G431RBT3Z, STM32G471CCT6, STM32G471CCU6, STM32G471CET3, STM32G471CET6, STM32G471CEU3, STM32G471CEU6, STM32G471MCT6, STM32G471MET3, STM32G471MET6, STM32G471MEY6TR, STM32G471QCT6, STM32G471QET3, STM32G471RCT6, STM32G471RET3, STM32G471RET6, STM32G471VCH6, STM32G471VCI6, STM32G471VCT6, STM32G471VEH3, STM32G471VEH6, STM32G471VEI3, STM32G471VEI6, STM32G471VET3, STM32G471VET6, STM32G473QET3Z, STM32G473RET3Z, STM32G474CCT6, STM32G491RET3Z, STM32H503CBT6, STM32H503CBU6, STM32H503EBY6TR, STM32H503KBU6, STM32H503RBT6, STM32H523CCT6, STM32H523CCU6, STM32H523CET6, STM32H523CEU6, STM32H523HEY6TR, STM32H523RCT6, STM32H523RET6, STM32H523VCI6, STM32H523VCT6, STM32H523VEI6, STM32H523VET6, STM32H523ZCJ6, STM32H523ZCT6, STM32H523ZEJ6, STM32H523ZET6, STM32H533CET6, STM32H533CEU6, STM32H533HEY6TR, STM32H533RET6, STM32H533VEI6, STM32H533VET6, STM32H533ZEJ6, STM32H533ZET6, STM32H562AGI6, STM32H562AII6, STM32H562IGK6, STM32H562IGT6, STM32H562IIK6, STM32H562IIT6, STM32H562RGT6, STM32H562RGV6, STM32H562RIT6, STM32H562RIV6, STM32H562VGT6, STM32H562VIT6, STM32H562ZGT6, STM32H562ZIT6, STM32H563AGI6, STM32H563AII3Q, STM32H563AII6, STM32H563IGK6, STM32H563IGT6, STM32H563IIK3Q, STM32H563IIK6, STM32H563IIT3Q, STM32H563IIT6, STM32H563MIY3QTR, STM32H563RGT6, STM32H563RGV6, STM32H563RIT6, STM32H563RIV6, STM32H563VGT6, STM32H563VIT3Q, STM32H563VIT6, STM32H563ZGT6, STM32H563ZIT3Q, STM32H563ZIT6, STM32H573AII3Q, STM32H573AII6, STM32H573I-DK, STM32H573IIK3Q, STM32H573IIK6, STM32H573IIT3Q, STM32H573IIT6, STM32H573MIY3QTR, STM32H573RIT6, STM32H573RIV6, STM32H573VIT3Q, STM32H573VIT6, STM32H573ZIT3Q, STM32H573ZIT6, STM32H7R3A8I6, STM32H7R3I8K6, STM32H7R3I8T6, STM32H7R3L8H6, STM32H7R3L8H6H, STM32H7R3R8V6, STM32H7R3V8H6, STM32H7R3V8T6, STM32H7R3V8Y6TR, STM32H7R3Z8J6, STM32H7R3Z8T6, STM32H7R7A8I6, STM32H7R7I8K6, STM32H7R7I8T6, STM32H7R7L8H6, STM32H7R7L8H6H, STM32H7R7Z8J6, STM32H7S3A8I6, STM32H7S3I8K6, STM32H7S3I8T6, STM32H7S3L8H6, STM32H7S3L8H6H, STM32H7S3R8V6, STM32H7S3V8H6, STM32H7S3V8T6, STM32H7S3V8Y6TR, STM32H7S3Z8J6, STM32H7S3Z8T6, STM32H7S78-DK, STM32H7S7A8I6, STM32H7S7I8K6, STM32H7S7I8T6, STM32H7S7L8H6, STM32H7S7L8H6H, STM32H7S7Z8J6, STM32L4R5QGI6STR, STM32MP131AAE3, STM32MP131AAF3, STM32MP131AAG3, STM32MP131CAE3, STM32MP131CAF3, STM32MP131CAG3, STM32MP131DAE7, STM32MP131DAF7, STM32MP131DAG7, STM32MP131FAE7, STM32MP131FAF7, STM32MP131FAG7, STM32MP133AAE3, STM32MP133AAF3, STM32MP133AAG3, STM32MP133CAE3, STM32MP133CAF3, STM32MP133CAG3, STM32MP133DAE7, STM32MP133DAF7, STM32MP133DAG7, STM32MP133FAE7, STM32MP133FAF7, STM32MP133FAG7, STM32MP135AAE3, STM32MP135AAF3, STM32MP135AAG3, STM32MP135CAE3, STM32MP135CAF3, STM32MP135CAG3, STM32MP135DAE7, STM32MP135DAF7, STM32MP135DAG7, STM32MP135F-DK, STM32MP135FAE7, STM32MP135FAF7, STM32MP135FAF7T, STM32MP135FAF7U, STM32MP135FAG7, STM32MP211AAL3, STM32MP211AAM3, STM32MP211AAN3, STM32MP211AAO3, STM32MP211CAL3, STM32MP211CAM3, STM32MP211CAN3, STM32MP211CAO3, STM32MP211DAL3, STM32MP211DAM3, STM32MP211DAN3, STM32MP211DAO3, STM32MP211FAL3, STM32MP211FAM3, STM32MP211FAN3, STM32MP211FAO3, STM32MP213AAL3, STM32MP213AAM3, STM32MP213AAN3, STM32MP213AAO3, STM32MP213CAL3, STM32MP213CAM3, STM32MP213CAN3, STM32MP213CAO3, STM32MP213DAL3, STM32MP213DAM3, STM32MP213DAN3, STM32MP213DAO3, STM32MP213FAL3, STM32MP213FAM3, STM32MP213FAN3, STM32MP213FAO3, STM32MP215AAL3, STM32MP215AAM3, STM32MP215AAN3, STM32MP215AAO3, STM32MP215CAL3, STM32MP215CAM3, STM32MP215CAN3, STM32MP215CAO3, STM32MP215DAL3, STM32MP215DAM3, STM32MP215DAN3, STM32MP215DAO3, STM32MP215F-DK, STM32MP215FAL3, STM32MP215FAM3, STM32MP215FAN3, STM32MP215FAO3, STM32MP231AAJ3, STM32MP231AAK3, STM32MP231AAL3, STM32MP231CAJ3, STM32MP231CAK3, STM32MP231CAL3, STM32MP231DAJ3, STM32MP231DAK3, STM32MP231DAL3, STM32MP231FAJ3, STM32MP231FAK3, STM32MP231FAL3, STM32MP233AAJ3, STM32MP233AAK3, STM32MP233AAL3, STM32MP233CAJ3, STM32MP233CAK3, STM32MP233CAL3, STM32MP233DAJ3, STM32MP233DAK3, STM32MP233DAL3, STM32MP233FAJ3, STM32MP233FAK3, STM32MP233FAL3, STM32MP235AAJ3, STM32MP235AAK3, STM32MP235AAL3, STM32MP235CAJ3, STM32MP235CAK3, STM32MP235CAL3, STM32MP235DAJ3, STM32MP235DAK3, STM32MP235DAL3, STM32MP235FAJ3, STM32MP235FAK3, STM32MP235FAL3, STM32MP251AAI3, STM32MP251AAK3, STM32MP251AAL3, STM32MP251CAI3, STM32MP251CAK3, STM32MP251CAL3, STM32MP251DAI3, STM32MP251DAK3, STM32MP251DAL3, STM32MP251FAI3, STM32MP251FAK3, STM32MP251FAL3, STM32MP253AAI3, STM32MP253AAK3, STM32MP253AAL3, STM32MP253CAI3, STM32MP253CAK3, STM32MP253CAL3, STM32MP253DAI3, STM32MP253DAK3, STM32MP253DAL3, STM32MP253FAI3, STM32MP253FAK3, STM32MP253FAL3, STM32MP255AAI3, STM32MP255AAK3, STM32MP255AAL3, STM32MP255CAI3, STM32MP255CAK3, STM32MP255CAL3, STM32MP255DAI3, STM32MP255DAK3, STM32MP255DAL3, STM32MP255FAI3, STM32MP255FAK3, STM32MP255FAL3, STM32MP257AAI3, STM32MP257AAK3, STM32MP257AAL3, STM32MP257CAI3, STM32MP257CAK3, STM32MP257CAL3, STM32MP257DAI3, STM32MP257DAK3, STM32MP257DAL3, STM32MP257F-DK, STM32MP257F-EV1, STM32MP257FAI3, STM32MP257FAK3, STM32MP257FAL3, STM32N645A0H3Q, STM32N645B0H3Q, STM32N645I0H3Q, STM32N645L0H3Q, STM32N645X0H3Q, STM32N645Z0H3Q, STM32N647A0H3Q, STM32N647B0H3Q, STM32N647I0H3Q, STM32N647L0H3Q, STM32N647X0H3Q, STM32N647Z0H3Q, STM32N655A0H3Q, STM32N655B0H3Q, STM32N655I0H3Q, STM32N655L0H3Q, STM32N655X0H3Q, STM32N655Z0H3Q, STM32N6570-DK, STM32N657A0H3Q, STM32N657B0H3Q, STM32N657I0H3Q, STM32N657L0H3Q, STM32N657X0H3Q, STM32N657Z0H3Q, STM32U031C6T6, STM32U031C6U6, STM32U031C8T6, STM32U031C8U6, STM32U031F4P6, STM32U031F6P6, STM32U031F8P6, STM32U031G6Y6TR, STM32U031G8Y6TR, STM32U031K4U6, STM32U031K6U6, STM32U031K8U6, STM32U031R6I6, STM32U031R6T6, STM32U031R8I6, STM32U031R8T6, STM32U073C8T6, STM32U073C8U6, STM32U073CBT6, STM32U073CBU6, STM32U073CCT6, STM32U073CCU6, STM32U073H8Y6TR, STM32U073HBY6TR, STM32U073HCY6TR, STM32U073K8U6, STM32U073KBU6, STM32U073KCU6, STM32U073M8I6, STM32U073M8T6, STM32U073MBI6, STM32U073MBT6, STM32U073MCI6, STM32U073MCT6, STM32U073R8I6, STM32U073R8T6, STM32U073RBI6, STM32U073RBT6, STM32U073RCI6, STM32U073RCT6, STM32U083C-DK, STM32U083CCT6, STM32U083CCU6, STM32U083HCY6TR, STM32U083KCU6, STM32U083MCI6, STM32U083MCT6, STM32U083RCI6, STM32U083RCT6, STM32U375CET6, STM32U375CET6Q, STM32U375CEU6, STM32U375CEU6Q, STM32U375CEY6QTR, STM32U375CGT6, STM32U375CGT6Q, STM32U375CGU6, STM32U375CGU6Q, STM32U375CGY6QTR, STM32U375KEU6, STM32U375KGU6, STM32U375REI6, STM32U375REI6Q, STM32U375RET6, STM32U375RET6Q, STM32U375REY6GTR, STM32U375REY6QTR, STM32U375RGI6, STM32U375RGI6Q, STM32U375RGT6, STM32U375RGT6Q, STM32U375RGY6GTR, STM32U375RGY6QTR, STM32U375VEI6, STM32U375VEI6Q, STM32U375VET6, STM32U375VET6Q, STM32U375VGI6, STM32U375VGI6Q, STM32U375VGT6, STM32U375VGT6Q, STM32U385CGT6, STM32U385CGT6Q, STM32U385CGU6, STM32U385CGU6Q, STM32U385CGY6QTR, STM32U385KGU6, STM32U385RGI6, STM32U385RGI6Q, STM32U385RGT6, STM32U385RGT6Q, STM32U385RGY6GTR, STM32U385RGY6QTR, STM32U385VGI6, STM32U385VGI6Q, STM32U385VGT6, STM32U385VGT6Q, STM32U535CBT6, STM32U535CBT6Q, STM32U535CBU6, STM32U535CBU6Q, STM32U535CCT6, STM32U535CCT6Q, STM32U535CCU6, STM32U535CCU6Q, STM32U535CET6, STM32U535CET6Q, STM32U535CEU6, STM32U535CEU6Q, STM32U535JEY6QTR, STM32U535NCY6QTR, STM32U535NEY6QTR, STM32U535RBI6, STM32U535RBI6Q, STM32U535RBT6, STM32U535RBT6Q, STM32U535RCI6, STM32U535RCI6Q, STM32U535RCT6, STM32U535RCT6Q, STM32U535REI6, STM32U535REI6Q, STM32U535RET6, STM32U535RET6Q, STM32U535VCI6, STM32U535VCI6Q, STM32U535VCT6, STM32U535VCT6Q, STM32U535VEI6, STM32U535VEI6Q, STM32U535VET6, STM32U535VET6Q, STM32U545CET6, STM32U545CET6Q, STM32U545CEU6, STM32U545CEU6Q, STM32U545JEY6QTR, STM32U545NEY6QTR, STM32U545REI6, STM32U545REI6Q, STM32U545RET6, STM32U545RET6Q, STM32U545VEI6, STM32U545VEI6Q, STM32U545VET6, STM32U545VET6Q, STM32U595AIH6, STM32U595AIH6Q, STM32U595AJH6, STM32U595AJH6Q, STM32U595QII6, STM32U595QII6Q, STM32U595QJI6, STM32U595QJI6Q, STM32U595RIT6, STM32U595RIT6Q, STM32U595RJT6, STM32U595RJT6Q, STM32U595VIT6, STM32U595VIT6Q, STM32U595VJT6, STM32U595VJT6Q, STM32U595ZIT6, STM32U595ZIT6Q, STM32U595ZIY6QTR, STM32U595ZJT6, STM32U595ZJT6Q, STM32U595ZJY6QTR, STM32U599BJY6QTR, STM32U599NIH6Q, STM32U599NJH6Q, STM32U599VIT6Q, STM32U599VJT6, STM32U599VJT6Q, STM32U599ZIT6Q, STM32U599ZIY6QTR, STM32U599ZJT6Q, STM32U599ZJY6QTR, STM32U5A5AJH6, STM32U5A5AJH6Q, STM32U5A5QII3Q , STM32U5A5QJI6, STM32U5A5QJI6Q, STM32U5A5RJT6, STM32U5A5RJT6Q, STM32U5A5VJT6, STM32U5A5VJT6Q, STM32U5A5ZJT6, STM32U5A5ZJT6Q, STM32U5A5ZJY6QTR, STM32U5A9BJY6QTR, STM32U5A9J-DK, STM32U5A9NJH6Q, STM32U5A9VJT6Q, STM32U5A9ZJT6Q, STM32U5A9ZJY6QTR, STM32U5F7VIT6, STM32U5F7VIT6Q, STM32U5F7VJT6, STM32U5F7VJT6Q, STM32U5F9BJY6QTR, STM32U5F9NJH6Q, STM32U5F9VIT6Q, STM32U5F9VJT6Q, STM32U5F9ZIJ6QTR, STM32U5F9ZIT6Q, STM32U5F9ZJJ6QTR, STM32U5F9ZJT6Q, STM32U5G7VJT6, STM32U5G7VJT6Q, STM32U5G9BJY6QTR, STM32U5G9J-DK1, STM32U5G9J-DK2, STM32U5G9NJH6Q, STM32U5G9VJT6Q, STM32U5G9ZJJ6QTR, STM32U5G9ZJT6Q, STM32WB05KZV6TR, STM32WB05KZV7TR, STM32WB05TZF6TR, STM32WB05TZF7TR, STM32WB06CCF6TR, STM32WB06CCF7TR, STM32WB06CCV6TR, STM32WB06CCV7TR, STM32WB06KCV6TR, STM32WB06KCV7TR, STM32WB07CCF6TR, STM32WB07CCF7TR, STM32WB07CCV6TR, STM32WB07CCV7TR, STM32WB07KCV6TR, STM32WB07KCV7TR, STM32WB09KEV6TR, STM32WB09KEV7TR, STM32WB09TEF6TR, STM32WB09TEF7TR, STM32WB1MMCH6, STM32WBA50KGU6, STM32WBA50KGU6TR, STM32WBA52CEU6, STM32WBA52CEU6TR, STM32WBA52CEU7, STM32WBA52CEU7TR, STM32WBA52CGU6, STM32WBA52CGU6TR, STM32WBA52CGU6U, STM32WBA52CGU7, STM32WBA52CGU7TR, STM32WBA52KEU6, STM32WBA52KEU6TR, STM32WBA52KGU6, STM32WBA52KGU6TR, STM32WBA54CEU6, STM32WBA54CEU6TR, STM32WBA54CEU7, STM32WBA54CEU7TR, STM32WBA54CGU6, STM32WBA54CGU6TR, STM32WBA54CGU7, STM32WBA54CGU7TR, STM32WBA54KEU6, STM32WBA54KEU6TR, STM32WBA54KEU7, STM32WBA54KEU7TR, STM32WBA54KGU6, STM32WBA54KGU6TR, STM32WBA54KGU7, STM32WBA54KGU7TR, STM32WBA55CEU6, STM32WBA55CEU6TR, STM32WBA55CEU7, STM32WBA55CEU7TR, STM32WBA55CGU6, STM32WBA55CGU6TR, STM32WBA55CGU6U, STM32WBA55CGU7, STM32WBA55CGU7TR, STM32WBA55G-DK1, STM32WBA55HEF6, STM32WBA55HEF7, STM32WBA55HGF6, STM32WBA55HGF7, STM32WBA55UEI6, STM32WBA55UEI6TR, STM32WBA55UEI7, STM32WBA55UEI7TR, STM32WBA55UGI6, STM32WBA55UGI6TR, STM32WBA55UGI7, STM32WBA55UGI7TR, STM32WBA5MMGH6TR, STM32WBA62MGF6, STM32WBA62MIF6, STM32WBA65MGF7, STM32WBA65MIF6, STM32WBA65MIF7, STM32WL30K8V6, STM32WL30KBV6, STM32WL31C8V6, STM32WL31CBV6, STM32WL31K8V6, STM32WL31KBV6, STM32WL33C8V6, STM32WL33C8V6X, STM32WL33CBV6, STM32WL33CBV6X, STM32WL33CCV6, STM32WL33CCV6A, STM32WL33CCV6X, STM32WL33K8V7, STM32WL33K8V7X, STM32WL33KBV7 , STM32WL33KBV7X, STM32WL33KCV7, STM32WL33KCV7X, STM32WL5MOCH6, STM32WL5MOCH6TR]
2025-10-18 12:29:44,705 [INFO] BoardInfo:889 - No configuration file found for board P-NUCLEO-WB55
2025-10-18 12:29:44,705 [INFO] DbBoards:161 - Kit is not supported: P-NUCLEO-WB55
2025-10-18 12:29:44,710 [INFO] BoardInfo:889 - No configuration file found for board STEVAL-BFA001V1B
2025-10-18 12:29:44,710 [INFO] DbBoards:161 - Kit is not supported: STEVAL-BFA001V1B
2025-10-18 12:29:44,711 [INFO] BoardInfo:889 - No configuration file found for board STEVAL-BFA001V2B
2025-10-18 12:29:44,711 [INFO] DbBoards:161 - Kit is not supported: STEVAL-BFA001V2B
2025-10-18 12:29:44,852 [INFO] DbBoards:168 - Found 212 boards, 209 are supported
2025-10-18 12:29:44,853 [INFO] DbBoards:169 - Found 212 boards, 43 of them is supported for  Bsp
2025-10-18 12:29:44,857 [INFO] ApiDb:668 - CubeFinder database Data Model version=2.1
2025-10-18 12:29:44,857 [INFO] ApiDb:669 - CubeFinder database Configuration version=3.0.39
2025-10-18 12:29:44,857 [INFO] ApiDb:670 - CubeFinder database generation date=2025-06-24 (1750757100)
2025-10-18 12:29:44,858 [INFO] ApiDb:671 - CubeFinder database FW Pack versions=[FP-ATR-ASTRA1_V2.0.0, FP-SNS-FLIGHT1_V5.1.0, FP-SNS-MOTENV1_V5.0.0, FP-SNS-MOTENVWB1_V1.4.0, FP-SNS-SMARTAG2_V1.2.0, FP-SNS-STBOX1_V2.0.0, STM32Cube_FW_C0_V1.4.0, STM32Cube_FW_F4_V1.28.2, STM32Cube_FW_F7_V1.17.3, STM32Cube_FW_G0_V1.6.2, STM32Cube_FW_G4_V1.6.1, STM32Cube_FW_H5_V1.5.0, STM32Cube_FW_H7RS_V1.2.0, STM32Cube_FW_H7_V1.12.1, STM32Cube_FW_L0_V1.12.2, STM32Cube_FW_L4_V1.18.1, STM32Cube_FW_L5_V1.5.1, STM32Cube_FW_N6_V1.2.0, STM32Cube_FW_U0_V1.3.0, STM32Cube_FW_U3_V1.2.0, STM32Cube_FW_U5_V1.8.0, STM32Cube_FW_WB0_V1.3.0, STM32Cube_FW_WBA_V1.7.0, STM32Cube_FW_WB_V1.23.0, STM32Cube_FW_WL3_V1.2.0, STM32Cube_FW_WL_V1.3.1, X-CUBE-ALGOBUILD_V1.4.0, X-CUBE-ALS_V1.0.2, X-CUBE-AZRTOS-F4_V1.1.0, X-CUBE-AZRTOS-F7_V1.1.0, X-CUBE-AZRTOS-G0_V1.1.0, X-CUBE-AZRTOS-G4_V2.0.0, X-CUBE-AZRTOS-H7RS_V1.1.0, X-CUBE-AZRTOS-H7_V3.3.0, X-CUBE-AZRTOS-L4_V2.0.0, X-CUBE-AZRTOS-L5_V2.0.0, X-CUBE-AZRTOS-WB_V2.0.0, X-CUBE-AZRTOS-WL_V2.0.0, X-CUBE-BLE1_V7.1.0, X-CUBE-BLE2_V3.3.0, X-CUBE-BLEMGR_V4.0.0, X-CUBE-EEPRMA1_V5.1.0, X-CUBE-FREERTOS_V1.3.1, X-CUBE-GNSS1_V6.0.0, X-CUBE-MEMS1_V11.3.0, X-CUBE-NFC4_V3.0.0, X-CUBE-NFC7_V2.0.0, X-CUBE-SFXS2LP1_V4.0.0, X-CUBE-SUBG2_V5.0.0, X-CUBE-TOF1_V3.4.3]
2025-10-18 12:29:46,554 [INFO] ApiDb:240 - Found 880 in-development CPN: [B-G473E-ZEST1S, B-WB1M-WPAN1, B-WBA5M-WPAN, B-WL5M-SUBG1, NUCLEO-C031C6, NUCLEO-C051C8, NUCLEO-C071RB, NUCLEO-C092RC, NUCLEO-H503RB, NUCLEO-H533RE, NUCLEO-H563ZI, NUCLEO-H7S3L8, NUCLEO-N657X0-Q, NUCLEO-U031R8, NUCLEO-U083RC, NUCLEO-U385RG-Q, NUCLEO-U545RE-Q, NUCLEO-U5A5ZJ-Q, NUCLEO-WB05KZ, NUCLEO-WB07CC, NUCLEO-WB09KE, NUCLEO-WBA52CG, NUCLEO-WBA55CG, NUCLEO-WL33CC1, NUCLEO-WL33CC2, STEVAL-PROTEUS1, STEVAL-SMARTAG2, STEVAL-STWINBX1, STM320518-EVAL, STM32C0116-DK, STM32C011D6Y3TR, STM32C011D6Y6TR, STM32C011F4P3, STM32C011F4P6, STM32C011F4U3, STM32C011F4U6TR, STM32C011F6P3, STM32C011F6P6, STM32C011F6U3, STM32C011F6U6TR, STM32C011J4M3, STM32C011J4M6, STM32C011J6M3, STM32C011J6M6, STM32C0316-DK, STM32C031C4T3, STM32C031C4T6, STM32C031C4U3, STM32C031C4U6, STM32C031C6T3, STM32C031C6T6, STM32C031C6U3, STM32C031C6U6, STM32C031F4P3, STM32C031F4P6, STM32C031F6P3, STM32C031F6P6, STM32C031G4U3, STM32C031G4U6, STM32C031G6U3, STM32C031G6U6, STM32C031K4T3, STM32C031K4T6, STM32C031K4U3, STM32C031K4U6, STM32C031K6T3, STM32C031K6T6, STM32C031K6U3, STM32C031K6U6, STM32C051C6T6, STM32C051C6U6, STM32C051C8T6, STM32C051C8U6, STM32C051D8Y6TR, STM32C051F6P6, STM32C051F8P6, STM32C051G6U6, STM32C051G8U6, STM32C051K6T6, STM32C051K6U6, STM32C051K8T6, STM32C071C8T6, STM32C071C8T6N, STM32C071C8U6, STM32C071C8U6N, STM32C071CBT6, STM32C071CBT6N, STM32C071CBU6, STM32C071CBU6N, STM32C071F8P6, STM32C071F8P6N, STM32C071FBP6, STM32C071FBP6N, STM32C071FBY6TR, STM32C071G8U6, STM32C071G8U6N, STM32C071GBU6, STM32C071GBU6N, STM32C071K8T6, STM32C071K8T6N, STM32C071K8U6, STM32C071K8U6N, STM32C071KBT6, STM32C071KBT6N, STM32C071KBU6, STM32C071KBU6N, STM32C071R8T6, STM32C071R8T6N, STM32C071RBI6N, STM32C071RBT6, STM32C071RBT6N, STM32C091CBT6, STM32C091CBU6, STM32C091CCT6, STM32C091CCU6, STM32C091ECY6TR, STM32C091FBP6, STM32C091FCP6, STM32C091GBU6, STM32C091GCU6, STM32C091KBT6, STM32C091KBU6, STM32C091KCT6, STM32C091KCU6, STM32C091RBT6, STM32C091RCI6, STM32C091RCT6, STM32C092CBT6, STM32C092CBU6, STM32C092CCT6, STM32C092CCU6, STM32C092ECY6TR, STM32C092FBP6, STM32C092FCP6, STM32C092GBU6, STM32C092GCU6, STM32C092KBT6, STM32C092KBU6, STM32C092KCT6, STM32C092KCU6, STM32C092RBT6, STM32C092RCI6, STM32C092RCT6, STM32G071K8TXN, STM32G071K8UXN, STM32G081GBU6N, STM32G081KBT6N, STM32G081KBUXN, STM32G0B1CCT6N, STM32G0B1KCT6, STM32G0B1NEY6TR, STM32G0B1RCT6N, STM32G0C1CCT6, STM32G0C1CCT6N, STM32G0C1CCU6N, STM32G0C1CET6N, STM32G0C1CEU6N, STM32G0C1KCT6, STM32G0C1NEY6TR, STM32G0C1RCI6N, STM32G0C1RCT6N, STM32G0C1REI6N, STM32G0C1RET6N, STM32G0C1VCI6, STM32G0C1VEI6, STM32G411C6T3, STM32G411C6T6, STM32G411C6U3, STM32G411C6U6, STM32G411C8T3, STM32G411C8T6, STM32G411C8U3, STM32G411C8U6, STM32G411CBT3, STM32G411CBT6, STM32G411CBU3, STM32G411CBU6, STM32G411K6T3, STM32G411K6T6, STM32G411K6U3, STM32G411K6U6, STM32G411K8T3, STM32G411K8T6, STM32G411K8U3, STM32G411K8U6, STM32G411KBT3, STM32G411KBT6, STM32G411KBU3, STM32G411KBU6, STM32G411M6T3, STM32G411M6T6, STM32G411M8T3, STM32G411M8T6, STM32G411MBT3, STM32G411MBT6, STM32G411R6T3, STM32G411R6T6, STM32G411R8T3, STM32G411R8T6, STM32G411RBT3, STM32G411RBT6, STM32G414CBT3, STM32G414CBT6, STM32G414CBU3, STM32G414CBU6, STM32G414CCT3, STM32G414CCT6, STM32G414CCU3, STM32G414CCU6, STM32G414MBT3, STM32G414MBT6, STM32G414MCT3, STM32G414MCT6, STM32G414RBT3, STM32G414RBT6, STM32G414RCT3, STM32G414RCT6, STM32G414VBT3, STM32G414VBT6, STM32G414VCT3, STM32G414VCT6, STM32G431CBT3Z, STM32G431RBT3Z, STM32G471CCT6, STM32G471CCU6, STM32G471CET3, STM32G471CET6, STM32G471CEU3, STM32G471CEU6, STM32G471MCT6, STM32G471MET3, STM32G471MET6, STM32G471MEY6TR, STM32G471QCT6, STM32G471QET3, STM32G471RCT6, STM32G471RET3, STM32G471RET6, STM32G471VCH6, STM32G471VCI6, STM32G471VCT6, STM32G471VEH3, STM32G471VEH6, STM32G471VEI3, STM32G471VEI6, STM32G471VET3, STM32G471VET6, STM32G473QET3Z, STM32G473RET3Z, STM32G474CCT6, STM32G491RET3Z, STM32H503CBT6, STM32H503CBU6, STM32H503EBY6TR, STM32H503KBU6, STM32H503RBT6, STM32H523CCT6, STM32H523CCU6, STM32H523CET6, STM32H523CEU6, STM32H523HEY6TR, STM32H523RCT6, STM32H523RET6, STM32H523VCI6, STM32H523VCT6, STM32H523VEI6, STM32H523VET6, STM32H523ZCJ6, STM32H523ZCT6, STM32H523ZEJ6, STM32H523ZET6, STM32H533CET6, STM32H533CEU6, STM32H533HEY6TR, STM32H533RET6, STM32H533VEI6, STM32H533VET6, STM32H533ZEJ6, STM32H533ZET6, STM32H562AGI6, STM32H562AII6, STM32H562IGK6, STM32H562IGT6, STM32H562IIK6, STM32H562IIT6, STM32H562RGT6, STM32H562RGV6, STM32H562RIT6, STM32H562RIV6, STM32H562VGT6, STM32H562VIT6, STM32H562ZGT6, STM32H562ZIT6, STM32H563AGI6, STM32H563AII3Q, STM32H563AII6, STM32H563IGK6, STM32H563IGT6, STM32H563IIK3Q, STM32H563IIK6, STM32H563IIT3Q, STM32H563IIT6, STM32H563MIY3QTR, STM32H563RGT6, STM32H563RGV6, STM32H563RIT6, STM32H563RIV6, STM32H563VGT6, STM32H563VIT3Q, STM32H563VIT6, STM32H563ZGT6, STM32H563ZIT3Q, STM32H563ZIT6, STM32H573AII3Q, STM32H573AII6, STM32H573I-DK, STM32H573IIK3Q, STM32H573IIK6, STM32H573IIT3Q, STM32H573IIT6, STM32H573MIY3QTR, STM32H573RIT6, STM32H573RIV6, STM32H573VIT3Q, STM32H573VIT6, STM32H573ZIT3Q, STM32H573ZIT6, STM32H7R3A8I6, STM32H7R3I8K6, STM32H7R3I8T6, STM32H7R3L8H6, STM32H7R3L8H6H, STM32H7R3R8V6, STM32H7R3V8H6, STM32H7R3V8T6, STM32H7R3V8Y6TR, STM32H7R3Z8J6, STM32H7R3Z8T6, STM32H7R7A8I6, STM32H7R7I8K6, STM32H7R7I8T6, STM32H7R7L8H6, STM32H7R7L8H6H, STM32H7R7Z8J6, STM32H7S3A8I6, STM32H7S3I8K6, STM32H7S3I8T6, STM32H7S3L8H6, STM32H7S3L8H6H, STM32H7S3R8V6, STM32H7S3V8H6, STM32H7S3V8T6, STM32H7S3V8Y6TR, STM32H7S3Z8J6, STM32H7S3Z8T6, STM32H7S78-DK, STM32H7S7A8I6, STM32H7S7I8K6, STM32H7S7I8T6, STM32H7S7L8H6, STM32H7S7L8H6H, STM32H7S7Z8J6, STM32L4R5QGI6STR, STM32MP131AAE3, STM32MP131AAF3, STM32MP131AAG3, STM32MP131CAE3, STM32MP131CAF3, STM32MP131CAG3, STM32MP131DAE7, STM32MP131DAF7, STM32MP131DAG7, STM32MP131FAE7, STM32MP131FAF7, STM32MP131FAG7, STM32MP133AAE3, STM32MP133AAF3, STM32MP133AAG3, STM32MP133CAE3, STM32MP133CAF3, STM32MP133CAG3, STM32MP133DAE7, STM32MP133DAF7, STM32MP133DAG7, STM32MP133FAE7, STM32MP133FAF7, STM32MP133FAG7, STM32MP135AAE3, STM32MP135AAF3, STM32MP135AAG3, STM32MP135CAE3, STM32MP135CAF3, STM32MP135CAG3, STM32MP135DAE7, STM32MP135DAF7, STM32MP135DAG7, STM32MP135F-DK, STM32MP135FAE7, STM32MP135FAF7, STM32MP135FAF7T, STM32MP135FAF7U, STM32MP135FAG7, STM32MP211AAL3, STM32MP211AAM3, STM32MP211AAN3, STM32MP211AAO3, STM32MP211CAL3, STM32MP211CAM3, STM32MP211CAN3, STM32MP211CAO3, STM32MP211DAL3, STM32MP211DAM3, STM32MP211DAN3, STM32MP211DAO3, STM32MP211FAL3, STM32MP211FAM3, STM32MP211FAN3, STM32MP211FAO3, STM32MP213AAL3, STM32MP213AAM3, STM32MP213AAN3, STM32MP213AAO3, STM32MP213CAL3, STM32MP213CAM3, STM32MP213CAN3, STM32MP213CAO3, STM32MP213DAL3, STM32MP213DAM3, STM32MP213DAN3, STM32MP213DAO3, STM32MP213FAL3, STM32MP213FAM3, STM32MP213FAN3, STM32MP213FAO3, STM32MP215AAL3, STM32MP215AAM3, STM32MP215AAN3, STM32MP215AAO3, STM32MP215CAL3, STM32MP215CAM3, STM32MP215CAN3, STM32MP215CAO3, STM32MP215DAL3, STM32MP215DAM3, STM32MP215DAN3, STM32MP215DAO3, STM32MP215F-DK, STM32MP215FAL3, STM32MP215FAM3, STM32MP215FAN3, STM32MP215FAO3, STM32MP231AAJ3, STM32MP231AAK3, STM32MP231AAL3, STM32MP231CAJ3, STM32MP231CAK3, STM32MP231CAL3, STM32MP231DAJ3, STM32MP231DAK3, STM32MP231DAL3, STM32MP231FAJ3, STM32MP231FAK3, STM32MP231FAL3, STM32MP233AAJ3, STM32MP233AAK3, STM32MP233AAL3, STM32MP233CAJ3, STM32MP233CAK3, STM32MP233CAL3, STM32MP233DAJ3, STM32MP233DAK3, STM32MP233DAL3, STM32MP233FAJ3, STM32MP233FAK3, STM32MP233FAL3, STM32MP235AAJ3, STM32MP235AAK3, STM32MP235AAL3, STM32MP235CAJ3, STM32MP235CAK3, STM32MP235CAL3, STM32MP235DAJ3, STM32MP235DAK3, STM32MP235DAL3, STM32MP235FAJ3, STM32MP235FAK3, STM32MP235FAL3, STM32MP251AAI3, STM32MP251AAK3, STM32MP251AAL3, STM32MP251CAI3, STM32MP251CAK3, STM32MP251CAL3, STM32MP251DAI3, STM32MP251DAK3, STM32MP251DAL3, STM32MP251FAI3, STM32MP251FAK3, STM32MP251FAL3, STM32MP253AAI3, STM32MP253AAK3, STM32MP253AAL3, STM32MP253CAI3, STM32MP253CAK3, STM32MP253CAL3, STM32MP253DAI3, STM32MP253DAK3, STM32MP253DAL3, STM32MP253FAI3, STM32MP253FAK3, STM32MP253FAL3, STM32MP255AAI3, STM32MP255AAK3, STM32MP255AAL3, STM32MP255CAI3, STM32MP255CAK3, STM32MP255CAL3, STM32MP255DAI3, STM32MP255DAK3, STM32MP255DAL3, STM32MP255FAI3, STM32MP255FAK3, STM32MP255FAL3, STM32MP257AAI3, STM32MP257AAK3, STM32MP257AAL3, STM32MP257CAI3, STM32MP257CAK3, STM32MP257CAL3, STM32MP257DAI3, STM32MP257DAK3, STM32MP257DAL3, STM32MP257F-DK, STM32MP257F-EV1, STM32MP257FAI3, STM32MP257FAK3, STM32MP257FAL3, STM32N645A0H3Q, STM32N645B0H3Q, STM32N645I0H3Q, STM32N645L0H3Q, STM32N645X0H3Q, STM32N645Z0H3Q, STM32N647A0H3Q, STM32N647B0H3Q, STM32N647I0H3Q, STM32N647L0H3Q, STM32N647X0H3Q, STM32N647Z0H3Q, STM32N655A0H3Q, STM32N655B0H3Q, STM32N655I0H3Q, STM32N655L0H3Q, STM32N655X0H3Q, STM32N655Z0H3Q, STM32N6570-DK, STM32N657A0H3Q, STM32N657B0H3Q, STM32N657I0H3Q, STM32N657L0H3Q, STM32N657X0H3Q, STM32N657Z0H3Q, STM32U031C6T6, STM32U031C6U6, STM32U031C8T6, STM32U031C8U6, STM32U031F4P6, STM32U031F6P6, STM32U031F8P6, STM32U031G6Y6TR, STM32U031G8Y6TR, STM32U031K4U6, STM32U031K6U6, STM32U031K8U6, STM32U031R6I6, STM32U031R6T6, STM32U031R8I6, STM32U031R8T6, STM32U073C8T6, STM32U073C8U6, STM32U073CBT6, STM32U073CBU6, STM32U073CCT6, STM32U073CCU6, STM32U073H8Y6TR, STM32U073HBY6TR, STM32U073HCY6TR, STM32U073K8U6, STM32U073KBU6, STM32U073KCU6, STM32U073M8I6, STM32U073M8T6, STM32U073MBI6, STM32U073MBT6, STM32U073MCI6, STM32U073MCT6, STM32U073R8I6, STM32U073R8T6, STM32U073RBI6, STM32U073RBT6, STM32U073RCI6, STM32U073RCT6, STM32U083C-DK, STM32U083CCT6, STM32U083CCU6, STM32U083HCY6TR, STM32U083KCU6, STM32U083MCI6, STM32U083MCT6, STM32U083RCI6, STM32U083RCT6, STM32U375CET6, STM32U375CET6Q, STM32U375CEU6, STM32U375CEU6Q, STM32U375CEY6QTR, STM32U375CGT6, STM32U375CGT6Q, STM32U375CGU6, STM32U375CGU6Q, STM32U375CGY6QTR, STM32U375KEU6, STM32U375KGU6, STM32U375REI6, STM32U375REI6Q, STM32U375RET6, STM32U375RET6Q, STM32U375REY6GTR, STM32U375REY6QTR, STM32U375RGI6, STM32U375RGI6Q, STM32U375RGT6, STM32U375RGT6Q, STM32U375RGY6GTR, STM32U375RGY6QTR, STM32U375VEI6, STM32U375VEI6Q, STM32U375VET6, STM32U375VET6Q, STM32U375VGI6, STM32U375VGI6Q, STM32U375VGT6, STM32U375VGT6Q, STM32U385CGT6, STM32U385CGT6Q, STM32U385CGU6, STM32U385CGU6Q, STM32U385CGY6QTR, STM32U385KGU6, STM32U385RGI6, STM32U385RGI6Q, STM32U385RGT6, STM32U385RGT6Q, STM32U385RGY6GTR, STM32U385RGY6QTR, STM32U385VGI6, STM32U385VGI6Q, STM32U385VGT6, STM32U385VGT6Q, STM32U535CBT6, STM32U535CBT6Q, STM32U535CBU6, STM32U535CBU6Q, STM32U535CCT6, STM32U535CCT6Q, STM32U535CCU6, STM32U535CCU6Q, STM32U535CET6, STM32U535CET6Q, STM32U535CEU6, STM32U535CEU6Q, STM32U535JEY6QTR, STM32U535NCY6QTR, STM32U535NEY6QTR, STM32U535RBI6, STM32U535RBI6Q, STM32U535RBT6, STM32U535RBT6Q, STM32U535RCI6, STM32U535RCI6Q, STM32U535RCT6, STM32U535RCT6Q, STM32U535REI6, STM32U535REI6Q, STM32U535RET6, STM32U535RET6Q, STM32U535VCI6, STM32U535VCI6Q, STM32U535VCT6, STM32U535VCT6Q, STM32U535VEI6, STM32U535VEI6Q, STM32U535VET6, STM32U535VET6Q, STM32U545CET6, STM32U545CET6Q, STM32U545CEU6, STM32U545CEU6Q, STM32U545JEY6QTR, STM32U545NEY6QTR, STM32U545REI6, STM32U545REI6Q, STM32U545RET6, STM32U545RET6Q, STM32U545VEI6, STM32U545VEI6Q, STM32U545VET6, STM32U545VET6Q, STM32U595AIH6, STM32U595AIH6Q, STM32U595AJH6, STM32U595AJH6Q, STM32U595QII6, STM32U595QII6Q, STM32U595QJI6, STM32U595QJI6Q, STM32U595RIT6, STM32U595RIT6Q, STM32U595RJT6, STM32U595RJT6Q, STM32U595VIT6, STM32U595VIT6Q, STM32U595VJT6, STM32U595VJT6Q, STM32U595ZIT6, STM32U595ZIT6Q, STM32U595ZIY6QTR, STM32U595ZJT6, STM32U595ZJT6Q, STM32U595ZJY6QTR, STM32U599BJY6QTR, STM32U599NIH6Q, STM32U599NJH6Q, STM32U599VIT6Q, STM32U599VJT6, STM32U599VJT6Q, STM32U599ZIT6Q, STM32U599ZIY6QTR, STM32U599ZJT6Q, STM32U599ZJY6QTR, STM32U5A5AJH6, STM32U5A5AJH6Q, STM32U5A5QII3Q , STM32U5A5QJI6, STM32U5A5QJI6Q, STM32U5A5RJT6, STM32U5A5RJT6Q, STM32U5A5VJT6, STM32U5A5VJT6Q, STM32U5A5ZJT6, STM32U5A5ZJT6Q, STM32U5A5ZJY6QTR, STM32U5A9BJY6QTR, STM32U5A9J-DK, STM32U5A9NJH6Q, STM32U5A9VJT6Q, STM32U5A9ZJT6Q, STM32U5A9ZJY6QTR, STM32U5F7VIT6, STM32U5F7VIT6Q, STM32U5F7VJT6, STM32U5F7VJT6Q, STM32U5F9BJY6QTR, STM32U5F9NJH6Q, STM32U5F9VIT6Q, STM32U5F9VJT6Q, STM32U5F9ZIJ6QTR, STM32U5F9ZIT6Q, STM32U5F9ZJJ6QTR, STM32U5F9ZJT6Q, STM32U5G7VJT6, STM32U5G7VJT6Q, STM32U5G9BJY6QTR, STM32U5G9J-DK1, STM32U5G9J-DK2, STM32U5G9NJH6Q, STM32U5G9VJT6Q, STM32U5G9ZJJ6QTR, STM32U5G9ZJT6Q, STM32WB05KZV6TR, STM32WB05KZV7TR, STM32WB05TZF6TR, STM32WB05TZF7TR, STM32WB06CCF6TR, STM32WB06CCF7TR, STM32WB06CCV6TR, STM32WB06CCV7TR, STM32WB06KCV6TR, STM32WB06KCV7TR, STM32WB07CCF6TR, STM32WB07CCF7TR, STM32WB07CCV6TR, STM32WB07CCV7TR, STM32WB07KCV6TR, STM32WB07KCV7TR, STM32WB09KEV6TR, STM32WB09KEV7TR, STM32WB09TEF6TR, STM32WB09TEF7TR, STM32WB1MMCH6, STM32WBA50KGU6, STM32WBA50KGU6TR, STM32WBA52CEU6, STM32WBA52CEU6TR, STM32WBA52CEU7, STM32WBA52CEU7TR, STM32WBA52CGU6, STM32WBA52CGU6TR, STM32WBA52CGU6U, STM32WBA52CGU7, STM32WBA52CGU7TR, STM32WBA52KEU6, STM32WBA52KEU6TR, STM32WBA52KGU6, STM32WBA52KGU6TR, STM32WBA54CEU6, STM32WBA54CEU6TR, STM32WBA54CEU7, STM32WBA54CEU7TR, STM32WBA54CGU6, STM32WBA54CGU6TR, STM32WBA54CGU7, STM32WBA54CGU7TR, STM32WBA54KEU6, STM32WBA54KEU6TR, STM32WBA54KEU7, STM32WBA54KEU7TR, STM32WBA54KGU6, STM32WBA54KGU6TR, STM32WBA54KGU7, STM32WBA54KGU7TR, STM32WBA55CEU6, STM32WBA55CEU6TR, STM32WBA55CEU7, STM32WBA55CEU7TR, STM32WBA55CGU6, STM32WBA55CGU6TR, STM32WBA55CGU6U, STM32WBA55CGU7, STM32WBA55CGU7TR, STM32WBA55G-DK1, STM32WBA55HEF6, STM32WBA55HEF7, STM32WBA55HGF6, STM32WBA55HGF7, STM32WBA55UEI6, STM32WBA55UEI6TR, STM32WBA55UEI7, STM32WBA55UEI7TR, STM32WBA55UGI6, STM32WBA55UGI6TR, STM32WBA55UGI7, STM32WBA55UGI7TR, STM32WBA5MMGH6TR, STM32WBA62MGF6, STM32WBA62MIF6, STM32WBA65MGF7, STM32WBA65MIF6, STM32WBA65MIF7, STM32WL30K8V6, STM32WL30KBV6, STM32WL31C8V6, STM32WL31CBV6, STM32WL31K8V6, STM32WL31KBV6, STM32WL33C8V6, STM32WL33C8V6X, STM32WL33CBV6, STM32WL33CBV6X, STM32WL33CCV6, STM32WL33CCV6A, STM32WL33CCV6X, STM32WL33K8V7, STM32WL33K8V7X, STM32WL33KBV7 , STM32WL33KBV7X, STM32WL33KCV7, STM32WL33KCV7X, STM32WL5MOCH6, STM32WL5MOCH6TR]
2025-10-18 12:29:46,562 [INFO] DbMcus:218 - Found 4801 MCUs, 4801 are supported
2025-10-18 12:29:46,563 [INFO] ApiDb:414 - User favorites file not found: /Users/jeremyniu/.stm32cubeide/favorites.mcus.txt
2025-10-18 12:29:46,563 [INFO] DbMcus:224 - Set 0 / 0 favorites MCUs
2025-10-18 12:29:46,924 [INFO] ApiDb:414 - User favorites file not found: /Users/jeremyniu/.stm32cubeide/favorites.boards.txt
2025-10-18 12:29:46,925 [INFO] DbBoards:198 - Set 0 / 0 favorites Boards
2025-10-18 12:29:46,995 [INFO] UtilMem:75 - End LoadConfig() Used Memory: 894152480 Bytes (979369984)
2025-10-18 12:29:47,165 [WARN] ThirdParty:833 - waiting for thirdparty lock release [change project]
2025-10-18 12:29:47,169 [INFO] ThirdParty:835 - entering critical section [change project]
2025-10-18 12:29:47,169 [INFO] ThirdParty:1030 - CMSIS Pack Vendor :STMicroelectronics X-CUBE-PM33A1 1.0.0
2025-10-18 12:29:47,169 [INFO] ThirdParty:1030 - CMSIS Pack Vendor :STMicroelectronics USBPD 4.1
2025-10-18 12:29:47,169 [INFO] ThirdParty:1030 - CMSIS Pack Vendor :STMicroelectronics X-CUBE-NFC9 1.0.0
2025-10-18 12:29:47,169 [INFO] ThirdParty:1030 - CMSIS Pack Vendor :STMicroelectronics USB_HOST 2.0.0
2025-10-18 12:29:47,170 [INFO] ThirdParty:1030 - CMSIS Pack Vendor :STMicroelectronics FP-SNS-MOTENVWB1 1.4.0
2025-10-18 12:29:47,170 [INFO] ThirdParty:1030 - CMSIS Pack Vendor :STMicroelectronics X-CUBE-AZRTOS-F4 1.1.0
2025-10-18 12:29:47,170 [INFO] ThirdParty:1030 - CMSIS Pack Vendor :STMicroelectronics LIBJPEG 8.0.0
2025-10-18 12:29:47,170 [INFO] ThirdParty:1030 - CMSIS Pack Vendor :STMicroelectronics FP-ATR-ASTRA1 2.0.2
2025-10-18 12:29:47,170 [INFO] ThirdParty:1030 - CMSIS Pack Vendor :wolfSSL I-CUBE-wolfSSL 5.8.2
2025-10-18 12:29:47,170 [INFO] ThirdParty:1030 - CMSIS Pack Vendor :STMicroelectronics X-CUBE-BLE1 7.1.0
2025-10-18 12:29:47,170 [INFO] ThirdParty:1030 - CMSIS Pack Vendor :Avnet-IotConnect X-CUBE-IoTC-DA16k-PMOD 1.0.0
2025-10-18 12:29:47,170 [INFO] ThirdParty:1030 - CMSIS Pack Vendor :STMicroelectronics X-CUBE-SMBUS 2.1.0
2025-10-18 12:29:47,170 [INFO] ThirdParty:1030 - CMSIS Pack Vendor :wolfSSL I-CUBE-wolfMQTT 1.19.2
2025-10-18 12:29:47,170 [INFO] ThirdParty:1030 - CMSIS Pack Vendor :STMicroelectronics USB_DEVICE 3.0.0
2025-10-18 12:29:47,170 [INFO] ThirdParty:1030 - CMSIS Pack Vendor :STMicroelectronics X-CUBE-ISPU 2.1.0
2025-10-18 12:29:47,170 [INFO] ThirdParty:1030 - CMSIS Pack Vendor :STMicroelectronics X-CUBE-EEPRMA1 5.2.0
2025-10-18 12:29:47,170 [INFO] ThirdParty:1030 - CMSIS Pack Vendor :STMicroelectronics X-CUBE-IPS 3.2.0
2025-10-18 12:29:47,171 [INFO] ThirdParty:1030 - CMSIS Pack Vendor :STMicroelectronics X-CUBE-BLEMGR 4.1.0
2025-10-18 12:29:47,171 [INFO] ThirdParty:1030 - CMSIS Pack Vendor :STMicroelectronics X-CUBE-AZRTOS-WB 2.0.0
2025-10-18 12:29:47,171 [INFO] ThirdParty:1030 - CMSIS Pack Vendor :STMicroelectronics X-CUBE-ST60 1.0.0
2025-10-18 12:29:47,171 [INFO] ThirdParty:1030 - CMSIS Pack Vendor :STMicroelectronics X-CUBE-GNSS1 7.0.1
2025-10-18 12:29:47,171 [INFO] ThirdParty:1030 - CMSIS Pack Vendor :STMicroelectronics X-CUBE-NFC12 1.0.0
2025-10-18 12:29:47,171 [INFO] ThirdParty:1030 - CMSIS Pack Vendor :STMicroelectronics X-CUBE-AZRTOS-F7 1.1.0
2025-10-18 12:29:47,171 [INFO] ThirdParty:1030 - CMSIS Pack Vendor :STMicroelectronics X-CUBE-AZRTOS-L5 2.0.0
2025-10-18 12:29:47,171 [INFO] ThirdParty:1030 - CMSIS Pack Vendor :STMicroelectronics X-CUBE-TOUCHGFX 4.25.0
2025-10-18 12:29:47,171 [INFO] ThirdParty:1030 - CMSIS Pack Vendor :STMicroelectronics USB_DEVICE 2.0.0
2025-10-18 12:29:47,171 [INFO] ThirdParty:1030 - CMSIS Pack Vendor :STMicroelectronics X-CUBE-NFC6 3.1.0
2025-10-18 12:29:47,171 [INFO] ThirdParty:1030 - CMSIS Pack Vendor :STMicroelectronics X-CUBE-ST67W61 1.1.0
2025-10-18 12:29:47,171 [INFO] ThirdParty:1030 - CMSIS Pack Vendor :quantropi X-CUBE-qispace-sdk-base 2.1.0
2025-10-18 12:29:47,171 [INFO] ThirdParty:1030 - CMSIS Pack Vendor :STMicroelectronics FreeRTOS 0.0.1
2025-10-18 12:29:47,171 [INFO] ThirdParty:1030 - CMSIS Pack Vendor :STMicroelectronics X-CUBE-AZRTOS-G0 1.1.0
2025-10-18 12:29:47,171 [INFO] ThirdParty:1030 - CMSIS Pack Vendor :STMicroelectronics X-CUBE-SAFEA1 1.2.2
2025-10-18 12:29:47,171 [INFO] ThirdParty:1030 - CMSIS Pack Vendor :STMicroelectronics X-CUBE-NFC4 3.0.0
2025-10-18 12:29:47,171 [INFO] ThirdParty:1030 - CMSIS Pack Vendor :STMicroelectronics X-CUBE-SUBG2 5.0.0
2025-10-18 12:29:47,171 [INFO] ThirdParty:1030 - CMSIS Pack Vendor :STMicroelectronics X-CUBE-AZRTOS-H7RS 1.1.0
2025-10-18 12:29:47,171 [INFO] ThirdParty:1030 - CMSIS Pack Vendor :STMicroelectronics STM32_WPAN 1.0.0
2025-10-18 12:29:47,171 [INFO] ThirdParty:1030 - CMSIS Pack Vendor :EmbeddedOffice I-CUBE-FS-RTOS 1.0.1
2025-10-18 12:29:47,171 [INFO] ThirdParty:1030 - CMSIS Pack Vendor :STMicroelectronics lwIP 2.0.3
2025-10-18 12:29:47,171 [INFO] ThirdParty:1030 - CMSIS Pack Vendor :WES I-CUBE-Cesium 1.4.0
2025-10-18 12:29:47,171 [INFO] ThirdParty:1030 - CMSIS Pack Vendor :Cesanta I-CUBE-Mongoose 7.13.0
2025-10-18 12:29:47,171 [INFO] ThirdParty:1030 - CMSIS Pack Vendor :STMicroelectronics USB_HOST 1.0.0
2025-10-18 12:29:47,171 [INFO] ThirdParty:1030 - CMSIS Pack Vendor :Infineon AIROC-Wi-Fi-Bluetooth-STM32 1.7.1
2025-10-18 12:29:47,171 [INFO] ThirdParty:1030 - CMSIS Pack Vendor :STMicroelectronics X-CUBE-AZRTOS-G4 2.0.0
2025-10-18 12:29:47,171 [INFO] ThirdParty:1030 - CMSIS Pack Vendor :STMicroelectronics X-CUBE-WB05N 2.0.0
2025-10-18 12:29:47,171 [INFO] ThirdParty:1030 - CMSIS Pack Vendor :STMicroelectronics PDM2PCM 3.1.0
2025-10-18 12:29:47,172 [INFO] ThirdParty:1030 - CMSIS Pack Vendor :STMicroelectronics PDM2PCM 3.3.0
2025-10-18 12:29:47,172 [INFO] ThirdParty:1030 - CMSIS Pack Vendor :wolfSSL I-CUBE-wolfTPM 3.8.0
2025-10-18 12:29:47,172 [INFO] ThirdParty:1030 - CMSIS Pack Vendor :STMicroelectronics X-CUBE-AZRTOS-H7 3.4.0
2025-10-18 12:29:47,172 [INFO] ThirdParty:1030 - CMSIS Pack Vendor :STMicroelectronics X-CUBE-DISPLAY 3.0.0
2025-10-18 12:29:47,172 [INFO] ThirdParty:1030 - CMSIS Pack Vendor :wolfSSL I-CUBE-wolfSSH 1.4.20
2025-10-18 12:29:47,172 [INFO] ThirdParty:1030 - CMSIS Pack Vendor :STMicroelectronics X-CUBE-NFC7 2.0.0
2025-10-18 12:29:47,172 [INFO] ThirdParty:1030 - CMSIS Pack Vendor :STMicroelectronics X-CUBE-TCPP 4.2.0
2025-10-18 12:29:47,172 [INFO] ThirdParty:1030 - CMSIS Pack Vendor :RealThread X-CUBE-RT-Thread_Nano 4.1.1
2025-10-18 12:29:47,172 [INFO] ThirdParty:1030 - CMSIS Pack Vendor :STMicroelectronics FP-ATR-SIGFOX1 3.2.0
2025-10-18 12:29:47,172 [INFO] ThirdParty:1030 - CMSIS Pack Vendor :STMicroelectronics X-CUBE-NFC10 1.0.0
2025-10-18 12:29:47,172 [INFO] ThirdParty:1030 - CMSIS Pack Vendor :STMicroelectronics X-CUBE-FREERTOS 1.3.1
2025-10-18 12:29:47,172 [INFO] ThirdParty:1030 - CMSIS Pack Vendor :STMicroelectronics HAL Drivers 0.0.0
2025-10-18 12:29:47,172 [INFO] ThirdParty:1030 - CMSIS Pack Vendor :STMicroelectronics MBEDTLS 2.16.2
2025-10-18 12:29:47,172 [INFO] ThirdParty:1030 - CMSIS Pack Vendor :STMicroelectronics X-CUBE-ST60 1.1.0
2025-10-18 12:29:47,172 [INFO] ThirdParty:1030 - CMSIS Pack Vendor :STMicroelectronics X-CUBE-IPS 3.1.0
2025-10-18 12:29:47,172 [INFO] ThirdParty:1030 - CMSIS Pack Vendor :STMicroelectronics X-CUBE-ALS 1.0.2
2025-10-18 12:29:47,173 [INFO] ThirdParty:1030 - CMSIS Pack Vendor :emotas I-CUBE-CANOPEN 1.3.0
2025-10-18 12:29:47,173 [INFO] ThirdParty:1030 - CMSIS Pack Vendor :STMicroelectronics MBEDTLS 2.14.1
2025-10-18 12:29:47,174 [INFO] ThirdParty:1030 - CMSIS Pack Vendor :ITTIA_DB I-CUBE-ITTIADB 8.9.0
2025-10-18 12:29:47,174 [INFO] ThirdParty:1030 - CMSIS Pack Vendor :STMicroelectronics X-CUBE-TOUCHGFX 4.26.0
2025-10-18 12:29:47,175 [INFO] ThirdParty:1030 - CMSIS Pack Vendor :STMicroelectronics X-CUBE-STSE01 1.0.0
2025-10-18 12:29:47,175 [INFO] ThirdParty:1030 - CMSIS Pack Vendor :STMicroelectronics X-CUBE-ST67W61 1.0.0
2025-10-18 12:29:47,176 [INFO] ThirdParty:1030 - CMSIS Pack Vendor :STMicroelectronics FP-SNS-STBOX1 2.1.0
2025-10-18 12:29:47,176 [INFO] ThirdParty:1030 - CMSIS Pack Vendor :STMicroelectronics X-CUBE-AI 10.2.0
2025-10-18 12:29:47,176 [INFO] ThirdParty:1030 - CMSIS Pack Vendor :STMicroelectronics FP-SNS-STAIOTCFT 1.0.0
2025-10-18 12:29:47,176 [INFO] ThirdParty:1030 - CMSIS Pack Vendor :STMicroelectronics ThreadX 1.0.0
2025-10-18 12:29:47,176 [INFO] ThirdParty:1030 - CMSIS Pack Vendor :STMicroelectronics FP-SNS-SMARTAG2 1.2.0
2025-10-18 12:29:47,176 [INFO] ThirdParty:1030 - CMSIS Pack Vendor :STMicroelectronics FP-SNS-FLIGHT1 5.1.0
2025-10-18 12:29:47,176 [INFO] ThirdParty:1030 - CMSIS Pack Vendor :STMicroelectronics X-CUBE-AZRTOS-WL 2.0.0
2025-10-18 12:29:47,176 [INFO] ThirdParty:1030 - CMSIS Pack Vendor :SEGGER I-CUBE-embOS 1.3.1
2025-10-18 12:29:47,177 [INFO] ThirdParty:1030 - CMSIS Pack Vendor :STMicroelectronics X-CUBE-ALGOBUILD 1.4.0
2025-10-18 12:29:47,177 [INFO] ThirdParty:1030 - CMSIS Pack Vendor :STMicroelectronics X-CUBE-DPower 1.3.0
2025-10-18 12:29:47,177 [INFO] ThirdParty:1030 - CMSIS Pack Vendor :STMicroelectronics X-CUBE-MEMS1 11.3.0
2025-10-18 12:29:47,177 [INFO] ThirdParty:1030 - CMSIS Pack Vendor :STMicroelectronics FP-SNS-MOTENV1 5.0.0
2025-10-18 12:29:47,177 [INFO] ThirdParty:1030 - CMSIS Pack Vendor :STMicroelectronics USB_DEVICE 1.0.0
2025-10-18 12:29:47,177 [INFO] ThirdParty:1030 - CMSIS Pack Vendor :STMicroelectronics X-CUBE-AZRTOS-L4 2.0.0
2025-10-18 12:29:47,177 [INFO] ThirdParty:1030 - CMSIS Pack Vendor :STMicroelectronics ThreadX 0.0.2
2025-10-18 12:29:47,177 [INFO] ThirdParty:1030 - CMSIS Pack Vendor :STMicroelectronics lwIP 2.1.2
2025-10-18 12:29:47,177 [INFO] ThirdParty:1030 - CMSIS Pack Vendor :STMicroelectronics X-CUBE-SFXS2LP1 4.0.0
2025-10-18 12:29:47,177 [INFO] ThirdParty:1030 - CMSIS Pack Vendor :STMicroelectronics X-CUBE-BLE2 3.3.0
2025-10-18 12:29:47,177 [INFO] ThirdParty:1030 - CMSIS Pack Vendor :STMicroelectronics X-CUBE-TOF1 3.4.3
2025-10-18 12:29:47,177 [INFO] ThirdParty:1030 - CMSIS Pack Vendor :STMicroelectronics PDM2PCM 3.2.0
2025-10-18 12:29:47,178 [INFO] ThirdParty:841 - exiting critical section [change project]
2025-10-18 12:29:48,748 [INFO] PinOutPanel:1589 - setPackage(No Configuration,No Configuration)
2025-10-18 12:29:48,766 [INFO] PinOutPanel:1589 - setPackage(STM32F072RBTx,LQFP64)
2025-10-18 12:29:49,868 [INFO] UtilMem:75 - Before build in PCC Used Memory: 856321160 Bytes (979369984)
2025-10-18 12:29:51,077 [INFO] UtilMem:75 - After build in PCC Used Memory: 762677504 Bytes (979369984)
2025-10-18 12:29:51,135 [INFO] IPUIPlugin:80 - create IPUIPlugin
2025-10-18 12:29:51,136 [INFO] IPUIPlugin:80 - create IPUIPlugin
2025-10-18 12:29:51,137 [INFO] IPUIPlugin:80 - create IPUIPlugin
2025-10-18 12:29:51,137 [INFO] IPUIPlugin:80 - create IPUIPlugin
2025-10-18 12:29:51,137 [INFO] IPUIPlugin:80 - create IPUIPlugin
2025-10-18 12:29:51,137 [INFO] IPUIPlugin:80 - create IPUIPlugin
2025-10-18 12:29:51,137 [INFO] IPUIPlugin:80 - create IPUIPlugin
2025-10-18 12:29:51,138 [INFO] IPUIPlugin:80 - create IPUIPlugin
2025-10-18 12:29:51,138 [INFO] IPUIPlugin:80 - create IPUIPlugin
2025-10-18 12:29:51,139 [INFO] IPUIPlugin:80 - create IPUIPlugin
2025-10-18 12:29:51,139 [INFO] IPUIPlugin:80 - create IPUIPlugin
2025-10-18 12:29:51,140 [INFO] IPUIPlugin:80 - create IPUIPlugin
2025-10-18 12:29:51,140 [INFO] IPUIPlugin:80 - create IPUIPlugin
2025-10-18 12:29:51,140 [INFO] IPUIPlugin:80 - create IPUIPlugin
2025-10-18 12:29:51,140 [INFO] IPUIPlugin:80 - create IPUIPlugin
2025-10-18 12:29:51,140 [INFO] IPUIPlugin:80 - create IPUIPlugin
2025-10-18 12:29:51,141 [INFO] IPUIPlugin:80 - create IPUIPlugin
2025-10-18 12:29:51,141 [INFO] IPUIPlugin:80 - create IPUIPlugin
2025-10-18 12:29:51,141 [INFO] IPUIPlugin:80 - create IPUIPlugin
2025-10-18 12:29:51,143 [INFO] IPUIPlugin:80 - create IPUIPlugin
2025-10-18 12:29:51,144 [INFO] IPUIPlugin:80 - create IPUIPlugin
2025-10-18 12:29:51,145 [INFO] IPUIPlugin:80 - create IPUIPlugin
2025-10-18 12:29:51,145 [INFO] IPUIPlugin:80 - create IPUIPlugin
2025-10-18 12:29:51,145 [INFO] IPUIPlugin:80 - create IPUIPlugin
2025-10-18 12:29:51,145 [INFO] IPUIPlugin:80 - create IPUIPlugin
2025-10-18 12:29:51,145 [INFO] IPUIPlugin:80 - create IPUIPlugin
2025-10-18 12:29:51,145 [INFO] IPUIPlugin:80 - create IPUIPlugin
2025-10-18 12:29:51,145 [INFO] IPUIPlugin:80 - create IPUIPlugin
2025-10-18 12:29:51,145 [INFO] IPUIPlugin:80 - create IPUIPlugin
2025-10-18 12:29:51,145 [INFO] IPUIPlugin:80 - create IPUIPlugin
2025-10-18 12:29:51,145 [INFO] IPUIPlugin:80 - create IPUIPlugin
2025-10-18 12:29:51,145 [INFO] IPUIPlugin:80 - create IPUIPlugin
2025-10-18 12:29:51,146 [INFO] IPUIPlugin:80 - create IPUIPlugin
2025-10-18 12:29:51,146 [INFO] IPUIPlugin:80 - create IPUIPlugin
2025-10-18 12:29:51,146 [INFO] IPUIPlugin:80 - create IPUIPlugin
2025-10-18 12:29:51,146 [INFO] IPUIPlugin:80 - create IPUIPlugin
2025-10-18 12:29:51,146 [INFO] IPUIPlugin:80 - create IPUIPlugin
2025-10-18 12:29:51,146 [INFO] IPUIPlugin:80 - create IPUIPlugin
2025-10-18 12:29:51,147 [INFO] IPUIPlugin:80 - create IPUIPlugin
2025-10-18 12:29:51,147 [INFO] IPUIPlugin:80 - create IPUIPlugin
2025-10-18 12:29:51,148 [INFO] IPUIPlugin:80 - create IPUIPlugin
2025-10-18 12:29:51,592 [INFO] CADModel:165 - CPN selected for project levelSTM32F072RBT6
2025-10-18 12:29:51,593 [INFO] CADModel:114 - Register for checkConnection events
2025-10-18 12:29:51,652 [INFO] OpenFileManager:386 - Restore cursor
2025-10-18 12:31:52,513 [INFO] NvicIntPanel:101 - NVIC parent = com.st.microxplorer.plugins.ip.nvic.MultiNvicIntPanel[,0,0,0x0,invalid,layout=javax.swing.BoxLayout,alignmentX=0.0,alignmentY=0.0,border=,flags=9,maximumSize=,minimumSize=,preferredSize=]
2025-10-18 12:31:57,432 [INFO] NvicIntPanel:101 - NVIC parent = com.st.microxplorer.plugins.ip.nvic.MultiNvicIntPanel[,0,0,0x0,invalid,layout=javax.swing.BoxLayout,alignmentX=0.0,alignmentY=0.0,border=,flags=9,maximumSize=,minimumSize=,preferredSize=]
2025-10-18 12:32:15,327 [INFO] NvicIntPanel:101 - NVIC parent = com.st.microxplorer.plugins.ip.nvic.MultiNvicIntPanel[,0,0,0x0,invalid,layout=javax.swing.BoxLayout,alignmentX=0.0,alignmentY=0.0,border=,flags=9,maximumSize=,minimumSize=,preferredSize=]
2025-10-18 12:32:19,902 [INFO] NvicIntPanel:101 - NVIC parent = com.st.microxplorer.plugins.ip.nvic.MultiNvicIntPanel[,0,0,0x0,invalid,layout=javax.swing.BoxLayout,alignmentX=0.0,alignmentY=0.0,border=,flags=9,maximumSize=,minimumSize=,preferredSize=]
2025-10-18 12:32:19,998 [INFO] NvicIntPanel:101 - NVIC parent = com.st.microxplorer.plugins.ip.nvic.MultiNvicIntPanel[,0,0,0x0,invalid,layout=javax.swing.BoxLayout,alignmentX=0.0,alignmentY=0.0,border=,flags=9,maximumSize=,minimumSize=,preferredSize=]
2025-10-18 12:34:05,368 [INFO] NvicIntPanel:101 - NVIC parent = com.st.microxplorer.plugins.ip.nvic.MultiNvicIntPanel[,0,0,0x0,invalid,layout=javax.swing.BoxLayout,alignmentX=0.0,alignmentY=0.0,border=,flags=9,maximumSize=,minimumSize=,preferredSize=]
2025-10-18 12:35:06,323 [INFO] UtilMem:75 - End SaveConfig() Used Memory: 525317432 Bytes (730857472)
2025-10-18 12:35:08,082 [INFO] UtilMem:75 - End SaveConfig() Used Memory: 552003808 Bytes (730857472)
2025-10-18 12:35:08,692 [INFO] LogOutputStream:77 - [STDOUT_REDIRECT] This download action requires prior login. To proceed, please use the 'login' command with your my.st.com account email and password.
2025-10-18 12:35:08,700 [INFO] LogOutputStream:77 - [STDOUT_REDIRECT] Run 'login <email> <password> <remember_me>' for example 'login john.smith@st.com mypassword y'.
2025-10-18 12:35:08,701 [INFO] LogOutputStream:77 - [STDOUT_REDIRECT] If you do not have a my.st.com account, please visit https://st.com website to create one.
2025-10-18 12:44:19,078 [INFO] UtilMem:75 - End SaveConfig() Used Memory: 326664904 Bytes (730857472)
2025-10-18 12:44:20,771 [INFO] UtilMem:75 - End SaveConfig() Used Memory: 475040456 Bytes (730857472)
2025-10-18 12:44:21,251 [INFO] LogOutputStream:77 - [STDOUT_REDIRECT] This download action requires prior login. To proceed, please use the 'login' command with your my.st.com account email and password.
2025-10-18 12:44:21,251 [INFO] LogOutputStream:77 - [STDOUT_REDIRECT] Run 'login <email> <password> <remember_me>' for example 'login john.smith@st.com mypassword y'.
2025-10-18 12:44:21,251 [INFO] LogOutputStream:77 - [STDOUT_REDIRECT] If you do not have a my.st.com account, please visit https://st.com website to create one.
2025-10-18 13:14:00,951 [INFO] NvicIntPanel:101 - NVIC parent = com.st.microxplorer.plugins.ip.nvic.MultiNvicIntPanel[,0,0,0x0,invalid,layout=javax.swing.BoxLayout,alignmentX=0.0,alignmentY=0.0,border=,flags=9,maximumSize=,minimumSize=,preferredSize=]
2025-10-18 13:19:42,201 [INFO] UtilMem:75 - End SaveConfig() Used Memory: 575830848 Bytes (730857472)
2025-10-18 13:19:43,752 [INFO] UtilMem:75 - End SaveConfig() Used Memory: 602045248 Bytes (730857472)
2025-10-18 13:19:48,582 [INFO] LogOutputStream:77 - [STDOUT_REDIRECT] This download action requires prior login. To proceed, please use the 'login' command with your my.st.com account email and password.
2025-10-18 13:19:48,586 [INFO] LogOutputStream:77 - [STDOUT_REDIRECT] Run 'login <email> <password> <remember_me>' for example 'login john.smith@st.com mypassword y'.
2025-10-18 13:19:48,586 [INFO] LogOutputStream:77 - [STDOUT_REDIRECT] If you do not have a my.st.com account, please visit https://st.com website to create one.
2025-10-18 13:21:29,848 [INFO] NvicIntPanel:101 - NVIC parent = com.st.microxplorer.plugins.ip.nvic.MultiNvicIntPanel[,0,0,0x0,invalid,layout=javax.swing.BoxLayout,alignmentX=0.0,alignmentY=0.0,border=,flags=9,maximumSize=,minimumSize=,preferredSize=]
2025-10-18 13:21:33,124 [INFO] NvicIntPanel:101 - NVIC parent = com.st.microxplorer.plugins.ip.nvic.MultiNvicIntPanel[,0,0,0x0,invalid,layout=javax.swing.BoxLayout,alignmentX=0.0,alignmentY=0.0,border=,flags=9,maximumSize=,minimumSize=,preferredSize=]
2025-10-18 13:21:39,030 [INFO] NvicIntPanel:101 - NVIC parent = com.st.microxplorer.plugins.ip.nvic.MultiNvicIntPanel[,0,0,0x0,invalid,layout=javax.swing.BoxLayout,alignmentX=0.0,alignmentY=0.0,border=,flags=9,maximumSize=,minimumSize=,preferredSize=]
2025-10-18 13:22:00,276 [INFO] NvicIntPanel:101 - NVIC parent = com.st.microxplorer.plugins.ip.nvic.MultiNvicIntPanel[,0,0,0x0,invalid,layout=javax.swing.BoxLayout,alignmentX=0.0,alignmentY=0.0,border=,flags=9,maximumSize=,minimumSize=,preferredSize=]
2025-10-18 13:22:05,290 [INFO] UtilMem:75 - End SaveConfig() Used Memory: 304020784 Bytes (730857472)
2025-10-18 13:22:06,810 [INFO] UtilMem:75 - End SaveConfig() Used Memory: 328895640 Bytes (730857472)
2025-10-18 13:22:07,298 [INFO] LogOutputStream:77 - [STDOUT_REDIRECT] This download action requires prior login. To proceed, please use the 'login' command with your my.st.com account email and password.
2025-10-18 13:22:07,299 [INFO] LogOutputStream:77 - [STDOUT_REDIRECT] Run 'login <email> <password> <remember_me>' for example 'login john.smith@st.com mypassword y'.
2025-10-18 13:22:07,300 [INFO] LogOutputStream:77 - [STDOUT_REDIRECT] If you do not have a my.st.com account, please visit https://st.com website to create one.
2025-10-18 13:23:22,614 [INFO] LogOutputStream:77 - [STDOUT_REDIRECT] This download action requires prior login. To proceed, please use the 'login' command with your my.st.com account email and password.
2025-10-18 13:23:22,616 [INFO] LogOutputStream:77 - [STDOUT_REDIRECT] Run 'login <email> <password> <remember_me>' for example 'login john.smith@st.com mypassword y'.
2025-10-18 13:23:22,616 [INFO] LogOutputStream:77 - [STDOUT_REDIRECT] If you do not have a my.st.com account, please visit https://st.com website to create one.
2025-10-18 13:24:22,467 [INFO] LogOutputStream:77 - [STDOUT_REDIRECT] This download action requires prior login. To proceed, please use the 'login' command with your my.st.com account email and password.
2025-10-18 13:24:22,480 [INFO] LogOutputStream:77 - [STDOUT_REDIRECT] Run 'login <email> <password> <remember_me>' for example 'login john.smith@st.com mypassword y'.
2025-10-18 13:24:22,483 [INFO] LogOutputStream:77 - [STDOUT_REDIRECT] If you do not have a my.st.com account, please visit https://st.com website to create one.
2025-10-18 13:26:39,182 [INFO] LogOutputStream:77 - [STDOUT_REDIRECT] This download action requires prior login. To proceed, please use the 'login' command with your my.st.com account email and password.
2025-10-18 13:26:39,183 [INFO] LogOutputStream:77 - [STDOUT_REDIRECT] Run 'login <email> <password> <remember_me>' for example 'login john.smith@st.com mypassword y'.
2025-10-18 13:26:39,184 [INFO] LogOutputStream:77 - [STDOUT_REDIRECT] If you do not have a my.st.com account, please visit https://st.com website to create one.
2025-10-18 13:31:21,106 [INFO] UtilMem:75 - End SaveConfig() Used Memory: 368171952 Bytes (730857472)
2025-10-18 13:31:23,189 [INFO] LogOutputStream:77 - [STDOUT_REDIRECT] This download action requires prior login. To proceed, please use the 'login' command with your my.st.com account email and password.
2025-10-18 13:31:23,191 [INFO] LogOutputStream:77 - [STDOUT_REDIRECT] Run 'login <email> <password> <remember_me>' for example 'login john.smith@st.com mypassword y'.
2025-10-18 13:31:23,191 [INFO] LogOutputStream:77 - [STDOUT_REDIRECT] If you do not have a my.st.com account, please visit https://st.com website to create one.
2025-10-18 13:35:52,483 [INFO] MainUpdater:2872 - connection check result : 10
2025-10-18 13:35:52,485 [INFO] MainUpdater:2872 - connection check result : 10
2025-10-18 13:35:53,127 [INFO] MicroXplorer:468 - Change Database Path : 
2025-10-18 13:35:53,127 [INFO] MicroXplorer:498 - Change Database Version : DB.6.0.150
2025-10-18 13:35:53,223 [ERROR] ProjectManagerView:395 - 
java.lang.NullPointerException: Cannot invoke "javax.swing.JTextField.getText()" because the return value of "java.util.List.get(int)" is null
	at com.st.microxplorer.plugins.projectmanager.gui.ProjectChoiceTab$9.caretUpdate(ProjectChoiceTab.java:2706) ~[filemanager.jar:?]
	at javax.swing.text.JTextComponent.fireCaretUpdate(JTextComponent.java:408) ~[?:?]
	at javax.swing.text.JTextComponent$MutableCaretEvent.fire(JTextComponent.java:4484) ~[?:?]
	at javax.swing.text.JTextComponent$MutableCaretEvent.stateChanged(JTextComponent.java:4506) ~[?:?]
	at javax.swing.text.DefaultCaret.fireStateChanged(DefaultCaret.java:857) ~[?:?]
	at javax.swing.text.DefaultCaret.changeCaretPosition(DefaultCaret.java:1343) ~[?:?]
	at javax.swing.text.DefaultCaret.handleSetDot(DefaultCaret.java:1242) ~[?:?]
	at javax.swing.text.DefaultCaret.setDot(DefaultCaret.java:1223) ~[?:?]
	at javax.swing.text.DefaultCaret$Handler.insertUpdate(DefaultCaret.java:1819) ~[?:?]
	at javax.swing.text.AbstractDocument.fireInsertUpdate(AbstractDocument.java:227) ~[?:?]
	at javax.swing.text.AbstractDocument.handleInsertString(AbstractDocument.java:781) ~[?:?]
	at javax.swing.text.AbstractDocument.insertString(AbstractDocument.java:740) ~[?:?]
	at javax.swing.text.PlainDocument.insertString(PlainDocument.java:131) ~[?:?]
	at javax.swing.text.AbstractDocument.replace(AbstractDocument.java:699) ~[?:?]
	at javax.swing.text.JTextComponent.setText(JTextComponent.java:1725) ~[?:?]
	at com.st.microxplorer.plugins.projectmanager.gui.ProjectChoiceTab.createHeapStackFields(ProjectChoiceTab.java:993) ~[filemanager.jar:?]
	at com.st.microxplorer.plugins.projectmanager.gui.ProjectChoiceTab.buildLinkSettingsPanel(ProjectChoiceTab.java:3813) ~[filemanager.jar:?]
	at com.st.microxplorer.plugins.projectmanager.gui.ProjectChoiceTab.defineWindowsFields(ProjectChoiceTab.java:1987) ~[filemanager.jar:?]
	at com.st.microxplorer.plugins.projectmanager.gui.ProjectChoiceTab.updateSettings(ProjectChoiceTab.java:558) ~[filemanager.jar:?]
	at com.st.microxplorer.plugins.projectmanager.gui.ProjectSettingsPanel.UpdateDialog(ProjectSettingsPanel.java:247) ~[filemanager.jar:?]
	at com.st.microxplorer.plugins.projectmanager.ProjectManagerView.propertyChange(ProjectManagerView.java:392) ~[filemanager.jar:?]
	at java.beans.PropertyChangeSupport.fire(PropertyChangeSupport.java:343) ~[?:?]
	at java.beans.PropertyChangeSupport.firePropertyChange(PropertyChangeSupport.java:335) ~[?:?]
	at java.beans.PropertyChangeSupport.firePropertyChange(PropertyChangeSupport.java:268) ~[?:?]
	at com.st.microxplorer.util.MXPropertyChangeSupport.firePropertyChange(MXPropertyChangeSupport.java:54) ~[STM32CubeMX.jar:?]
	at com.st.microxplorer.mxsystem.MxSystem.closeConfig(MxSystem.java:899) ~[STM32CubeMX.jar:?]
	at com.st.microxplorer.maingui.MainPanel.closeConfig(MainPanel.java:792) ~[STM32CubeMX.jar:?]
	at com.st.microxplorer.plugins.filemanager.engine.OpenFileManager.loadConfigurationFile(OpenFileManager.java:288) ~[filemanager.jar:?]
	at com.st.microxplorer.plugins.filemanager.engine.MainFileManager.userLoadConfig(MainFileManager.java:364) ~[filemanager.jar:?]
	at com.st.microxplorer.plugins.filemanager.engine.MainFileManager.userLoadConfig(MainFileManager.java:342) ~[filemanager.jar:?]
	at com.st.microxplorer.plugins.filemanager.FileManagerView.getSpecificTask(FileManagerView.java:264) ~[filemanager.jar:?]
	at com.st.stm32cube.common.mx.editor.CubeMxEditor.getMxTabbedPaneInstance(CubeMxEditor.java:1198) ~[com.st.stm32cube.common.mx_6.15.0.202507011659/:?]
	at com.st.stm32cube.common.mx.editor.CubeMxEditor$12$1.createSwingComponent(CubeMxEditor.java:1068) ~[com.st.stm32cube.common.mx_6.15.0.202507011659/:?]
	at com.st.stm32cube.common.mx.oss.core.awtswtbridge.EmbeddedSwingComposite.doComponentCreation(EmbeddedSwingComposite.java:492) ~[com.st.stm32cube.common.mx.oss_6.15.0.202507011659/:?]
	at com.st.stm32cube.common.mx.oss.core.awtswtbridge.EmbeddedSwingComposite$4.run(EmbeddedSwingComposite.java:291) ~[com.st.stm32cube.common.mx.oss_6.15.0.202507011659/:?]
	at com.st.stm32cube.common.mx.oss.core.awtswtbridge.AwtEnvironment$2.run(AwtEnvironment.java:166) ~[com.st.stm32cube.common.mx.oss_6.15.0.202507011659/:?]
	at java.awt.event.InvocationEvent.dispatch(InvocationEvent.java:318) ~[?:?]
	at java.awt.EventQueue.dispatchEventImpl(EventQueue.java:773) ~[?:?]
	at java.awt.EventQueue$4.run(EventQueue.java:720) ~[?:?]
	at java.awt.EventQueue$4.run(EventQueue.java:714) ~[?:?]
	at java.security.AccessController.doPrivileged(AccessController.java:400) ~[?:?]
	at java.security.ProtectionDomain$JavaSecurityAccessImpl.doIntersectionPrivilege(ProtectionDomain.java:87) ~[?:?]
	at java.awt.EventQueue.dispatchEvent(EventQueue.java:742) ~[?:?]
	at java.awt.EventDispatchThread.pumpOneEventForFilters(EventDispatchThread.java:203) ~[?:?]
	at java.awt.EventDispatchThread.pumpEventsForFilter(EventDispatchThread.java:124) ~[?:?]
	at java.awt.EventDispatchThread.pumpEventsForHierarchy(EventDispatchThread.java:113) ~[?:?]
	at java.awt.EventDispatchThread.pumpEvents(EventDispatchThread.java:109) ~[?:?]
	at java.awt.EventDispatchThread.pumpEvents(EventDispatchThread.java:101) ~[?:?]
	at java.awt.EventDispatchThread.run(EventDispatchThread.java:90) ~[?:?]
2025-10-18 13:35:53,234 [WARN] ThirdParty:871 - waiting for thirdparty lock release [close project]
2025-10-18 13:35:53,234 [INFO] ThirdParty:873 - entering critical section [close project]
2025-10-18 13:35:53,234 [INFO] ThirdParty:883 - exiting critical section [close project]
2025-10-18 13:35:53,237 [INFO] PinOutPanel:1589 - setPackage(No Configuration,No Configuration)
2025-10-18 13:35:53,254 [INFO] UtilMem:75 - Begin LoadConfig() Used Memory: 592098576 Bytes (730857472)
2025-10-18 13:35:53,254 [INFO] MicroXplorer:468 - Change Database Path : 
2025-10-18 13:35:53,254 [INFO] MicroXplorer:498 - Change Database Version : DB.6.0.150
2025-10-18 13:35:53,255 [INFO] OpenFileManager:355 - Change cursor
2025-10-18 13:35:53,351 [INFO] RulesReader:64 - Compatibility file has been processed (317 Rules)
2025-10-18 13:35:53,367 [INFO] Mcu:2029 - Initializing MCU STM32F072R(8-B)Tx STM32F072RBTx STM32F072RBT6
2025-10-18 13:35:55,127 [INFO] Context:786 - Trying to add GPIOservice into a context  which must be forbidden
2025-10-18 13:35:55,750 [INFO] ImportTextPane:234 - (OptionalMessage_ERROR) Pin17 (VP_RIF_VS_RIF1) cannot be retrieved for this MCU
2025-10-18 13:35:55,875 [INFO] RtosManager:558 - Registered RTOS mode: class=CMSIS, group=RTOS, mode=CMSIS_V1, owner=FREERTOS
2025-10-18 13:35:55,876 [INFO] RtosManager:558 - Registered RTOS mode: class=CMSIS, group=RTOS2, mode=CMSIS_V2, owner=FREERTOS
2025-10-18 13:35:55,878 [INFO] RtosManager:558 - Registered RTOS mode: class=RTOS, group=Core, mode=CMSIS_V1, owner=FREERTOS
2025-10-18 13:35:55,879 [INFO] RtosManager:558 - Registered RTOS mode: class=RTOS, group=Core, mode=CMSIS_V2, owner=FREERTOS
2025-10-18 13:35:55,880 [WARN] ModelIntegratedComponent:184 - Missing modes for component STMicroelectronics:FreeRTOS:0.0.1:STMicroelectronics:RTOS:FreeRTOS:Core:::10.2.0:
2025-10-18 13:35:55,922 [WARN] ModelIntegratedComponent:63 - No mode defined for component null
2025-10-18 13:35:55,925 [WARN] ModelIntegratedComponent:63 - No mode defined for component null
2025-10-18 13:35:55,925 [WARN] ModelIntegratedComponent:63 - No mode defined for component null
2025-10-18 13:35:55,925 [WARN] ModelIntegratedComponent:63 - No mode defined for component null
2025-10-18 13:35:55,925 [WARN] ModelIntegratedComponent:63 - No mode defined for component null
2025-10-18 13:35:55,925 [WARN] ModelIntegratedComponent:63 - No mode defined for component null
2025-10-18 13:35:55,925 [WARN] ModelIntegratedComponent:63 - No mode defined for component null
2025-10-18 13:35:55,925 [WARN] ModelIntegratedComponent:63 - No mode defined for component null
2025-10-18 13:35:55,925 [WARN] ModelIntegratedComponent:63 - No mode defined for component null
2025-10-18 13:35:55,925 [WARN] ModelIntegratedComponent:63 - No mode defined for component null
2025-10-18 13:35:55,925 [WARN] ModelIntegratedComponent:63 - No mode defined for component null
2025-10-18 13:35:55,926 [WARN] ModelIntegratedComponent:63 - No mode defined for component null
2025-10-18 13:35:55,926 [WARN] ModelIntegratedComponent:63 - No mode defined for component null
2025-10-18 13:35:55,926 [WARN] ModelIntegratedComponent:63 - No mode defined for component null
2025-10-18 13:35:55,926 [WARN] ModelIntegratedComponent:63 - No mode defined for component null
2025-10-18 13:35:55,927 [WARN] ModelIntegratedComponent:63 - No mode defined for component null
2025-10-18 13:35:55,927 [WARN] ModelIntegratedComponent:63 - No mode defined for component null
2025-10-18 13:35:55,927 [WARN] ModelIntegratedComponent:63 - No mode defined for component null
2025-10-18 13:35:55,927 [WARN] ModelIntegratedComponent:63 - No mode defined for component null
2025-10-18 13:35:55,927 [WARN] ModelIntegratedComponent:63 - No mode defined for component null
2025-10-18 13:35:55,927 [WARN] ModelIntegratedComponent:63 - No mode defined for component null
2025-10-18 13:35:55,927 [WARN] ModelIntegratedComponent:63 - No mode defined for component null
2025-10-18 13:35:55,927 [WARN] ModelIntegratedComponent:63 - No mode defined for component null
2025-10-18 13:35:55,927 [WARN] ModelIntegratedComponent:63 - No mode defined for component null
2025-10-18 13:35:55,927 [WARN] ModelIntegratedComponent:63 - No mode defined for component null
2025-10-18 13:35:55,927 [WARN] ModelIntegratedComponent:63 - No mode defined for component null
2025-10-18 13:35:55,927 [WARN] ModelIntegratedComponent:63 - No mode defined for component null
2025-10-18 13:35:55,927 [WARN] ModelIntegratedComponent:63 - No mode defined for component null
2025-10-18 13:35:55,927 [WARN] ModelIntegratedComponent:63 - No mode defined for component null
2025-10-18 13:35:55,927 [WARN] ModelIntegratedComponent:63 - No mode defined for component null
2025-10-18 13:35:55,927 [WARN] ModelIntegratedComponent:63 - No mode defined for component null
2025-10-18 13:35:55,927 [WARN] ModelIntegratedComponent:63 - No mode defined for component null
2025-10-18 13:35:55,927 [WARN] ModelIntegratedComponent:63 - No mode defined for component null
2025-10-18 13:35:55,927 [WARN] ModelIntegratedComponent:63 - No mode defined for component null
2025-10-18 13:35:55,927 [WARN] ModelIntegratedComponent:63 - No mode defined for component null
2025-10-18 13:35:55,929 [WARN] ModelPack:524 - Component already loaded: STMicroelectronics:HAL Drivers:0.0.0:STMicroelectronics:Device:STMicro_Driver:XSPI:HAL::0.0.1:HAL_XSPI
2025-10-18 13:35:56,024 [INFO] ThirdPartyModel:298 - Start build external matchings
2025-10-18 13:35:56,341 [INFO] ThirdPartyModel:316 - End build external matchings
2025-10-18 13:35:56,376 [INFO] ImportTextPane:234 - (OptionalMessage_ERROR) IP (RCC) : Parameter (FLatency) has Id (AdvancedSettings) currently not set
2025-10-18 13:35:56,376 [INFO] ImportTextPane:234 - (OptionalMessage_ERROR) IP (RCC) : Invalid parameter (FamilyName)
2025-10-18 13:35:56,376 [INFO] ImportTextPane:234 - (OptionalMessage_ERROR) IP (RCC) : Invalid parameter (HSICECFreq_Value)
2025-10-18 13:35:56,381 [INFO] ImportTextPane:234 - (OptionalMessage_ERROR) IP (RCC) : Parameter (PREFETCH_ENABLE) has Id (AdvancedSettings) currently not set
2025-10-18 13:35:56,655 [INFO] UtilMem:75 - End LoadConfig() Used Memory: 344746040 Bytes (730857472)
2025-10-18 13:35:56,747 [WARN] ThirdParty:833 - waiting for thirdparty lock release [change project]
2025-10-18 13:35:56,759 [INFO] ThirdParty:835 - entering critical section [change project]
2025-10-18 13:35:56,760 [INFO] ThirdParty:1030 - CMSIS Pack Vendor :STMicroelectronics X-CUBE-PM33A1 1.0.0
2025-10-18 13:35:56,760 [INFO] ThirdParty:1030 - CMSIS Pack Vendor :STMicroelectronics USBPD 4.1
2025-10-18 13:35:56,760 [INFO] ThirdParty:1030 - CMSIS Pack Vendor :STMicroelectronics X-CUBE-NFC9 1.0.0
2025-10-18 13:35:56,760 [INFO] ThirdParty:1030 - CMSIS Pack Vendor :STMicroelectronics USB_HOST 2.0.0
2025-10-18 13:35:56,760 [INFO] ThirdParty:1030 - CMSIS Pack Vendor :STMicroelectronics FP-SNS-MOTENVWB1 1.4.0
2025-10-18 13:35:56,760 [INFO] ThirdParty:1030 - CMSIS Pack Vendor :STMicroelectronics X-CUBE-AZRTOS-F4 1.1.0
2025-10-18 13:35:56,760 [INFO] ThirdParty:1030 - CMSIS Pack Vendor :STMicroelectronics LIBJPEG 8.0.0
2025-10-18 13:35:56,760 [INFO] ThirdParty:1030 - CMSIS Pack Vendor :STMicroelectronics FP-ATR-ASTRA1 2.0.2
2025-10-18 13:35:56,760 [INFO] ThirdParty:1030 - CMSIS Pack Vendor :wolfSSL I-CUBE-wolfSSL 5.8.2
2025-10-18 13:35:56,760 [INFO] ThirdParty:1030 - CMSIS Pack Vendor :STMicroelectronics X-CUBE-BLE1 7.1.0
2025-10-18 13:35:56,760 [INFO] ThirdParty:1030 - CMSIS Pack Vendor :Avnet-IotConnect X-CUBE-IoTC-DA16k-PMOD 1.0.0
2025-10-18 13:35:56,760 [INFO] ThirdParty:1030 - CMSIS Pack Vendor :STMicroelectronics X-CUBE-SMBUS 2.1.0
2025-10-18 13:35:56,760 [INFO] ThirdParty:1030 - CMSIS Pack Vendor :wolfSSL I-CUBE-wolfMQTT 1.19.2
2025-10-18 13:35:56,760 [INFO] ThirdParty:1030 - CMSIS Pack Vendor :STMicroelectronics USB_DEVICE 3.0.0
2025-10-18 13:35:56,760 [INFO] ThirdParty:1030 - CMSIS Pack Vendor :STMicroelectronics X-CUBE-ISPU 2.1.0
2025-10-18 13:35:56,760 [INFO] ThirdParty:1030 - CMSIS Pack Vendor :STMicroelectronics X-CUBE-EEPRMA1 5.2.0
2025-10-18 13:35:56,760 [INFO] ThirdParty:1030 - CMSIS Pack Vendor :STMicroelectronics X-CUBE-IPS 3.2.0
2025-10-18 13:35:56,761 [INFO] ThirdParty:1030 - CMSIS Pack Vendor :STMicroelectronics X-CUBE-BLEMGR 4.1.0
2025-10-18 13:35:56,761 [INFO] ThirdParty:1030 - CMSIS Pack Vendor :STMicroelectronics X-CUBE-AZRTOS-WB 2.0.0
2025-10-18 13:35:56,761 [INFO] ThirdParty:1030 - CMSIS Pack Vendor :STMicroelectronics X-CUBE-ST60 1.0.0
2025-10-18 13:35:56,761 [INFO] ThirdParty:1030 - CMSIS Pack Vendor :STMicroelectronics X-CUBE-GNSS1 7.0.1
2025-10-18 13:35:56,761 [INFO] ThirdParty:1030 - CMSIS Pack Vendor :STMicroelectronics X-CUBE-NFC12 1.0.0
2025-10-18 13:35:56,761 [INFO] ThirdParty:1030 - CMSIS Pack Vendor :STMicroelectronics X-CUBE-AZRTOS-F7 1.1.0
2025-10-18 13:35:56,761 [INFO] ThirdParty:1030 - CMSIS Pack Vendor :STMicroelectronics X-CUBE-AZRTOS-L5 2.0.0
2025-10-18 13:35:56,761 [INFO] ThirdParty:1030 - CMSIS Pack Vendor :STMicroelectronics X-CUBE-TOUCHGFX 4.25.0
2025-10-18 13:35:56,761 [INFO] ThirdParty:1030 - CMSIS Pack Vendor :STMicroelectronics USB_DEVICE 2.0.0
2025-10-18 13:35:56,761 [INFO] ThirdParty:1030 - CMSIS Pack Vendor :STMicroelectronics X-CUBE-NFC6 3.1.0
2025-10-18 13:35:56,761 [INFO] ThirdParty:1030 - CMSIS Pack Vendor :STMicroelectronics X-CUBE-ST67W61 1.1.0
2025-10-18 13:35:56,761 [INFO] ThirdParty:1030 - CMSIS Pack Vendor :quantropi X-CUBE-qispace-sdk-base 2.1.0
2025-10-18 13:35:56,761 [INFO] ThirdParty:1030 - CMSIS Pack Vendor :STMicroelectronics FreeRTOS 0.0.1
2025-10-18 13:35:56,761 [INFO] ThirdParty:1030 - CMSIS Pack Vendor :STMicroelectronics X-CUBE-AZRTOS-G0 1.1.0
2025-10-18 13:35:56,761 [INFO] ThirdParty:1030 - CMSIS Pack Vendor :STMicroelectronics X-CUBE-SAFEA1 1.2.2
2025-10-18 13:35:56,761 [INFO] ThirdParty:1030 - CMSIS Pack Vendor :STMicroelectronics X-CUBE-NFC4 3.0.0
2025-10-18 13:35:56,761 [INFO] ThirdParty:1030 - CMSIS Pack Vendor :STMicroelectronics X-CUBE-SUBG2 5.0.0
2025-10-18 13:35:56,762 [INFO] ThirdParty:1030 - CMSIS Pack Vendor :STMicroelectronics X-CUBE-AZRTOS-H7RS 1.1.0
2025-10-18 13:35:56,763 [INFO] ThirdParty:1030 - CMSIS Pack Vendor :STMicroelectronics STM32_WPAN 1.0.0
2025-10-18 13:35:56,763 [INFO] ThirdParty:1030 - CMSIS Pack Vendor :EmbeddedOffice I-CUBE-FS-RTOS 1.0.1
2025-10-18 13:35:56,764 [INFO] ThirdParty:1030 - CMSIS Pack Vendor :STMicroelectronics lwIP 2.0.3
2025-10-18 13:35:56,764 [INFO] ThirdParty:1030 - CMSIS Pack Vendor :WES I-CUBE-Cesium 1.4.0
2025-10-18 13:35:56,764 [INFO] ThirdParty:1030 - CMSIS Pack Vendor :Cesanta I-CUBE-Mongoose 7.13.0
2025-10-18 13:35:56,764 [INFO] ThirdParty:1030 - CMSIS Pack Vendor :STMicroelectronics USB_HOST 1.0.0
2025-10-18 13:35:56,764 [INFO] ThirdParty:1030 - CMSIS Pack Vendor :Infineon AIROC-Wi-Fi-Bluetooth-STM32 1.7.1
2025-10-18 13:35:56,764 [INFO] ThirdParty:1030 - CMSIS Pack Vendor :STMicroelectronics X-CUBE-AZRTOS-G4 2.0.0
2025-10-18 13:35:56,764 [INFO] ThirdParty:1030 - CMSIS Pack Vendor :STMicroelectronics X-CUBE-WB05N 2.0.0
2025-10-18 13:35:56,764 [INFO] ThirdParty:1030 - CMSIS Pack Vendor :STMicroelectronics PDM2PCM 3.1.0
2025-10-18 13:35:56,764 [INFO] ThirdParty:1030 - CMSIS Pack Vendor :STMicroelectronics PDM2PCM 3.3.0
2025-10-18 13:35:56,764 [INFO] ThirdParty:1030 - CMSIS Pack Vendor :wolfSSL I-CUBE-wolfTPM 3.8.0
2025-10-18 13:35:56,764 [INFO] ThirdParty:1030 - CMSIS Pack Vendor :STMicroelectronics X-CUBE-AZRTOS-H7 3.4.0
2025-10-18 13:35:56,764 [INFO] ThirdParty:1030 - CMSIS Pack Vendor :STMicroelectronics X-CUBE-DISPLAY 3.0.0
2025-10-18 13:35:56,764 [INFO] ThirdParty:1030 - CMSIS Pack Vendor :wolfSSL I-CUBE-wolfSSH 1.4.20
2025-10-18 13:35:56,764 [INFO] ThirdParty:1030 - CMSIS Pack Vendor :STMicroelectronics X-CUBE-NFC7 2.0.0
2025-10-18 13:35:56,764 [INFO] ThirdParty:1030 - CMSIS Pack Vendor :STMicroelectronics X-CUBE-TCPP 4.2.0
2025-10-18 13:35:56,764 [INFO] ThirdParty:1030 - CMSIS Pack Vendor :RealThread X-CUBE-RT-Thread_Nano 4.1.1
2025-10-18 13:35:56,764 [INFO] ThirdParty:1030 - CMSIS Pack Vendor :STMicroelectronics FP-ATR-SIGFOX1 3.2.0
2025-10-18 13:35:56,764 [INFO] ThirdParty:1030 - CMSIS Pack Vendor :STMicroelectronics X-CUBE-NFC10 1.0.0
2025-10-18 13:35:56,764 [INFO] ThirdParty:1030 - CMSIS Pack Vendor :STMicroelectronics X-CUBE-FREERTOS 1.3.1
2025-10-18 13:35:56,764 [INFO] ThirdParty:1030 - CMSIS Pack Vendor :STMicroelectronics HAL Drivers 0.0.0
2025-10-18 13:35:56,764 [INFO] ThirdParty:1030 - CMSIS Pack Vendor :STMicroelectronics MBEDTLS 2.16.2
2025-10-18 13:35:56,764 [INFO] ThirdParty:1030 - CMSIS Pack Vendor :STMicroelectronics X-CUBE-ST60 1.1.0
2025-10-18 13:35:56,764 [INFO] ThirdParty:1030 - CMSIS Pack Vendor :STMicroelectronics X-CUBE-IPS 3.1.0
2025-10-18 13:35:56,764 [INFO] ThirdParty:1030 - CMSIS Pack Vendor :STMicroelectronics X-CUBE-ALS 1.0.2
2025-10-18 13:35:56,764 [INFO] ThirdParty:1030 - CMSIS Pack Vendor :emotas I-CUBE-CANOPEN 1.3.0
2025-10-18 13:35:56,764 [INFO] ThirdParty:1030 - CMSIS Pack Vendor :STMicroelectronics MBEDTLS 2.14.1
2025-10-18 13:35:56,764 [INFO] ThirdParty:1030 - CMSIS Pack Vendor :ITTIA_DB I-CUBE-ITTIADB 8.9.0
2025-10-18 13:35:56,764 [INFO] ThirdParty:1030 - CMSIS Pack Vendor :STMicroelectronics X-CUBE-TOUCHGFX 4.26.0
2025-10-18 13:35:56,764 [INFO] ThirdParty:1030 - CMSIS Pack Vendor :STMicroelectronics X-CUBE-STSE01 1.0.0
2025-10-18 13:35:56,764 [INFO] ThirdParty:1030 - CMSIS Pack Vendor :STMicroelectronics X-CUBE-ST67W61 1.0.0
2025-10-18 13:35:56,765 [INFO] ThirdParty:1030 - CMSIS Pack Vendor :STMicroelectronics FP-SNS-STBOX1 2.1.0
2025-10-18 13:35:56,765 [INFO] ThirdParty:1030 - CMSIS Pack Vendor :STMicroelectronics X-CUBE-AI 10.2.0
2025-10-18 13:35:56,765 [INFO] ThirdParty:1030 - CMSIS Pack Vendor :STMicroelectronics FP-SNS-STAIOTCFT 1.0.0
2025-10-18 13:35:56,766 [INFO] ThirdParty:1030 - CMSIS Pack Vendor :STMicroelectronics ThreadX 1.0.0
2025-10-18 13:35:56,768 [INFO] ThirdParty:1030 - CMSIS Pack Vendor :STMicroelectronics FP-SNS-SMARTAG2 1.2.0
2025-10-18 13:35:56,768 [INFO] ThirdParty:1030 - CMSIS Pack Vendor :STMicroelectronics FP-SNS-FLIGHT1 5.1.0
2025-10-18 13:35:56,768 [INFO] ThirdParty:1030 - CMSIS Pack Vendor :STMicroelectronics X-CUBE-AZRTOS-WL 2.0.0
2025-10-18 13:35:56,768 [INFO] ThirdParty:1030 - CMSIS Pack Vendor :SEGGER I-CUBE-embOS 1.3.1
2025-10-18 13:35:56,768 [INFO] ThirdParty:1030 - CMSIS Pack Vendor :STMicroelectronics X-CUBE-ALGOBUILD 1.4.0
2025-10-18 13:35:56,768 [INFO] ThirdParty:1030 - CMSIS Pack Vendor :STMicroelectronics X-CUBE-DPower 1.3.0
2025-10-18 13:35:56,768 [INFO] ThirdParty:1030 - CMSIS Pack Vendor :STMicroelectronics X-CUBE-MEMS1 11.3.0
2025-10-18 13:35:56,768 [INFO] ThirdParty:1030 - CMSIS Pack Vendor :STMicroelectronics FP-SNS-MOTENV1 5.0.0
2025-10-18 13:35:56,768 [INFO] ThirdParty:1030 - CMSIS Pack Vendor :STMicroelectronics USB_DEVICE 1.0.0
2025-10-18 13:35:56,768 [INFO] ThirdParty:1030 - CMSIS Pack Vendor :STMicroelectronics X-CUBE-AZRTOS-L4 2.0.0
2025-10-18 13:35:56,768 [INFO] ThirdParty:1030 - CMSIS Pack Vendor :STMicroelectronics ThreadX 0.0.2
2025-10-18 13:35:56,768 [INFO] ThirdParty:1030 - CMSIS Pack Vendor :STMicroelectronics lwIP 2.1.2
2025-10-18 13:35:56,768 [INFO] ThirdParty:1030 - CMSIS Pack Vendor :STMicroelectronics X-CUBE-SFXS2LP1 4.0.0
2025-10-18 13:35:56,768 [INFO] ThirdParty:1030 - CMSIS Pack Vendor :STMicroelectronics X-CUBE-BLE2 3.3.0
2025-10-18 13:35:56,768 [INFO] ThirdParty:1030 - CMSIS Pack Vendor :STMicroelectronics X-CUBE-TOF1 3.4.3
2025-10-18 13:35:56,768 [INFO] ThirdParty:1030 - CMSIS Pack Vendor :STMicroelectronics PDM2PCM 3.2.0
2025-10-18 13:35:56,772 [INFO] ThirdParty:841 - exiting critical section [change project]
2025-10-18 13:35:57,335 [INFO] PinOutPanel:1589 - setPackage(No Configuration,No Configuration)
2025-10-18 13:35:57,344 [INFO] PinOutPanel:1589 - setPackage(STM32F072RBTx,LQFP64)
2025-10-18 13:35:58,575 [INFO] UtilMem:75 - Before build in PCC Used Memory: 264028800 Bytes (730857472)
2025-10-18 13:35:59,385 [INFO] UtilMem:75 - After build in PCC Used Memory: 310688384 Bytes (730857472)
2025-10-18 13:35:59,483 [INFO] IPUIPlugin:80 - create IPUIPlugin
2025-10-18 13:35:59,484 [INFO] IPUIPlugin:80 - create IPUIPlugin
2025-10-18 13:35:59,485 [INFO] IPUIPlugin:80 - create IPUIPlugin
2025-10-18 13:35:59,485 [INFO] IPUIPlugin:80 - create IPUIPlugin
2025-10-18 13:35:59,486 [INFO] IPUIPlugin:80 - create IPUIPlugin
2025-10-18 13:35:59,486 [INFO] IPUIPlugin:80 - create IPUIPlugin
2025-10-18 13:35:59,486 [INFO] IPUIPlugin:80 - create IPUIPlugin
2025-10-18 13:35:59,486 [INFO] IPUIPlugin:80 - create IPUIPlugin
2025-10-18 13:35:59,487 [INFO] IPUIPlugin:80 - create IPUIPlugin
2025-10-18 13:35:59,489 [INFO] IPUIPlugin:80 - create IPUIPlugin
2025-10-18 13:35:59,489 [INFO] IPUIPlugin:80 - create IPUIPlugin
2025-10-18 13:35:59,489 [INFO] IPUIPlugin:80 - create IPUIPlugin
2025-10-18 13:35:59,489 [INFO] IPUIPlugin:80 - create IPUIPlugin
2025-10-18 13:35:59,489 [INFO] IPUIPlugin:80 - create IPUIPlugin
2025-10-18 13:35:59,489 [INFO] IPUIPlugin:80 - create IPUIPlugin
2025-10-18 13:35:59,490 [INFO] IPUIPlugin:80 - create IPUIPlugin
2025-10-18 13:35:59,490 [INFO] IPUIPlugin:80 - create IPUIPlugin
2025-10-18 13:35:59,490 [INFO] IPUIPlugin:80 - create IPUIPlugin
2025-10-18 13:35:59,490 [INFO] IPUIPlugin:80 - create IPUIPlugin
2025-10-18 13:35:59,490 [INFO] IPUIPlugin:80 - create IPUIPlugin
2025-10-18 13:35:59,490 [INFO] IPUIPlugin:80 - create IPUIPlugin
2025-10-18 13:35:59,490 [INFO] IPUIPlugin:80 - create IPUIPlugin
2025-10-18 13:35:59,490 [INFO] IPUIPlugin:80 - create IPUIPlugin
2025-10-18 13:35:59,490 [INFO] IPUIPlugin:80 - create IPUIPlugin
2025-10-18 13:35:59,490 [INFO] IPUIPlugin:80 - create IPUIPlugin
2025-10-18 13:35:59,490 [INFO] IPUIPlugin:80 - create IPUIPlugin
2025-10-18 13:35:59,491 [INFO] IPUIPlugin:80 - create IPUIPlugin
2025-10-18 13:35:59,491 [INFO] IPUIPlugin:80 - create IPUIPlugin
2025-10-18 13:35:59,491 [INFO] IPUIPlugin:80 - create IPUIPlugin
2025-10-18 13:35:59,491 [INFO] IPUIPlugin:80 - create IPUIPlugin
2025-10-18 13:35:59,491 [INFO] IPUIPlugin:80 - create IPUIPlugin
2025-10-18 13:35:59,491 [INFO] IPUIPlugin:80 - create IPUIPlugin
2025-10-18 13:35:59,491 [INFO] IPUIPlugin:80 - create IPUIPlugin
2025-10-18 13:35:59,491 [INFO] IPUIPlugin:80 - create IPUIPlugin
2025-10-18 13:35:59,491 [INFO] IPUIPlugin:80 - create IPUIPlugin
2025-10-18 13:35:59,492 [INFO] IPUIPlugin:80 - create IPUIPlugin
2025-10-18 13:35:59,492 [INFO] IPUIPlugin:80 - create IPUIPlugin
2025-10-18 13:35:59,492 [INFO] IPUIPlugin:80 - create IPUIPlugin
2025-10-18 13:35:59,492 [INFO] IPUIPlugin:80 - create IPUIPlugin
2025-10-18 13:35:59,492 [INFO] IPUIPlugin:80 - create IPUIPlugin
2025-10-18 13:35:59,492 [INFO] IPUIPlugin:80 - create IPUIPlugin
2025-10-18 13:35:59,617 [INFO] CADModel:165 - CPN selected for project levelSTM32F072RBT6
2025-10-18 13:35:59,618 [INFO] CADModel:114 - Register for checkConnection events
2025-10-18 13:35:59,676 [INFO] OpenFileManager:386 - Restore cursor
2025-10-18 13:36:17,155 [INFO] UtilMem:75 - End SaveConfig() Used Memory: 298991368 Bytes (730857472)
2025-10-18 13:36:18,763 [INFO] UtilMem:75 - End SaveConfig() Used Memory: 340772760 Bytes (730857472)
2025-10-18 13:36:21,320 [INFO] LogOutputStream:77 - [STDOUT_REDIRECT] This download action requires prior login. To proceed, please use the 'login' command with your my.st.com account email and password.
2025-10-18 13:36:21,321 [INFO] LogOutputStream:77 - [STDOUT_REDIRECT] Run 'login <email> <password> <remember_me>' for example 'login john.smith@st.com mypassword y'.
2025-10-18 13:36:21,322 [INFO] LogOutputStream:77 - [STDOUT_REDIRECT] If you do not have a my.st.com account, please visit https://st.com website to create one.
2025-10-18 13:38:02,856 [INFO] LogOutputStream:77 - [STDOUT_REDIRECT] This download action requires prior login. To proceed, please use the 'login' command with your my.st.com account email and password.
2025-10-18 13:38:02,862 [INFO] LogOutputStream:77 - [STDOUT_REDIRECT] Run 'login <email> <password> <remember_me>' for example 'login john.smith@st.com mypassword y'.
2025-10-18 13:38:02,863 [INFO] LogOutputStream:77 - [STDOUT_REDIRECT] If you do not have a my.st.com account, please visit https://st.com website to create one.
2025-10-18 13:38:53,099 [INFO] LogOutputStream:77 - [STDOUT_REDIRECT] This download action requires prior login. To proceed, please use the 'login' command with your my.st.com account email and password.
2025-10-18 13:38:53,100 [INFO] LogOutputStream:77 - [STDOUT_REDIRECT] Run 'login <email> <password> <remember_me>' for example 'login john.smith@st.com mypassword y'.
2025-10-18 13:38:53,100 [INFO] LogOutputStream:77 - [STDOUT_REDIRECT] If you do not have a my.st.com account, please visit https://st.com website to create one.
2025-10-18 13:41:26,432 [INFO] MainUpdater:2872 - connection check result : 10
2025-10-18 13:41:26,444 [INFO] McuFinderGlobals:76 - Set McuFinderConnectedMode to true
2025-10-18 13:41:27,081 [INFO] ServerAccessManage:452 - Complete download http(s) 200
2025-10-18 13:41:27,089 [INFO] ServerAccessManage:509 - Download File mcusAds.json._tmp_
2025-10-18 13:41:27,259 [INFO] LoadUrlFilesThread:156 - End of LoadUrlFiles Thread
2025-10-18 13:41:27,539 [INFO] ServerAccessManage:452 - Complete download http(s) 200
2025-10-18 13:41:27,543 [INFO] ServerAccessManage:509 - Download File cube-finder-db.zip
2025-10-18 13:41:28,353 [INFO] FileExtend:248 - Unzip File : cube-finder-db.zip
2025-10-18 13:41:28,354 [INFO] FileExtend:263 - Standard Zip Deflate
2025-10-18 13:41:28,968 [INFO] LoadUrlFilesThread:156 - End of LoadUrlFiles Thread
2025-10-18 13:41:29,714 [INFO] ServerAccessManage:452 - Complete download http(s) 200
2025-10-18 13:41:29,719 [INFO] ServerAccessManage:509 - Download File crdb.zip
2025-10-18 13:41:30,344 [INFO] FileExtend:248 - Unzip File : crdb.zip
2025-10-18 13:41:30,345 [INFO] FileExtend:263 - Standard Zip Deflate
2025-10-18 13:41:30,463 [INFO] LoadUrlFilesThread:156 - End of LoadUrlFiles Thread
2025-10-18 13:41:30,542 [INFO] ServerAccessManage:452 - Complete download http(s) 200
2025-10-18 13:41:30,543 [INFO] ServerAccessManage:509 - Download File tutoVideoDB.zip
2025-10-18 13:41:30,548 [INFO] FileExtend:248 - Unzip File : tutoVideoDB.zip
2025-10-18 13:41:30,548 [INFO] FileExtend:263 - Standard Zip Deflate
2025-10-18 13:41:30,658 [INFO] LoadUrlFilesThread:156 - End of LoadUrlFiles Thread
2025-10-18 13:41:30,660 [WARN] DbFile:41 - Overriding database path with different value: /Users/jeremyniu/.stmcufinder/plugins/mcufinder/ => /Users/jeremyniu/.stmcufinder/plugins/mcufinder
2025-10-18 13:41:30,736 [INFO] ServerAccessManage:452 - Complete download http(s) 200
2025-10-18 13:41:30,736 [INFO] ServerAccessManage:509 - Download File api_config.json
2025-10-18 13:41:30,843 [INFO] LoadUrlFilesThread:156 - End of LoadUrlFiles Thread
2025-10-18 13:41:30,844 [INFO] DbMcusAds:53 - JSON generation date=Thu Oct 02 05:36:05 EDT 2025 (1759397765645)
2025-10-18 13:41:30,854 [INFO] ApiDb:448 - Save user favorites file /Users/jeremyniu/.stm32cubeide/favorites.mcus.txt: 0 item(s)
2025-10-18 13:41:30,855 [INFO] ApiDb:452 - User favorites MCUs=[]
2025-10-18 13:41:30,862 [INFO] ApiDb:581 - Connected to CubeFinder SQLite database (/Users/jeremyniu/.stmcufinder/plugins/mcufinder/mcu/cube-finder-db.db)
2025-10-18 13:41:30,917 [INFO] ApiDb:668 - CubeFinder database Data Model version=2.1
2025-10-18 13:41:30,917 [INFO] ApiDb:669 - CubeFinder database Configuration version=3.0.39
2025-10-18 13:41:30,917 [INFO] ApiDb:670 - CubeFinder database generation date=2025-08-25 (1756130511)
2025-10-18 13:41:30,917 [INFO] ApiDb:671 - CubeFinder database FW Pack versions=[FP-ATR-ASTRA1_V2.0.0, FP-SNS-FLIGHT1_V5.1.0, FP-SNS-MOTENV1_V5.0.0, FP-SNS-MOTENVWB1_V1.4.0, FP-SNS-SMARTAG2_V1.2.0, FP-SNS-STBOX1_V2.1.0, STM32Cube_FW_C0_V1.4.0, STM32Cube_FW_F4_V1.28.3, STM32Cube_FW_F7_V1.17.4, STM32Cube_FW_G0_V1.6.2, STM32Cube_FW_G4_V1.6.1, STM32Cube_FW_H5_V1.5.0, STM32Cube_FW_H7RS_V1.2.0, STM32Cube_FW_H7_V1.12.1, STM32Cube_FW_L0_V1.12.2, STM32Cube_FW_L4_V1.18.1, STM32Cube_FW_L5_V1.5.1, STM32Cube_FW_N6_V1.2.0, STM32Cube_FW_U0_V1.3.0, STM32Cube_FW_U3_V1.2.0, STM32Cube_FW_U5_V1.8.0, STM32Cube_FW_WB0_V1.3.0, STM32Cube_FW_WBA_V1.7.0, STM32Cube_FW_WB_V1.23.0, STM32Cube_FW_WL3_V1.2.0, STM32Cube_FW_WL_V1.3.1, X-CUBE-ALGOBUILD_V1.4.0, X-CUBE-ALS_V1.0.2, X-CUBE-AZRTOS-F4_V1.1.0, X-CUBE-AZRTOS-F7_V1.1.0, X-CUBE-AZRTOS-G0_V1.1.0, X-CUBE-AZRTOS-G4_V2.0.0, X-CUBE-AZRTOS-H7RS_V1.1.0, X-CUBE-AZRTOS-H7_V3.4.0, X-CUBE-AZRTOS-L4_V2.0.0, X-CUBE-AZRTOS-L5_V2.0.0, X-CUBE-AZRTOS-WB_V2.0.0, X-CUBE-AZRTOS-WL_V2.0.0, X-CUBE-BLE1_V7.1.0, X-CUBE-BLE2_V3.3.0, X-CUBE-BLEMGR_V4.1.0, X-CUBE-EEPRMA1_V5.2.0, X-CUBE-FREERTOS_V1.3.1, X-CUBE-GNSS1_V6.0.0, X-CUBE-MEMS1_V11.3.0, X-CUBE-NFC4_V3.0.0, X-CUBE-NFC7_V2.0.0, X-CUBE-SFXS2LP1_V4.0.0, X-CUBE-ST67W61_V1.0.0, X-CUBE-SUBG2_V5.0.0, X-CUBE-TOF1_V3.4.3]
2025-10-18 13:41:32,522 [INFO] ApiDb:240 - Found 880 in-development CPN: [B-G473E-ZEST1S, B-WB1M-WPAN1, B-WBA5M-WPAN, B-WL5M-SUBG1, NUCLEO-C031C6, NUCLEO-C051C8, NUCLEO-C071RB, NUCLEO-C092RC, NUCLEO-H503RB, NUCLEO-H533RE, NUCLEO-H563ZI, NUCLEO-H7S3L8, NUCLEO-N657X0-Q, NUCLEO-U031R8, NUCLEO-U083RC, NUCLEO-U385RG-Q, NUCLEO-U545RE-Q, NUCLEO-U5A5ZJ-Q, NUCLEO-WB05KZ, NUCLEO-WB07CC, NUCLEO-WB09KE, NUCLEO-WBA52CG, NUCLEO-WBA55CG, NUCLEO-WL33CC1, NUCLEO-WL33CC2, STEVAL-PROTEUS1, STEVAL-SMARTAG2, STEVAL-STWINBX1, STM320518-EVAL, STM32C0116-DK, STM32C011D6Y3TR, STM32C011D6Y6TR, STM32C011F4P3, STM32C011F4P6, STM32C011F4U3, STM32C011F4U6TR, STM32C011F6P3, STM32C011F6P6, STM32C011F6U3, STM32C011F6U6TR, STM32C011J4M3, STM32C011J4M6, STM32C011J6M3, STM32C011J6M6, STM32C0316-DK, STM32C031C4T3, STM32C031C4T6, STM32C031C4U3, STM32C031C4U6, STM32C031C6T3, STM32C031C6T6, STM32C031C6U3, STM32C031C6U6, STM32C031F4P3, STM32C031F4P6, STM32C031F6P3, STM32C031F6P6, STM32C031G4U3, STM32C031G4U6, STM32C031G6U3, STM32C031G6U6, STM32C031K4T3, STM32C031K4T6, STM32C031K4U3, STM32C031K4U6, STM32C031K6T3, STM32C031K6T6, STM32C031K6U3, STM32C031K6U6, STM32C051C6T6, STM32C051C6U6, STM32C051C8T6, STM32C051C8U6, STM32C051D8Y6TR, STM32C051F6P6, STM32C051F8P6, STM32C051G6U6, STM32C051G8U6, STM32C051K6T6, STM32C051K6U6, STM32C051K8T6, STM32C071C8T6, STM32C071C8T6N, STM32C071C8U6, STM32C071C8U6N, STM32C071CBT6, STM32C071CBT6N, STM32C071CBU6, STM32C071CBU6N, STM32C071F8P6, STM32C071F8P6N, STM32C071FBP6, STM32C071FBP6N, STM32C071FBY6TR, STM32C071G8U6, STM32C071G8U6N, STM32C071GBU6, STM32C071GBU6N, STM32C071K8T6, STM32C071K8T6N, STM32C071K8U6, STM32C071K8U6N, STM32C071KBT6, STM32C071KBT6N, STM32C071KBU6, STM32C071KBU6N, STM32C071R8T6, STM32C071R8T6N, STM32C071RBI6N, STM32C071RBT6, STM32C071RBT6N, STM32C091CBT6, STM32C091CBU6, STM32C091CCT6, STM32C091CCU6, STM32C091ECY6TR, STM32C091FBP6, STM32C091FCP6, STM32C091GBU6, STM32C091GCU6, STM32C091KBT6, STM32C091KBU6, STM32C091KCT6, STM32C091KCU6, STM32C091RBT6, STM32C091RCI6, STM32C091RCT6, STM32C092CBT6, STM32C092CBU6, STM32C092CCT6, STM32C092CCU6, STM32C092ECY6TR, STM32C092FBP6, STM32C092FCP6, STM32C092GBU6, STM32C092GCU6, STM32C092KBT6, STM32C092KBU6, STM32C092KCT6, STM32C092KCU6, STM32C092RBT6, STM32C092RCI6, STM32C092RCT6, STM32G071K8TXN, STM32G071K8UXN, STM32G081GBU6N, STM32G081KBT6N, STM32G081KBUXN, STM32G0B1CCT6N, STM32G0B1KCT6, STM32G0B1NEY6TR, STM32G0B1RCT6N, STM32G0C1CCT6, STM32G0C1CCT6N, STM32G0C1CCU6N, STM32G0C1CET6N, STM32G0C1CEU6N, STM32G0C1KCT6, STM32G0C1NEY6TR, STM32G0C1RCI6N, STM32G0C1RCT6N, STM32G0C1REI6N, STM32G0C1RET6N, STM32G0C1VCI6, STM32G0C1VEI6, STM32G411C6T3, STM32G411C6T6, STM32G411C6U3, STM32G411C6U6, STM32G411C8T3, STM32G411C8T6, STM32G411C8U3, STM32G411C8U6, STM32G411CBT3, STM32G411CBT6, STM32G411CBU3, STM32G411CBU6, STM32G411K6T3, STM32G411K6T6, STM32G411K6U3, STM32G411K6U6, STM32G411K8T3, STM32G411K8T6, STM32G411K8U3, STM32G411K8U6, STM32G411KBT3, STM32G411KBT6, STM32G411KBU3, STM32G411KBU6, STM32G411M6T3, STM32G411M6T6, STM32G411M8T3, STM32G411M8T6, STM32G411MBT3, STM32G411MBT6, STM32G411R6T3, STM32G411R6T6, STM32G411R8T3, STM32G411R8T6, STM32G411RBT3, STM32G411RBT6, STM32G414CBT3, STM32G414CBT6, STM32G414CBU3, STM32G414CBU6, STM32G414CCT3, STM32G414CCT6, STM32G414CCU3, STM32G414CCU6, STM32G414MBT3, STM32G414MBT6, STM32G414MCT3, STM32G414MCT6, STM32G414RBT3, STM32G414RBT6, STM32G414RCT3, STM32G414RCT6, STM32G414VBT3, STM32G414VBT6, STM32G414VCT3, STM32G414VCT6, STM32G431CBT3Z, STM32G431RBT3Z, STM32G471CCT6, STM32G471CCU6, STM32G471CET3, STM32G471CET6, STM32G471CEU3, STM32G471CEU6, STM32G471MCT6, STM32G471MET3, STM32G471MET6, STM32G471MEY6TR, STM32G471QCT6, STM32G471QET3, STM32G471RCT6, STM32G471RET3, STM32G471RET6, STM32G471VCH6, STM32G471VCI6, STM32G471VCT6, STM32G471VEH3, STM32G471VEH6, STM32G471VEI3, STM32G471VEI6, STM32G471VET3, STM32G471VET6, STM32G473QET3Z, STM32G473RET3Z, STM32G474CCT6, STM32G491RET3Z, STM32H503CBT6, STM32H503CBU6, STM32H503EBY6TR, STM32H503KBU6, STM32H503RBT6, STM32H523CCT6, STM32H523CCU6, STM32H523CET6, STM32H523CEU6, STM32H523HEY6TR, STM32H523RCT6, STM32H523RET6, STM32H523VCI6, STM32H523VCT6, STM32H523VEI6, STM32H523VET6, STM32H523ZCJ6, STM32H523ZCT6, STM32H523ZEJ6, STM32H523ZET6, STM32H533CET6, STM32H533CEU6, STM32H533HEY6TR, STM32H533RET6, STM32H533VEI6, STM32H533VET6, STM32H533ZEJ6, STM32H533ZET6, STM32H562AGI6, STM32H562AII6, STM32H562IGK6, STM32H562IGT6, STM32H562IIK6, STM32H562IIT6, STM32H562RGT6, STM32H562RGV6, STM32H562RIT6, STM32H562RIV6, STM32H562VGT6, STM32H562VIT6, STM32H562ZGT6, STM32H562ZIT6, STM32H563AGI6, STM32H563AII3Q, STM32H563AII6, STM32H563IGK6, STM32H563IGT6, STM32H563IIK3Q, STM32H563IIK6, STM32H563IIT3Q, STM32H563IIT6, STM32H563MIY3QTR, STM32H563RGT6, STM32H563RGV6, STM32H563RIT6, STM32H563RIV6, STM32H563VGT6, STM32H563VIT3Q, STM32H563VIT6, STM32H563ZGT6, STM32H563ZIT3Q, STM32H563ZIT6, STM32H573AII3Q, STM32H573AII6, STM32H573I-DK, STM32H573IIK3Q, STM32H573IIK6, STM32H573IIT3Q, STM32H573IIT6, STM32H573MIY3QTR, STM32H573RIT6, STM32H573RIV6, STM32H573VIT3Q, STM32H573VIT6, STM32H573ZIT3Q, STM32H573ZIT6, STM32H7R3A8I6, STM32H7R3I8K6, STM32H7R3I8T6, STM32H7R3L8H6, STM32H7R3L8H6H, STM32H7R3R8V6, STM32H7R3V8H6, STM32H7R3V8T6, STM32H7R3V8Y6TR, STM32H7R3Z8J6, STM32H7R3Z8T6, STM32H7R7A8I6, STM32H7R7I8K6, STM32H7R7I8T6, STM32H7R7L8H6, STM32H7R7L8H6H, STM32H7R7Z8J6, STM32H7S3A8I6, STM32H7S3I8K6, STM32H7S3I8T6, STM32H7S3L8H6, STM32H7S3L8H6H, STM32H7S3R8V6, STM32H7S3V8H6, STM32H7S3V8T6, STM32H7S3V8Y6TR, STM32H7S3Z8J6, STM32H7S3Z8T6, STM32H7S78-DK, STM32H7S7A8I6, STM32H7S7I8K6, STM32H7S7I8T6, STM32H7S7L8H6, STM32H7S7L8H6H, STM32H7S7Z8J6, STM32L4R5QGI6STR, STM32MP131AAE3, STM32MP131AAF3, STM32MP131AAG3, STM32MP131CAE3, STM32MP131CAF3, STM32MP131CAG3, STM32MP131DAE7, STM32MP131DAF7, STM32MP131DAG7, STM32MP131FAE7, STM32MP131FAF7, STM32MP131FAG7, STM32MP133AAE3, STM32MP133AAF3, STM32MP133AAG3, STM32MP133CAE3, STM32MP133CAF3, STM32MP133CAG3, STM32MP133DAE7, STM32MP133DAF7, STM32MP133DAG7, STM32MP133FAE7, STM32MP133FAF7, STM32MP133FAG7, STM32MP135AAE3, STM32MP135AAF3, STM32MP135AAG3, STM32MP135CAE3, STM32MP135CAF3, STM32MP135CAG3, STM32MP135DAE7, STM32MP135DAF7, STM32MP135DAG7, STM32MP135F-DK, STM32MP135FAE7, STM32MP135FAF7, STM32MP135FAF7T, STM32MP135FAF7U, STM32MP135FAG7, STM32MP211AAL3, STM32MP211AAM3, STM32MP211AAN3, STM32MP211AAO3, STM32MP211CAL3, STM32MP211CAM3, STM32MP211CAN3, STM32MP211CAO3, STM32MP211DAL3, STM32MP211DAM3, STM32MP211DAN3, STM32MP211DAO3, STM32MP211FAL3, STM32MP211FAM3, STM32MP211FAN3, STM32MP211FAO3, STM32MP213AAL3, STM32MP213AAM3, STM32MP213AAN3, STM32MP213AAO3, STM32MP213CAL3, STM32MP213CAM3, STM32MP213CAN3, STM32MP213CAO3, STM32MP213DAL3, STM32MP213DAM3, STM32MP213DAN3, STM32MP213DAO3, STM32MP213FAL3, STM32MP213FAM3, STM32MP213FAN3, STM32MP213FAO3, STM32MP215AAL3, STM32MP215AAM3, STM32MP215AAN3, STM32MP215AAO3, STM32MP215CAL3, STM32MP215CAM3, STM32MP215CAN3, STM32MP215CAO3, STM32MP215DAL3, STM32MP215DAM3, STM32MP215DAN3, STM32MP215DAO3, STM32MP215F-DK, STM32MP215FAL3, STM32MP215FAM3, STM32MP215FAN3, STM32MP215FAO3, STM32MP231AAJ3, STM32MP231AAK3, STM32MP231AAL3, STM32MP231CAJ3, STM32MP231CAK3, STM32MP231CAL3, STM32MP231DAJ3, STM32MP231DAK3, STM32MP231DAL3, STM32MP231FAJ3, STM32MP231FAK3, STM32MP231FAL3, STM32MP233AAJ3, STM32MP233AAK3, STM32MP233AAL3, STM32MP233CAJ3, STM32MP233CAK3, STM32MP233CAL3, STM32MP233DAJ3, STM32MP233DAK3, STM32MP233DAL3, STM32MP233FAJ3, STM32MP233FAK3, STM32MP233FAL3, STM32MP235AAJ3, STM32MP235AAK3, STM32MP235AAL3, STM32MP235CAJ3, STM32MP235CAK3, STM32MP235CAL3, STM32MP235DAJ3, STM32MP235DAK3, STM32MP235DAL3, STM32MP235FAJ3, STM32MP235FAK3, STM32MP235FAL3, STM32MP251AAI3, STM32MP251AAK3, STM32MP251AAL3, STM32MP251CAI3, STM32MP251CAK3, STM32MP251CAL3, STM32MP251DAI3, STM32MP251DAK3, STM32MP251DAL3, STM32MP251FAI3, STM32MP251FAK3, STM32MP251FAL3, STM32MP253AAI3, STM32MP253AAK3, STM32MP253AAL3, STM32MP253CAI3, STM32MP253CAK3, STM32MP253CAL3, STM32MP253DAI3, STM32MP253DAK3, STM32MP253DAL3, STM32MP253FAI3, STM32MP253FAK3, STM32MP253FAL3, STM32MP255AAI3, STM32MP255AAK3, STM32MP255AAL3, STM32MP255CAI3, STM32MP255CAK3, STM32MP255CAL3, STM32MP255DAI3, STM32MP255DAK3, STM32MP255DAL3, STM32MP255FAI3, STM32MP255FAK3, STM32MP255FAL3, STM32MP257AAI3, STM32MP257AAK3, STM32MP257AAL3, STM32MP257CAI3, STM32MP257CAK3, STM32MP257CAL3, STM32MP257DAI3, STM32MP257DAK3, STM32MP257DAL3, STM32MP257F-DK, STM32MP257F-EV1, STM32MP257FAI3, STM32MP257FAK3, STM32MP257FAL3, STM32N645A0H3Q, STM32N645B0H3Q, STM32N645I0H3Q, STM32N645L0H3Q, STM32N645X0H3Q, STM32N645Z0H3Q, STM32N647A0H3Q, STM32N647B0H3Q, STM32N647I0H3Q, STM32N647L0H3Q, STM32N647X0H3Q, STM32N647Z0H3Q, STM32N655A0H3Q, STM32N655B0H3Q, STM32N655I0H3Q, STM32N655L0H3Q, STM32N655X0H3Q, STM32N655Z0H3Q, STM32N6570-DK, STM32N657A0H3Q, STM32N657B0H3Q, STM32N657I0H3Q, STM32N657L0H3Q, STM32N657X0H3Q, STM32N657Z0H3Q, STM32U031C6T6, STM32U031C6U6, STM32U031C8T6, STM32U031C8U6, STM32U031F4P6, STM32U031F6P6, STM32U031F8P6, STM32U031G6Y6TR, STM32U031G8Y6TR, STM32U031K4U6, STM32U031K6U6, STM32U031K8U6, STM32U031R6I6, STM32U031R6T6, STM32U031R8I6, STM32U031R8T6, STM32U073C8T6, STM32U073C8U6, STM32U073CBT6, STM32U073CBU6, STM32U073CCT6, STM32U073CCU6, STM32U073H8Y6TR, STM32U073HBY6TR, STM32U073HCY6TR, STM32U073K8U6, STM32U073KBU6, STM32U073KCU6, STM32U073M8I6, STM32U073M8T6, STM32U073MBI6, STM32U073MBT6, STM32U073MCI6, STM32U073MCT6, STM32U073R8I6, STM32U073R8T6, STM32U073RBI6, STM32U073RBT6, STM32U073RCI6, STM32U073RCT6, STM32U083C-DK, STM32U083CCT6, STM32U083CCU6, STM32U083HCY6TR, STM32U083KCU6, STM32U083MCI6, STM32U083MCT6, STM32U083RCI6, STM32U083RCT6, STM32U375CET6, STM32U375CET6Q, STM32U375CEU6, STM32U375CEU6Q, STM32U375CEY6QTR, STM32U375CGT6, STM32U375CGT6Q, STM32U375CGU6, STM32U375CGU6Q, STM32U375CGY6QTR, STM32U375KEU6, STM32U375KGU6, STM32U375REI6, STM32U375REI6Q, STM32U375RET6, STM32U375RET6Q, STM32U375REY6GTR, STM32U375REY6QTR, STM32U375RGI6, STM32U375RGI6Q, STM32U375RGT6, STM32U375RGT6Q, STM32U375RGY6GTR, STM32U375RGY6QTR, STM32U375VEI6, STM32U375VEI6Q, STM32U375VET6, STM32U375VET6Q, STM32U375VGI6, STM32U375VGI6Q, STM32U375VGT6, STM32U375VGT6Q, STM32U385CGT6, STM32U385CGT6Q, STM32U385CGU6, STM32U385CGU6Q, STM32U385CGY6QTR, STM32U385KGU6, STM32U385RGI6, STM32U385RGI6Q, STM32U385RGT6, STM32U385RGT6Q, STM32U385RGY6GTR, STM32U385RGY6QTR, STM32U385VGI6, STM32U385VGI6Q, STM32U385VGT6, STM32U385VGT6Q, STM32U535CBT6, STM32U535CBT6Q, STM32U535CBU6, STM32U535CBU6Q, STM32U535CCT6, STM32U535CCT6Q, STM32U535CCU6, STM32U535CCU6Q, STM32U535CET6, STM32U535CET6Q, STM32U535CEU6, STM32U535CEU6Q, STM32U535JEY6QTR, STM32U535NCY6QTR, STM32U535NEY6QTR, STM32U535RBI6, STM32U535RBI6Q, STM32U535RBT6, STM32U535RBT6Q, STM32U535RCI6, STM32U535RCI6Q, STM32U535RCT6, STM32U535RCT6Q, STM32U535REI6, STM32U535REI6Q, STM32U535RET6, STM32U535RET6Q, STM32U535VCI6, STM32U535VCI6Q, STM32U535VCT6, STM32U535VCT6Q, STM32U535VEI6, STM32U535VEI6Q, STM32U535VET6, STM32U535VET6Q, STM32U545CET6, STM32U545CET6Q, STM32U545CEU6, STM32U545CEU6Q, STM32U545JEY6QTR, STM32U545NEY6QTR, STM32U545REI6, STM32U545REI6Q, STM32U545RET6, STM32U545RET6Q, STM32U545VEI6, STM32U545VEI6Q, STM32U545VET6, STM32U545VET6Q, STM32U595AIH6, STM32U595AIH6Q, STM32U595AJH6, STM32U595AJH6Q, STM32U595QII6, STM32U595QII6Q, STM32U595QJI6, STM32U595QJI6Q, STM32U595RIT6, STM32U595RIT6Q, STM32U595RJT6, STM32U595RJT6Q, STM32U595VIT6, STM32U595VIT6Q, STM32U595VJT6, STM32U595VJT6Q, STM32U595ZIT6, STM32U595ZIT6Q, STM32U595ZIY6QTR, STM32U595ZJT6, STM32U595ZJT6Q, STM32U595ZJY6QTR, STM32U599BJY6QTR, STM32U599NIH6Q, STM32U599NJH6Q, STM32U599VIT6Q, STM32U599VJT6, STM32U599VJT6Q, STM32U599ZIT6Q, STM32U599ZIY6QTR, STM32U599ZJT6Q, STM32U599ZJY6QTR, STM32U5A5AJH6, STM32U5A5AJH6Q, STM32U5A5QII3Q , STM32U5A5QJI6, STM32U5A5QJI6Q, STM32U5A5RJT6, STM32U5A5RJT6Q, STM32U5A5VJT6, STM32U5A5VJT6Q, STM32U5A5ZJT6, STM32U5A5ZJT6Q, STM32U5A5ZJY6QTR, STM32U5A9BJY6QTR, STM32U5A9J-DK, STM32U5A9NJH6Q, STM32U5A9VJT6Q, STM32U5A9ZJT6Q, STM32U5A9ZJY6QTR, STM32U5F7VIT6, STM32U5F7VIT6Q, STM32U5F7VJT6, STM32U5F7VJT6Q, STM32U5F9BJY6QTR, STM32U5F9NJH6Q, STM32U5F9VIT6Q, STM32U5F9VJT6Q, STM32U5F9ZIJ6QTR, STM32U5F9ZIT6Q, STM32U5F9ZJJ6QTR, STM32U5F9ZJT6Q, STM32U5G7VJT6, STM32U5G7VJT6Q, STM32U5G9BJY6QTR, STM32U5G9J-DK1, STM32U5G9J-DK2, STM32U5G9NJH6Q, STM32U5G9VJT6Q, STM32U5G9ZJJ6QTR, STM32U5G9ZJT6Q, STM32WB05KZV6TR, STM32WB05KZV7TR, STM32WB05TZF6TR, STM32WB05TZF7TR, STM32WB06CCF6TR, STM32WB06CCF7TR, STM32WB06CCV6TR, STM32WB06CCV7TR, STM32WB06KCV6TR, STM32WB06KCV7TR, STM32WB07CCF6TR, STM32WB07CCF7TR, STM32WB07CCV6TR, STM32WB07CCV7TR, STM32WB07KCV6TR, STM32WB07KCV7TR, STM32WB09KEV6TR, STM32WB09KEV7TR, STM32WB09TEF6TR, STM32WB09TEF7TR, STM32WB1MMCH6, STM32WBA50KGU6, STM32WBA50KGU6TR, STM32WBA52CEU6, STM32WBA52CEU6TR, STM32WBA52CEU7, STM32WBA52CEU7TR, STM32WBA52CGU6, STM32WBA52CGU6TR, STM32WBA52CGU6U, STM32WBA52CGU7, STM32WBA52CGU7TR, STM32WBA52KEU6, STM32WBA52KEU6TR, STM32WBA52KGU6, STM32WBA52KGU6TR, STM32WBA54CEU6, STM32WBA54CEU6TR, STM32WBA54CEU7, STM32WBA54CEU7TR, STM32WBA54CGU6, STM32WBA54CGU6TR, STM32WBA54CGU7, STM32WBA54CGU7TR, STM32WBA54KEU6, STM32WBA54KEU6TR, STM32WBA54KEU7, STM32WBA54KEU7TR, STM32WBA54KGU6, STM32WBA54KGU6TR, STM32WBA54KGU7, STM32WBA54KGU7TR, STM32WBA55CEU6, STM32WBA55CEU6TR, STM32WBA55CEU7, STM32WBA55CEU7TR, STM32WBA55CGU6, STM32WBA55CGU6TR, STM32WBA55CGU6U, STM32WBA55CGU7, STM32WBA55CGU7TR, STM32WBA55G-DK1, STM32WBA55HEF6, STM32WBA55HEF7, STM32WBA55HGF6, STM32WBA55HGF7, STM32WBA55UEI6, STM32WBA55UEI6TR, STM32WBA55UEI7, STM32WBA55UEI7TR, STM32WBA55UGI6, STM32WBA55UGI6TR, STM32WBA55UGI7, STM32WBA55UGI7TR, STM32WBA5MMGH6TR, STM32WBA62MGF6, STM32WBA62MIF6, STM32WBA65MGF7, STM32WBA65MIF6, STM32WBA65MIF7, STM32WL30K8V6, STM32WL30KBV6, STM32WL31C8V6, STM32WL31CBV6, STM32WL31K8V6, STM32WL31KBV6, STM32WL33C8V6, STM32WL33C8V6X, STM32WL33CBV6, STM32WL33CBV6X, STM32WL33CCV6, STM32WL33CCV6A, STM32WL33CCV6X, STM32WL33K8V7, STM32WL33K8V7X, STM32WL33KBV7 , STM32WL33KBV7X, STM32WL33KCV7, STM32WL33KCV7X, STM32WL5MOCH6, STM32WL5MOCH6TR]
2025-10-18 13:41:32,530 [INFO] DbMcus:218 - Found 4801 MCUs, 4801 are supported
2025-10-18 13:41:32,531 [INFO] ApiDb:423 - Load user favorites file /Users/jeremyniu/.stm32cubeide/favorites.mcus.txt: 0 item(s)
2025-10-18 13:41:32,531 [INFO] ApiDb:427 - User favorites MCUs=[]
2025-10-18 13:41:32,531 [INFO] DbMcus:224 - Set 0 / 0 favorites MCUs
2025-10-18 13:41:33,035 [INFO] ApiDb:448 - Save user favorites file /Users/jeremyniu/.stm32cubeide/favorites.boards.txt: 0 item(s)
2025-10-18 13:41:33,035 [INFO] ApiDb:452 - User favorites Boards=[]
2025-10-18 13:41:33,037 [INFO] ApiDb:581 - Connected to CubeFinder SQLite database (/Users/jeremyniu/.stmcufinder/plugins/mcufinder/mcu/cube-finder-db.db)
2025-10-18 13:41:33,091 [INFO] ApiDb:668 - CubeFinder database Data Model version=2.1
2025-10-18 13:41:33,091 [INFO] ApiDb:669 - CubeFinder database Configuration version=3.0.39
2025-10-18 13:41:33,092 [INFO] ApiDb:670 - CubeFinder database generation date=2025-08-25 (1756130511)
2025-10-18 13:41:33,092 [INFO] ApiDb:671 - CubeFinder database FW Pack versions=[FP-ATR-ASTRA1_V2.0.0, FP-SNS-FLIGHT1_V5.1.0, FP-SNS-MOTENV1_V5.0.0, FP-SNS-MOTENVWB1_V1.4.0, FP-SNS-SMARTAG2_V1.2.0, FP-SNS-STBOX1_V2.1.0, STM32Cube_FW_C0_V1.4.0, STM32Cube_FW_F4_V1.28.3, STM32Cube_FW_F7_V1.17.4, STM32Cube_FW_G0_V1.6.2, STM32Cube_FW_G4_V1.6.1, STM32Cube_FW_H5_V1.5.0, STM32Cube_FW_H7RS_V1.2.0, STM32Cube_FW_H7_V1.12.1, STM32Cube_FW_L0_V1.12.2, STM32Cube_FW_L4_V1.18.1, STM32Cube_FW_L5_V1.5.1, STM32Cube_FW_N6_V1.2.0, STM32Cube_FW_U0_V1.3.0, STM32Cube_FW_U3_V1.2.0, STM32Cube_FW_U5_V1.8.0, STM32Cube_FW_WB0_V1.3.0, STM32Cube_FW_WBA_V1.7.0, STM32Cube_FW_WB_V1.23.0, STM32Cube_FW_WL3_V1.2.0, STM32Cube_FW_WL_V1.3.1, X-CUBE-ALGOBUILD_V1.4.0, X-CUBE-ALS_V1.0.2, X-CUBE-AZRTOS-F4_V1.1.0, X-CUBE-AZRTOS-F7_V1.1.0, X-CUBE-AZRTOS-G0_V1.1.0, X-CUBE-AZRTOS-G4_V2.0.0, X-CUBE-AZRTOS-H7RS_V1.1.0, X-CUBE-AZRTOS-H7_V3.4.0, X-CUBE-AZRTOS-L4_V2.0.0, X-CUBE-AZRTOS-L5_V2.0.0, X-CUBE-AZRTOS-WB_V2.0.0, X-CUBE-AZRTOS-WL_V2.0.0, X-CUBE-BLE1_V7.1.0, X-CUBE-BLE2_V3.3.0, X-CUBE-BLEMGR_V4.1.0, X-CUBE-EEPRMA1_V5.2.0, X-CUBE-FREERTOS_V1.3.1, X-CUBE-GNSS1_V6.0.0, X-CUBE-MEMS1_V11.3.0, X-CUBE-NFC4_V3.0.0, X-CUBE-NFC7_V2.0.0, X-CUBE-SFXS2LP1_V4.0.0, X-CUBE-ST67W61_V1.0.0, X-CUBE-SUBG2_V5.0.0, X-CUBE-TOF1_V3.4.3]
2025-10-18 13:41:33,132 [INFO] DbBoardsSqlite:226 - include board P-NUCLEO-WB55-NUCLEO as a kit item of type 'Nucleo-64'
2025-10-18 13:41:33,132 [INFO] DbBoardsSqlite:226 - include board P-NUCLEO-WB55-USBDONGLE as a kit item of type 'Nucleo USB Dongle'
2025-10-18 13:41:33,133 [INFO] DbBoardsSqlite:226 - include board STEVAL-IDP005V1 as a kit item of type 'Evaluation Board'
2025-10-18 13:41:33,133 [INFO] DbBoardsSqlite:226 - include board STEVAL-IDP005V2 as a kit item of type 'Evaluation Board'
2025-10-18 13:41:33,171 [INFO] ApiDb:240 - Found 880 in-development CPN: [B-G473E-ZEST1S, B-WB1M-WPAN1, B-WBA5M-WPAN, B-WL5M-SUBG1, NUCLEO-C031C6, NUCLEO-C051C8, NUCLEO-C071RB, NUCLEO-C092RC, NUCLEO-H503RB, NUCLEO-H533RE, NUCLEO-H563ZI, NUCLEO-H7S3L8, NUCLEO-N657X0-Q, NUCLEO-U031R8, NUCLEO-U083RC, NUCLEO-U385RG-Q, NUCLEO-U545RE-Q, NUCLEO-U5A5ZJ-Q, NUCLEO-WB05KZ, NUCLEO-WB07CC, NUCLEO-WB09KE, NUCLEO-WBA52CG, NUCLEO-WBA55CG, NUCLEO-WL33CC1, NUCLEO-WL33CC2, STEVAL-PROTEUS1, STEVAL-SMARTAG2, STEVAL-STWINBX1, STM320518-EVAL, STM32C0116-DK, STM32C011D6Y3TR, STM32C011D6Y6TR, STM32C011F4P3, STM32C011F4P6, STM32C011F4U3, STM32C011F4U6TR, STM32C011F6P3, STM32C011F6P6, STM32C011F6U3, STM32C011F6U6TR, STM32C011J4M3, STM32C011J4M6, STM32C011J6M3, STM32C011J6M6, STM32C0316-DK, STM32C031C4T3, STM32C031C4T6, STM32C031C4U3, STM32C031C4U6, STM32C031C6T3, STM32C031C6T6, STM32C031C6U3, STM32C031C6U6, STM32C031F4P3, STM32C031F4P6, STM32C031F6P3, STM32C031F6P6, STM32C031G4U3, STM32C031G4U6, STM32C031G6U3, STM32C031G6U6, STM32C031K4T3, STM32C031K4T6, STM32C031K4U3, STM32C031K4U6, STM32C031K6T3, STM32C031K6T6, STM32C031K6U3, STM32C031K6U6, STM32C051C6T6, STM32C051C6U6, STM32C051C8T6, STM32C051C8U6, STM32C051D8Y6TR, STM32C051F6P6, STM32C051F8P6, STM32C051G6U6, STM32C051G8U6, STM32C051K6T6, STM32C051K6U6, STM32C051K8T6, STM32C071C8T6, STM32C071C8T6N, STM32C071C8U6, STM32C071C8U6N, STM32C071CBT6, STM32C071CBT6N, STM32C071CBU6, STM32C071CBU6N, STM32C071F8P6, STM32C071F8P6N, STM32C071FBP6, STM32C071FBP6N, STM32C071FBY6TR, STM32C071G8U6, STM32C071G8U6N, STM32C071GBU6, STM32C071GBU6N, STM32C071K8T6, STM32C071K8T6N, STM32C071K8U6, STM32C071K8U6N, STM32C071KBT6, STM32C071KBT6N, STM32C071KBU6, STM32C071KBU6N, STM32C071R8T6, STM32C071R8T6N, STM32C071RBI6N, STM32C071RBT6, STM32C071RBT6N, STM32C091CBT6, STM32C091CBU6, STM32C091CCT6, STM32C091CCU6, STM32C091ECY6TR, STM32C091FBP6, STM32C091FCP6, STM32C091GBU6, STM32C091GCU6, STM32C091KBT6, STM32C091KBU6, STM32C091KCT6, STM32C091KCU6, STM32C091RBT6, STM32C091RCI6, STM32C091RCT6, STM32C092CBT6, STM32C092CBU6, STM32C092CCT6, STM32C092CCU6, STM32C092ECY6TR, STM32C092FBP6, STM32C092FCP6, STM32C092GBU6, STM32C092GCU6, STM32C092KBT6, STM32C092KBU6, STM32C092KCT6, STM32C092KCU6, STM32C092RBT6, STM32C092RCI6, STM32C092RCT6, STM32G071K8TXN, STM32G071K8UXN, STM32G081GBU6N, STM32G081KBT6N, STM32G081KBUXN, STM32G0B1CCT6N, STM32G0B1KCT6, STM32G0B1NEY6TR, STM32G0B1RCT6N, STM32G0C1CCT6, STM32G0C1CCT6N, STM32G0C1CCU6N, STM32G0C1CET6N, STM32G0C1CEU6N, STM32G0C1KCT6, STM32G0C1NEY6TR, STM32G0C1RCI6N, STM32G0C1RCT6N, STM32G0C1REI6N, STM32G0C1RET6N, STM32G0C1VCI6, STM32G0C1VEI6, STM32G411C6T3, STM32G411C6T6, STM32G411C6U3, STM32G411C6U6, STM32G411C8T3, STM32G411C8T6, STM32G411C8U3, STM32G411C8U6, STM32G411CBT3, STM32G411CBT6, STM32G411CBU3, STM32G411CBU6, STM32G411K6T3, STM32G411K6T6, STM32G411K6U3, STM32G411K6U6, STM32G411K8T3, STM32G411K8T6, STM32G411K8U3, STM32G411K8U6, STM32G411KBT3, STM32G411KBT6, STM32G411KBU3, STM32G411KBU6, STM32G411M6T3, STM32G411M6T6, STM32G411M8T3, STM32G411M8T6, STM32G411MBT3, STM32G411MBT6, STM32G411R6T3, STM32G411R6T6, STM32G411R8T3, STM32G411R8T6, STM32G411RBT3, STM32G411RBT6, STM32G414CBT3, STM32G414CBT6, STM32G414CBU3, STM32G414CBU6, STM32G414CCT3, STM32G414CCT6, STM32G414CCU3, STM32G414CCU6, STM32G414MBT3, STM32G414MBT6, STM32G414MCT3, STM32G414MCT6, STM32G414RBT3, STM32G414RBT6, STM32G414RCT3, STM32G414RCT6, STM32G414VBT3, STM32G414VBT6, STM32G414VCT3, STM32G414VCT6, STM32G431CBT3Z, STM32G431RBT3Z, STM32G471CCT6, STM32G471CCU6, STM32G471CET3, STM32G471CET6, STM32G471CEU3, STM32G471CEU6, STM32G471MCT6, STM32G471MET3, STM32G471MET6, STM32G471MEY6TR, STM32G471QCT6, STM32G471QET3, STM32G471RCT6, STM32G471RET3, STM32G471RET6, STM32G471VCH6, STM32G471VCI6, STM32G471VCT6, STM32G471VEH3, STM32G471VEH6, STM32G471VEI3, STM32G471VEI6, STM32G471VET3, STM32G471VET6, STM32G473QET3Z, STM32G473RET3Z, STM32G474CCT6, STM32G491RET3Z, STM32H503CBT6, STM32H503CBU6, STM32H503EBY6TR, STM32H503KBU6, STM32H503RBT6, STM32H523CCT6, STM32H523CCU6, STM32H523CET6, STM32H523CEU6, STM32H523HEY6TR, STM32H523RCT6, STM32H523RET6, STM32H523VCI6, STM32H523VCT6, STM32H523VEI6, STM32H523VET6, STM32H523ZCJ6, STM32H523ZCT6, STM32H523ZEJ6, STM32H523ZET6, STM32H533CET6, STM32H533CEU6, STM32H533HEY6TR, STM32H533RET6, STM32H533VEI6, STM32H533VET6, STM32H533ZEJ6, STM32H533ZET6, STM32H562AGI6, STM32H562AII6, STM32H562IGK6, STM32H562IGT6, STM32H562IIK6, STM32H562IIT6, STM32H562RGT6, STM32H562RGV6, STM32H562RIT6, STM32H562RIV6, STM32H562VGT6, STM32H562VIT6, STM32H562ZGT6, STM32H562ZIT6, STM32H563AGI6, STM32H563AII3Q, STM32H563AII6, STM32H563IGK6, STM32H563IGT6, STM32H563IIK3Q, STM32H563IIK6, STM32H563IIT3Q, STM32H563IIT6, STM32H563MIY3QTR, STM32H563RGT6, STM32H563RGV6, STM32H563RIT6, STM32H563RIV6, STM32H563VGT6, STM32H563VIT3Q, STM32H563VIT6, STM32H563ZGT6, STM32H563ZIT3Q, STM32H563ZIT6, STM32H573AII3Q, STM32H573AII6, STM32H573I-DK, STM32H573IIK3Q, STM32H573IIK6, STM32H573IIT3Q, STM32H573IIT6, STM32H573MIY3QTR, STM32H573RIT6, STM32H573RIV6, STM32H573VIT3Q, STM32H573VIT6, STM32H573ZIT3Q, STM32H573ZIT6, STM32H7R3A8I6, STM32H7R3I8K6, STM32H7R3I8T6, STM32H7R3L8H6, STM32H7R3L8H6H, STM32H7R3R8V6, STM32H7R3V8H6, STM32H7R3V8T6, STM32H7R3V8Y6TR, STM32H7R3Z8J6, STM32H7R3Z8T6, STM32H7R7A8I6, STM32H7R7I8K6, STM32H7R7I8T6, STM32H7R7L8H6, STM32H7R7L8H6H, STM32H7R7Z8J6, STM32H7S3A8I6, STM32H7S3I8K6, STM32H7S3I8T6, STM32H7S3L8H6, STM32H7S3L8H6H, STM32H7S3R8V6, STM32H7S3V8H6, STM32H7S3V8T6, STM32H7S3V8Y6TR, STM32H7S3Z8J6, STM32H7S3Z8T6, STM32H7S78-DK, STM32H7S7A8I6, STM32H7S7I8K6, STM32H7S7I8T6, STM32H7S7L8H6, STM32H7S7L8H6H, STM32H7S7Z8J6, STM32L4R5QGI6STR, STM32MP131AAE3, STM32MP131AAF3, STM32MP131AAG3, STM32MP131CAE3, STM32MP131CAF3, STM32MP131CAG3, STM32MP131DAE7, STM32MP131DAF7, STM32MP131DAG7, STM32MP131FAE7, STM32MP131FAF7, STM32MP131FAG7, STM32MP133AAE3, STM32MP133AAF3, STM32MP133AAG3, STM32MP133CAE3, STM32MP133CAF3, STM32MP133CAG3, STM32MP133DAE7, STM32MP133DAF7, STM32MP133DAG7, STM32MP133FAE7, STM32MP133FAF7, STM32MP133FAG7, STM32MP135AAE3, STM32MP135AAF3, STM32MP135AAG3, STM32MP135CAE3, STM32MP135CAF3, STM32MP135CAG3, STM32MP135DAE7, STM32MP135DAF7, STM32MP135DAG7, STM32MP135F-DK, STM32MP135FAE7, STM32MP135FAF7, STM32MP135FAF7T, STM32MP135FAF7U, STM32MP135FAG7, STM32MP211AAL3, STM32MP211AAM3, STM32MP211AAN3, STM32MP211AAO3, STM32MP211CAL3, STM32MP211CAM3, STM32MP211CAN3, STM32MP211CAO3, STM32MP211DAL3, STM32MP211DAM3, STM32MP211DAN3, STM32MP211DAO3, STM32MP211FAL3, STM32MP211FAM3, STM32MP211FAN3, STM32MP211FAO3, STM32MP213AAL3, STM32MP213AAM3, STM32MP213AAN3, STM32MP213AAO3, STM32MP213CAL3, STM32MP213CAM3, STM32MP213CAN3, STM32MP213CAO3, STM32MP213DAL3, STM32MP213DAM3, STM32MP213DAN3, STM32MP213DAO3, STM32MP213FAL3, STM32MP213FAM3, STM32MP213FAN3, STM32MP213FAO3, STM32MP215AAL3, STM32MP215AAM3, STM32MP215AAN3, STM32MP215AAO3, STM32MP215CAL3, STM32MP215CAM3, STM32MP215CAN3, STM32MP215CAO3, STM32MP215DAL3, STM32MP215DAM3, STM32MP215DAN3, STM32MP215DAO3, STM32MP215F-DK, STM32MP215FAL3, STM32MP215FAM3, STM32MP215FAN3, STM32MP215FAO3, STM32MP231AAJ3, STM32MP231AAK3, STM32MP231AAL3, STM32MP231CAJ3, STM32MP231CAK3, STM32MP231CAL3, STM32MP231DAJ3, STM32MP231DAK3, STM32MP231DAL3, STM32MP231FAJ3, STM32MP231FAK3, STM32MP231FAL3, STM32MP233AAJ3, STM32MP233AAK3, STM32MP233AAL3, STM32MP233CAJ3, STM32MP233CAK3, STM32MP233CAL3, STM32MP233DAJ3, STM32MP233DAK3, STM32MP233DAL3, STM32MP233FAJ3, STM32MP233FAK3, STM32MP233FAL3, STM32MP235AAJ3, STM32MP235AAK3, STM32MP235AAL3, STM32MP235CAJ3, STM32MP235CAK3, STM32MP235CAL3, STM32MP235DAJ3, STM32MP235DAK3, STM32MP235DAL3, STM32MP235FAJ3, STM32MP235FAK3, STM32MP235FAL3, STM32MP251AAI3, STM32MP251AAK3, STM32MP251AAL3, STM32MP251CAI3, STM32MP251CAK3, STM32MP251CAL3, STM32MP251DAI3, STM32MP251DAK3, STM32MP251DAL3, STM32MP251FAI3, STM32MP251FAK3, STM32MP251FAL3, STM32MP253AAI3, STM32MP253AAK3, STM32MP253AAL3, STM32MP253CAI3, STM32MP253CAK3, STM32MP253CAL3, STM32MP253DAI3, STM32MP253DAK3, STM32MP253DAL3, STM32MP253FAI3, STM32MP253FAK3, STM32MP253FAL3, STM32MP255AAI3, STM32MP255AAK3, STM32MP255AAL3, STM32MP255CAI3, STM32MP255CAK3, STM32MP255CAL3, STM32MP255DAI3, STM32MP255DAK3, STM32MP255DAL3, STM32MP255FAI3, STM32MP255FAK3, STM32MP255FAL3, STM32MP257AAI3, STM32MP257AAK3, STM32MP257AAL3, STM32MP257CAI3, STM32MP257CAK3, STM32MP257CAL3, STM32MP257DAI3, STM32MP257DAK3, STM32MP257DAL3, STM32MP257F-DK, STM32MP257F-EV1, STM32MP257FAI3, STM32MP257FAK3, STM32MP257FAL3, STM32N645A0H3Q, STM32N645B0H3Q, STM32N645I0H3Q, STM32N645L0H3Q, STM32N645X0H3Q, STM32N645Z0H3Q, STM32N647A0H3Q, STM32N647B0H3Q, STM32N647I0H3Q, STM32N647L0H3Q, STM32N647X0H3Q, STM32N647Z0H3Q, STM32N655A0H3Q, STM32N655B0H3Q, STM32N655I0H3Q, STM32N655L0H3Q, STM32N655X0H3Q, STM32N655Z0H3Q, STM32N6570-DK, STM32N657A0H3Q, STM32N657B0H3Q, STM32N657I0H3Q, STM32N657L0H3Q, STM32N657X0H3Q, STM32N657Z0H3Q, STM32U031C6T6, STM32U031C6U6, STM32U031C8T6, STM32U031C8U6, STM32U031F4P6, STM32U031F6P6, STM32U031F8P6, STM32U031G6Y6TR, STM32U031G8Y6TR, STM32U031K4U6, STM32U031K6U6, STM32U031K8U6, STM32U031R6I6, STM32U031R6T6, STM32U031R8I6, STM32U031R8T6, STM32U073C8T6, STM32U073C8U6, STM32U073CBT6, STM32U073CBU6, STM32U073CCT6, STM32U073CCU6, STM32U073H8Y6TR, STM32U073HBY6TR, STM32U073HCY6TR, STM32U073K8U6, STM32U073KBU6, STM32U073KCU6, STM32U073M8I6, STM32U073M8T6, STM32U073MBI6, STM32U073MBT6, STM32U073MCI6, STM32U073MCT6, STM32U073R8I6, STM32U073R8T6, STM32U073RBI6, STM32U073RBT6, STM32U073RCI6, STM32U073RCT6, STM32U083C-DK, STM32U083CCT6, STM32U083CCU6, STM32U083HCY6TR, STM32U083KCU6, STM32U083MCI6, STM32U083MCT6, STM32U083RCI6, STM32U083RCT6, STM32U375CET6, STM32U375CET6Q, STM32U375CEU6, STM32U375CEU6Q, STM32U375CEY6QTR, STM32U375CGT6, STM32U375CGT6Q, STM32U375CGU6, STM32U375CGU6Q, STM32U375CGY6QTR, STM32U375KEU6, STM32U375KGU6, STM32U375REI6, STM32U375REI6Q, STM32U375RET6, STM32U375RET6Q, STM32U375REY6GTR, STM32U375REY6QTR, STM32U375RGI6, STM32U375RGI6Q, STM32U375RGT6, STM32U375RGT6Q, STM32U375RGY6GTR, STM32U375RGY6QTR, STM32U375VEI6, STM32U375VEI6Q, STM32U375VET6, STM32U375VET6Q, STM32U375VGI6, STM32U375VGI6Q, STM32U375VGT6, STM32U375VGT6Q, STM32U385CGT6, STM32U385CGT6Q, STM32U385CGU6, STM32U385CGU6Q, STM32U385CGY6QTR, STM32U385KGU6, STM32U385RGI6, STM32U385RGI6Q, STM32U385RGT6, STM32U385RGT6Q, STM32U385RGY6GTR, STM32U385RGY6QTR, STM32U385VGI6, STM32U385VGI6Q, STM32U385VGT6, STM32U385VGT6Q, STM32U535CBT6, STM32U535CBT6Q, STM32U535CBU6, STM32U535CBU6Q, STM32U535CCT6, STM32U535CCT6Q, STM32U535CCU6, STM32U535CCU6Q, STM32U535CET6, STM32U535CET6Q, STM32U535CEU6, STM32U535CEU6Q, STM32U535JEY6QTR, STM32U535NCY6QTR, STM32U535NEY6QTR, STM32U535RBI6, STM32U535RBI6Q, STM32U535RBT6, STM32U535RBT6Q, STM32U535RCI6, STM32U535RCI6Q, STM32U535RCT6, STM32U535RCT6Q, STM32U535REI6, STM32U535REI6Q, STM32U535RET6, STM32U535RET6Q, STM32U535VCI6, STM32U535VCI6Q, STM32U535VCT6, STM32U535VCT6Q, STM32U535VEI6, STM32U535VEI6Q, STM32U535VET6, STM32U535VET6Q, STM32U545CET6, STM32U545CET6Q, STM32U545CEU6, STM32U545CEU6Q, STM32U545JEY6QTR, STM32U545NEY6QTR, STM32U545REI6, STM32U545REI6Q, STM32U545RET6, STM32U545RET6Q, STM32U545VEI6, STM32U545VEI6Q, STM32U545VET6, STM32U545VET6Q, STM32U595AIH6, STM32U595AIH6Q, STM32U595AJH6, STM32U595AJH6Q, STM32U595QII6, STM32U595QII6Q, STM32U595QJI6, STM32U595QJI6Q, STM32U595RIT6, STM32U595RIT6Q, STM32U595RJT6, STM32U595RJT6Q, STM32U595VIT6, STM32U595VIT6Q, STM32U595VJT6, STM32U595VJT6Q, STM32U595ZIT6, STM32U595ZIT6Q, STM32U595ZIY6QTR, STM32U595ZJT6, STM32U595ZJT6Q, STM32U595ZJY6QTR, STM32U599BJY6QTR, STM32U599NIH6Q, STM32U599NJH6Q, STM32U599VIT6Q, STM32U599VJT6, STM32U599VJT6Q, STM32U599ZIT6Q, STM32U599ZIY6QTR, STM32U599ZJT6Q, STM32U599ZJY6QTR, STM32U5A5AJH6, STM32U5A5AJH6Q, STM32U5A5QII3Q , STM32U5A5QJI6, STM32U5A5QJI6Q, STM32U5A5RJT6, STM32U5A5RJT6Q, STM32U5A5VJT6, STM32U5A5VJT6Q, STM32U5A5ZJT6, STM32U5A5ZJT6Q, STM32U5A5ZJY6QTR, STM32U5A9BJY6QTR, STM32U5A9J-DK, STM32U5A9NJH6Q, STM32U5A9VJT6Q, STM32U5A9ZJT6Q, STM32U5A9ZJY6QTR, STM32U5F7VIT6, STM32U5F7VIT6Q, STM32U5F7VJT6, STM32U5F7VJT6Q, STM32U5F9BJY6QTR, STM32U5F9NJH6Q, STM32U5F9VIT6Q, STM32U5F9VJT6Q, STM32U5F9ZIJ6QTR, STM32U5F9ZIT6Q, STM32U5F9ZJJ6QTR, STM32U5F9ZJT6Q, STM32U5G7VJT6, STM32U5G7VJT6Q, STM32U5G9BJY6QTR, STM32U5G9J-DK1, STM32U5G9J-DK2, STM32U5G9NJH6Q, STM32U5G9VJT6Q, STM32U5G9ZJJ6QTR, STM32U5G9ZJT6Q, STM32WB05KZV6TR, STM32WB05KZV7TR, STM32WB05TZF6TR, STM32WB05TZF7TR, STM32WB06CCF6TR, STM32WB06CCF7TR, STM32WB06CCV6TR, STM32WB06CCV7TR, STM32WB06KCV6TR, STM32WB06KCV7TR, STM32WB07CCF6TR, STM32WB07CCF7TR, STM32WB07CCV6TR, STM32WB07CCV7TR, STM32WB07KCV6TR, STM32WB07KCV7TR, STM32WB09KEV6TR, STM32WB09KEV7TR, STM32WB09TEF6TR, STM32WB09TEF7TR, STM32WB1MMCH6, STM32WBA50KGU6, STM32WBA50KGU6TR, STM32WBA52CEU6, STM32WBA52CEU6TR, STM32WBA52CEU7, STM32WBA52CEU7TR, STM32WBA52CGU6, STM32WBA52CGU6TR, STM32WBA52CGU6U, STM32WBA52CGU7, STM32WBA52CGU7TR, STM32WBA52KEU6, STM32WBA52KEU6TR, STM32WBA52KGU6, STM32WBA52KGU6TR, STM32WBA54CEU6, STM32WBA54CEU6TR, STM32WBA54CEU7, STM32WBA54CEU7TR, STM32WBA54CGU6, STM32WBA54CGU6TR, STM32WBA54CGU7, STM32WBA54CGU7TR, STM32WBA54KEU6, STM32WBA54KEU6TR, STM32WBA54KEU7, STM32WBA54KEU7TR, STM32WBA54KGU6, STM32WBA54KGU6TR, STM32WBA54KGU7, STM32WBA54KGU7TR, STM32WBA55CEU6, STM32WBA55CEU6TR, STM32WBA55CEU7, STM32WBA55CEU7TR, STM32WBA55CGU6, STM32WBA55CGU6TR, STM32WBA55CGU6U, STM32WBA55CGU7, STM32WBA55CGU7TR, STM32WBA55G-DK1, STM32WBA55HEF6, STM32WBA55HEF7, STM32WBA55HGF6, STM32WBA55HGF7, STM32WBA55UEI6, STM32WBA55UEI6TR, STM32WBA55UEI7, STM32WBA55UEI7TR, STM32WBA55UGI6, STM32WBA55UGI6TR, STM32WBA55UGI7, STM32WBA55UGI7TR, STM32WBA5MMGH6TR, STM32WBA62MGF6, STM32WBA62MIF6, STM32WBA65MGF7, STM32WBA65MIF6, STM32WBA65MIF7, STM32WL30K8V6, STM32WL30KBV6, STM32WL31C8V6, STM32WL31CBV6, STM32WL31K8V6, STM32WL31KBV6, STM32WL33C8V6, STM32WL33C8V6X, STM32WL33CBV6, STM32WL33CBV6X, STM32WL33CCV6, STM32WL33CCV6A, STM32WL33CCV6X, STM32WL33K8V7, STM32WL33K8V7X, STM32WL33KBV7 , STM32WL33KBV7X, STM32WL33KCV7, STM32WL33KCV7X, STM32WL5MOCH6, STM32WL5MOCH6TR]
2025-10-18 13:41:33,315 [INFO] BoardInfo:889 - No configuration file found for board P-NUCLEO-WB55
2025-10-18 13:41:33,315 [INFO] DbBoards:161 - Kit is not supported: P-NUCLEO-WB55
2025-10-18 13:41:33,321 [INFO] BoardInfo:889 - No configuration file found for board STEVAL-BFA001V1B
2025-10-18 13:41:33,321 [INFO] DbBoards:161 - Kit is not supported: STEVAL-BFA001V1B
2025-10-18 13:41:33,323 [INFO] BoardInfo:889 - No configuration file found for board STEVAL-BFA001V2B
2025-10-18 13:41:33,323 [INFO] DbBoards:161 - Kit is not supported: STEVAL-BFA001V2B
2025-10-18 13:41:33,448 [INFO] DbBoards:168 - Found 212 boards, 209 are supported
2025-10-18 13:41:33,449 [INFO] DbBoards:169 - Found 212 boards, 43 of them is supported for  Bsp
2025-10-18 13:41:33,451 [INFO] ApiDb:423 - Load user favorites file /Users/jeremyniu/.stm32cubeide/favorites.boards.txt: 0 item(s)
2025-10-18 13:41:33,451 [INFO] ApiDb:427 - User favorites Boards=[]
2025-10-18 13:41:33,451 [INFO] DbBoards:198 - Set 0 / 0 favorites Boards
2025-10-18 13:41:33,680 [INFO] ServerAccessManage:452 - Complete download http(s) 200
2025-10-18 13:41:33,680 [INFO] ServerAccessManage:509 - Download File 
2025-10-18 13:41:33,712 [INFO] LoadUrlFilesThread:185 - End of LoadServerUrlFiles without Thread
2025-10-18 13:41:33,713 [INFO] TargetSelectorAdapter:259 - Refresh data is successful
2025-10-18 13:41:33,716 [INFO] ApiDb:668 - CubeFinder database Data Model version=2.1
2025-10-18 13:41:33,716 [INFO] ApiDb:669 - CubeFinder database Configuration version=3.0.39
2025-10-18 13:41:33,716 [INFO] ApiDb:670 - CubeFinder database generation date=2025-08-25 (1756130511)
2025-10-18 13:41:33,716 [INFO] ApiDb:671 - CubeFinder database FW Pack versions=[FP-ATR-ASTRA1_V2.0.0, FP-SNS-FLIGHT1_V5.1.0, FP-SNS-MOTENV1_V5.0.0, FP-SNS-MOTENVWB1_V1.4.0, FP-SNS-SMARTAG2_V1.2.0, FP-SNS-STBOX1_V2.1.0, STM32Cube_FW_C0_V1.4.0, STM32Cube_FW_F4_V1.28.3, STM32Cube_FW_F7_V1.17.4, STM32Cube_FW_G0_V1.6.2, STM32Cube_FW_G4_V1.6.1, STM32Cube_FW_H5_V1.5.0, STM32Cube_FW_H7RS_V1.2.0, STM32Cube_FW_H7_V1.12.1, STM32Cube_FW_L0_V1.12.2, STM32Cube_FW_L4_V1.18.1, STM32Cube_FW_L5_V1.5.1, STM32Cube_FW_N6_V1.2.0, STM32Cube_FW_U0_V1.3.0, STM32Cube_FW_U3_V1.2.0, STM32Cube_FW_U5_V1.8.0, STM32Cube_FW_WB0_V1.3.0, STM32Cube_FW_WBA_V1.7.0, STM32Cube_FW_WB_V1.23.0, STM32Cube_FW_WL3_V1.2.0, STM32Cube_FW_WL_V1.3.1, X-CUBE-ALGOBUILD_V1.4.0, X-CUBE-ALS_V1.0.2, X-CUBE-AZRTOS-F4_V1.1.0, X-CUBE-AZRTOS-F7_V1.1.0, X-CUBE-AZRTOS-G0_V1.1.0, X-CUBE-AZRTOS-G4_V2.0.0, X-CUBE-AZRTOS-H7RS_V1.1.0, X-CUBE-AZRTOS-H7_V3.4.0, X-CUBE-AZRTOS-L4_V2.0.0, X-CUBE-AZRTOS-L5_V2.0.0, X-CUBE-AZRTOS-WB_V2.0.0, X-CUBE-AZRTOS-WL_V2.0.0, X-CUBE-BLE1_V7.1.0, X-CUBE-BLE2_V3.3.0, X-CUBE-BLEMGR_V4.1.0, X-CUBE-EEPRMA1_V5.2.0, X-CUBE-FREERTOS_V1.3.1, X-CUBE-GNSS1_V6.0.0, X-CUBE-MEMS1_V11.3.0, X-CUBE-NFC4_V3.0.0, X-CUBE-NFC7_V2.0.0, X-CUBE-SFXS2LP1_V4.0.0, X-CUBE-ST67W61_V1.0.0, X-CUBE-SUBG2_V5.0.0, X-CUBE-TOF1_V3.4.3]
2025-10-18 13:41:34,799 [ERROR] DbExamplesSqlite:437 - Missing JSON key: board_cpn
2025-10-18 13:41:34,815 [ERROR] DbExamplesSqlite:437 - Missing JSON key: board_cpn
2025-10-18 13:41:34,823 [ERROR] DbExamplesSqlite:437 - Missing JSON key: board_cpn
2025-10-18 13:41:34,826 [ERROR] DbExamplesSqlite:437 - Missing JSON key: board_cpn
2025-10-18 13:41:35,197 [ERROR] DbExamplesSqlite:437 - Missing JSON key: board_cpn
2025-10-18 13:41:35,197 [ERROR] DbExamplesSqlite:437 - Missing JSON key: board_cpn
2025-10-18 13:41:35,208 [INFO] DbExamplesSqlite:395 - Ignored 33 examples not supported by CubeIDE
2025-10-18 13:41:35,211 [INFO] DbExamplesSqlite:396 - Found 10871 examples active
2025-10-18 13:41:35,211 [INFO] DbExamplesSqlite:397 - Found 0 examples obsolete
2025-10-18 13:41:35,211 [INFO] DbExamplesSqlite:398 - Found 0 examples under development
2025-10-18 13:41:35,212 [INFO] DbExamplesSqlite:399 - Found 65 examples not building
2025-10-18 13:41:35,226 [INFO] DbExamples:125 - Found 10903 examples
2025-10-18 13:41:35,254 [INFO] DbExamples:222 - Found 134 boards with related examples
2025-10-18 13:41:35,255 [INFO] DbExamples:235 - Found 111 MCUs with related examples
2025-10-18 13:41:35,287 [INFO] ApiDb:414 - User favorites file not found: /Users/jeremyniu/.stm32cubeide/favorites.examples.txt
2025-10-18 13:41:35,288 [INFO] DbExamples:250 - Set 0 / 0 favorites Examples
2025-10-18 13:41:36,048 [INFO] McuFinderGlobals:76 - Set McuFinderConnectedMode to true
2025-10-18 13:41:36,072 [INFO] MultiScanPanel:200 - Auto-refresh data requested => check proxy status ongoing
2025-10-18 13:41:36,077 [INFO] FinderPluginLoader:96 - Searching for filters in installed packs
2025-10-18 13:41:37,564 [INFO] LoadUrlFilesThread:185 - End of LoadServerUrlFiles without Thread
2025-10-18 13:41:37,589 [INFO] DetailPanel:341 - Set advertising image to /Users/jeremyniu/STM32Cube/Repository//en.mcu-finder-stm32n6dk.jpg
2025-10-18 13:41:52,362 [INFO] MainUpdater:2872 - connection check result : 10
2025-10-18 13:41:52,365 [INFO] MainUpdater:2872 - connection check result : 10
2025-10-18 13:41:52,686 [INFO] MicroXplorer:468 - Change Database Path : 
2025-10-18 13:41:52,689 [INFO] MicroXplorer:498 - Change Database Version : DB.6.0.150
2025-10-18 13:41:52,861 [ERROR] ProjectManagerView:395 - 
java.lang.NullPointerException: Cannot invoke "javax.swing.JTextField.getText()" because the return value of "java.util.List.get(int)" is null
	at com.st.microxplorer.plugins.projectmanager.gui.ProjectChoiceTab$9.caretUpdate(ProjectChoiceTab.java:2706) ~[filemanager.jar:?]
	at javax.swing.text.JTextComponent.fireCaretUpdate(JTextComponent.java:408) ~[?:?]
	at javax.swing.text.JTextComponent$MutableCaretEvent.fire(JTextComponent.java:4484) ~[?:?]
	at javax.swing.text.JTextComponent$MutableCaretEvent.stateChanged(JTextComponent.java:4506) ~[?:?]
	at javax.swing.text.DefaultCaret.fireStateChanged(DefaultCaret.java:857) ~[?:?]
	at javax.swing.text.DefaultCaret.changeCaretPosition(DefaultCaret.java:1343) ~[?:?]
	at javax.swing.text.DefaultCaret.handleSetDot(DefaultCaret.java:1242) ~[?:?]
	at javax.swing.text.DefaultCaret.setDot(DefaultCaret.java:1223) ~[?:?]
	at javax.swing.text.DefaultCaret$Handler.insertUpdate(DefaultCaret.java:1819) ~[?:?]
	at javax.swing.text.AbstractDocument.fireInsertUpdate(AbstractDocument.java:227) ~[?:?]
	at javax.swing.text.AbstractDocument.handleInsertString(AbstractDocument.java:781) ~[?:?]
	at javax.swing.text.AbstractDocument.insertString(AbstractDocument.java:740) ~[?:?]
	at javax.swing.text.PlainDocument.insertString(PlainDocument.java:131) ~[?:?]
	at javax.swing.text.AbstractDocument.replace(AbstractDocument.java:699) ~[?:?]
	at javax.swing.text.JTextComponent.setText(JTextComponent.java:1725) ~[?:?]
	at com.st.microxplorer.plugins.projectmanager.gui.ProjectChoiceTab.createHeapStackFields(ProjectChoiceTab.java:993) ~[filemanager.jar:?]
	at com.st.microxplorer.plugins.projectmanager.gui.ProjectChoiceTab.buildLinkSettingsPanel(ProjectChoiceTab.java:3813) ~[filemanager.jar:?]
	at com.st.microxplorer.plugins.projectmanager.gui.ProjectChoiceTab.defineWindowsFields(ProjectChoiceTab.java:1987) ~[filemanager.jar:?]
	at com.st.microxplorer.plugins.projectmanager.gui.ProjectChoiceTab.updateSettings(ProjectChoiceTab.java:558) ~[filemanager.jar:?]
	at com.st.microxplorer.plugins.projectmanager.gui.ProjectSettingsPanel.UpdateDialog(ProjectSettingsPanel.java:247) ~[filemanager.jar:?]
	at com.st.microxplorer.plugins.projectmanager.ProjectManagerView.propertyChange(ProjectManagerView.java:392) ~[filemanager.jar:?]
	at java.beans.PropertyChangeSupport.fire(PropertyChangeSupport.java:343) ~[?:?]
	at java.beans.PropertyChangeSupport.firePropertyChange(PropertyChangeSupport.java:335) ~[?:?]
	at java.beans.PropertyChangeSupport.firePropertyChange(PropertyChangeSupport.java:268) ~[?:?]
	at com.st.microxplorer.util.MXPropertyChangeSupport.firePropertyChange(MXPropertyChangeSupport.java:54) ~[STM32CubeMX.jar:?]
	at com.st.microxplorer.mxsystem.MxSystem.closeConfig(MxSystem.java:899) ~[STM32CubeMX.jar:?]
	at com.st.microxplorer.maingui.MainPanel.closeConfig(MainPanel.java:792) ~[STM32CubeMX.jar:?]
	at com.st.microxplorer.plugins.filemanager.engine.OpenFileManager.loadConfigurationFile(OpenFileManager.java:288) ~[filemanager.jar:?]
	at com.st.microxplorer.plugins.filemanager.engine.MainFileManager.userLoadConfig(MainFileManager.java:364) ~[filemanager.jar:?]
	at com.st.microxplorer.plugins.filemanager.engine.MainFileManager.userLoadConfig(MainFileManager.java:342) ~[filemanager.jar:?]
	at com.st.microxplorer.plugins.filemanager.FileManagerView.getSpecificTask(FileManagerView.java:264) ~[filemanager.jar:?]
	at com.st.stm32cube.common.mx.editor.CubeMxEditor.getMxTabbedPaneInstance(CubeMxEditor.java:1198) ~[com.st.stm32cube.common.mx_6.15.0.202507011659/:?]
	at com.st.stm32cube.common.mx.editor.CubeMxEditor$12$1.createSwingComponent(CubeMxEditor.java:1068) ~[com.st.stm32cube.common.mx_6.15.0.202507011659/:?]
	at com.st.stm32cube.common.mx.oss.core.awtswtbridge.EmbeddedSwingComposite.doComponentCreation(EmbeddedSwingComposite.java:492) ~[com.st.stm32cube.common.mx.oss_6.15.0.202507011659/:?]
	at com.st.stm32cube.common.mx.oss.core.awtswtbridge.EmbeddedSwingComposite$4.run(EmbeddedSwingComposite.java:291) ~[com.st.stm32cube.common.mx.oss_6.15.0.202507011659/:?]
	at com.st.stm32cube.common.mx.oss.core.awtswtbridge.AwtEnvironment$2.run(AwtEnvironment.java:166) ~[com.st.stm32cube.common.mx.oss_6.15.0.202507011659/:?]
	at java.awt.event.InvocationEvent.dispatch(InvocationEvent.java:318) ~[?:?]
	at java.awt.EventQueue.dispatchEventImpl(EventQueue.java:773) ~[?:?]
	at java.awt.EventQueue$4.run(EventQueue.java:720) ~[?:?]
	at java.awt.EventQueue$4.run(EventQueue.java:714) ~[?:?]
	at java.security.AccessController.doPrivileged(AccessController.java:400) ~[?:?]
	at java.security.ProtectionDomain$JavaSecurityAccessImpl.doIntersectionPrivilege(ProtectionDomain.java:87) ~[?:?]
	at java.awt.EventQueue.dispatchEvent(EventQueue.java:742) ~[?:?]
	at java.awt.EventDispatchThread.pumpOneEventForFilters(EventDispatchThread.java:203) ~[?:?]
	at java.awt.EventDispatchThread.pumpEventsForFilter(EventDispatchThread.java:124) ~[?:?]
	at java.awt.EventDispatchThread.pumpEventsForHierarchy(EventDispatchThread.java:113) ~[?:?]
	at java.awt.EventDispatchThread.pumpEvents(EventDispatchThread.java:109) ~[?:?]
	at java.awt.EventDispatchThread.pumpEvents(EventDispatchThread.java:101) ~[?:?]
	at java.awt.EventDispatchThread.run(EventDispatchThread.java:90) ~[?:?]
2025-10-18 13:41:52,866 [WARN] ThirdParty:871 - waiting for thirdparty lock release [close project]
2025-10-18 13:41:52,867 [INFO] ThirdParty:873 - entering critical section [close project]
2025-10-18 13:41:52,867 [INFO] ThirdParty:883 - exiting critical section [close project]
2025-10-18 13:41:52,870 [INFO] PinOutPanel:1589 - setPackage(No Configuration,No Configuration)
2025-10-18 13:41:52,875 [INFO] UtilMem:75 - Begin LoadConfig() Used Memory: 700450816 Bytes (801112064)
2025-10-18 13:41:52,877 [INFO] MicroXplorer:468 - Change Database Path : 
2025-10-18 13:41:52,877 [INFO] MicroXplorer:498 - Change Database Version : DB.6.0.150
2025-10-18 13:41:52,878 [INFO] OpenFileManager:355 - Change cursor
2025-10-18 13:41:52,923 [INFO] RulesReader:64 - Compatibility file has been processed (317 Rules)
2025-10-18 13:41:52,936 [INFO] Mcu:2029 - Initializing MCU STM32C011D6Yx STM32C011D6Yx STM32C011D6Y3TR
2025-10-18 13:41:54,355 [INFO] Context:786 - Trying to add GPIOservice into a context  which must be forbidden
2025-10-18 13:41:54,884 [INFO] ImportTextPane:234 - (OptionalMessage_ERROR) Unable to find key (Mcu.ThirdPartyNb) in loaded IOC file
2025-10-18 13:41:54,888 [INFO] ImportTextPane:234 - (OptionalMessage_ERROR) Unable to find key (Mcu.PinsNb) in loaded IOC file
2025-10-18 13:41:54,891 [INFO] ImportTextPane:234 - (OptionalMessage_ERROR) Pin0 (VP_RIF_VS_RIF1) cannot be retrieved for this MCU
2025-10-18 13:41:54,891 [INFO] ImportTextPane:234 - (OptionalMessage_ERROR) Unable to find key (Mcu.IPNb) in loaded IOC file
2025-10-18 13:41:55,046 [WARN] ModelIntegratedComponent:63 - No mode defined for component null
2025-10-18 13:41:55,047 [WARN] ModelIntegratedComponent:63 - No mode defined for component null
2025-10-18 13:41:55,047 [WARN] ModelIntegratedComponent:63 - No mode defined for component null
2025-10-18 13:41:55,047 [WARN] ModelIntegratedComponent:63 - No mode defined for component null
2025-10-18 13:41:55,047 [WARN] ModelIntegratedComponent:63 - No mode defined for component null
2025-10-18 13:41:55,047 [WARN] ModelIntegratedComponent:63 - No mode defined for component null
2025-10-18 13:41:55,047 [WARN] ModelIntegratedComponent:63 - No mode defined for component null
2025-10-18 13:41:55,047 [WARN] ModelIntegratedComponent:63 - No mode defined for component null
2025-10-18 13:41:55,047 [WARN] ModelIntegratedComponent:63 - No mode defined for component null
2025-10-18 13:41:55,047 [WARN] ModelIntegratedComponent:63 - No mode defined for component null
2025-10-18 13:41:55,047 [WARN] ModelIntegratedComponent:63 - No mode defined for component null
2025-10-18 13:41:55,047 [WARN] ModelIntegratedComponent:63 - No mode defined for component null
2025-10-18 13:41:55,047 [WARN] ModelIntegratedComponent:63 - No mode defined for component null
2025-10-18 13:41:55,047 [WARN] ModelIntegratedComponent:63 - No mode defined for component null
2025-10-18 13:41:55,047 [WARN] ModelIntegratedComponent:63 - No mode defined for component null
2025-10-18 13:41:55,047 [WARN] ModelIntegratedComponent:63 - No mode defined for component null
2025-10-18 13:41:55,047 [WARN] ModelIntegratedComponent:63 - No mode defined for component null
2025-10-18 13:41:55,047 [WARN] ModelIntegratedComponent:63 - No mode defined for component null
2025-10-18 13:41:55,047 [WARN] ModelIntegratedComponent:63 - No mode defined for component null
2025-10-18 13:41:55,047 [WARN] ModelIntegratedComponent:63 - No mode defined for component null
2025-10-18 13:41:55,047 [WARN] ModelIntegratedComponent:63 - No mode defined for component null
2025-10-18 13:41:55,047 [WARN] ModelIntegratedComponent:63 - No mode defined for component null
2025-10-18 13:41:55,047 [WARN] ModelIntegratedComponent:63 - No mode defined for component null
2025-10-18 13:41:55,047 [WARN] ModelIntegratedComponent:63 - No mode defined for component null
2025-10-18 13:41:55,047 [WARN] ModelIntegratedComponent:63 - No mode defined for component null
2025-10-18 13:41:55,047 [WARN] ModelIntegratedComponent:63 - No mode defined for component null
2025-10-18 13:41:55,047 [WARN] ModelIntegratedComponent:63 - No mode defined for component null
2025-10-18 13:41:55,047 [WARN] ModelIntegratedComponent:63 - No mode defined for component null
2025-10-18 13:41:55,048 [WARN] ModelIntegratedComponent:63 - No mode defined for component null
2025-10-18 13:41:55,048 [WARN] ModelIntegratedComponent:63 - No mode defined for component null
2025-10-18 13:41:55,048 [WARN] ModelIntegratedComponent:63 - No mode defined for component null
2025-10-18 13:41:55,048 [WARN] ModelIntegratedComponent:63 - No mode defined for component null
2025-10-18 13:41:55,048 [WARN] ModelIntegratedComponent:63 - No mode defined for component null
2025-10-18 13:41:55,048 [WARN] ModelIntegratedComponent:63 - No mode defined for component null
2025-10-18 13:41:55,048 [WARN] ModelIntegratedComponent:63 - No mode defined for component null
2025-10-18 13:41:55,049 [WARN] ModelPack:524 - Component already loaded: STMicroelectronics:HAL Drivers:0.0.0:STMicroelectronics:Device:STMicro_Driver:XSPI:HAL::0.0.1:HAL_XSPI
2025-10-18 13:41:55,066 [INFO] RtosManager:558 - Registered RTOS mode: class=RTOS, group=ThreadX, mode=Core, owner=THREADX
2025-10-18 13:41:55,271 [INFO] ThirdPartyModel:298 - Start build external matchings
2025-10-18 13:41:55,569 [INFO] ThirdPartyModel:316 - End build external matchings
2025-10-18 13:41:55,796 [INFO] UtilMem:75 - End LoadConfig() Used Memory: 532883040 Bytes (801112064)
2025-10-18 13:41:55,927 [WARN] ThirdParty:833 - waiting for thirdparty lock release [change project]
2025-10-18 13:41:55,939 [INFO] ThirdParty:835 - entering critical section [change project]
2025-10-18 13:41:55,939 [INFO] ThirdParty:1030 - CMSIS Pack Vendor :STMicroelectronics X-CUBE-PM33A1 1.0.0
2025-10-18 13:41:55,939 [INFO] ThirdParty:1030 - CMSIS Pack Vendor :STMicroelectronics USBPD 4.1
2025-10-18 13:41:55,939 [INFO] ThirdParty:1030 - CMSIS Pack Vendor :STMicroelectronics X-CUBE-NFC9 1.0.0
2025-10-18 13:41:55,939 [INFO] ThirdParty:1030 - CMSIS Pack Vendor :STMicroelectronics USB_HOST 2.0.0
2025-10-18 13:41:55,939 [INFO] ThirdParty:1030 - CMSIS Pack Vendor :STMicroelectronics FP-SNS-MOTENVWB1 1.4.0
2025-10-18 13:41:55,939 [INFO] ThirdParty:1030 - CMSIS Pack Vendor :STMicroelectronics X-CUBE-AZRTOS-F4 1.1.0
2025-10-18 13:41:55,939 [INFO] ThirdParty:1030 - CMSIS Pack Vendor :STMicroelectronics LIBJPEG 8.0.0
2025-10-18 13:41:55,940 [INFO] ThirdParty:1030 - CMSIS Pack Vendor :STMicroelectronics FP-ATR-ASTRA1 2.0.2
2025-10-18 13:41:55,940 [INFO] ThirdParty:1030 - CMSIS Pack Vendor :wolfSSL I-CUBE-wolfSSL 5.8.2
2025-10-18 13:41:55,940 [INFO] ThirdParty:1030 - CMSIS Pack Vendor :STMicroelectronics X-CUBE-BLE1 7.1.0
2025-10-18 13:41:55,940 [INFO] ThirdParty:1030 - CMSIS Pack Vendor :Avnet-IotConnect X-CUBE-IoTC-DA16k-PMOD 1.0.0
2025-10-18 13:41:55,940 [INFO] ThirdParty:1030 - CMSIS Pack Vendor :STMicroelectronics X-CUBE-SMBUS 2.1.0
2025-10-18 13:41:55,940 [INFO] ThirdParty:1030 - CMSIS Pack Vendor :wolfSSL I-CUBE-wolfMQTT 1.19.2
2025-10-18 13:41:55,940 [INFO] ThirdParty:1030 - CMSIS Pack Vendor :STMicroelectronics USB_DEVICE 3.0.0
2025-10-18 13:41:55,940 [INFO] ThirdParty:1030 - CMSIS Pack Vendor :STMicroelectronics X-CUBE-ISPU 2.1.0
2025-10-18 13:41:55,940 [INFO] ThirdParty:1030 - CMSIS Pack Vendor :STMicroelectronics X-CUBE-EEPRMA1 5.2.0
2025-10-18 13:41:55,940 [INFO] ThirdParty:1030 - CMSIS Pack Vendor :STMicroelectronics X-CUBE-IPS 3.2.0
2025-10-18 13:41:55,940 [INFO] ThirdParty:1030 - CMSIS Pack Vendor :STMicroelectronics X-CUBE-BLEMGR 4.1.0
2025-10-18 13:41:55,940 [INFO] ThirdParty:1030 - CMSIS Pack Vendor :STMicroelectronics X-CUBE-AZRTOS-WB 2.0.0
2025-10-18 13:41:55,940 [INFO] ThirdParty:1030 - CMSIS Pack Vendor :STMicroelectronics X-CUBE-ST60 1.0.0
2025-10-18 13:41:55,940 [INFO] ThirdParty:1030 - CMSIS Pack Vendor :STMicroelectronics X-CUBE-GNSS1 7.0.1
2025-10-18 13:41:55,940 [INFO] ThirdParty:1030 - CMSIS Pack Vendor :STMicroelectronics X-CUBE-NFC12 1.0.0
2025-10-18 13:41:55,940 [INFO] ThirdParty:1030 - CMSIS Pack Vendor :STMicroelectronics X-CUBE-AZRTOS-F7 1.1.0
2025-10-18 13:41:55,940 [INFO] ThirdParty:1030 - CMSIS Pack Vendor :STMicroelectronics X-CUBE-AZRTOS-L5 2.0.0
2025-10-18 13:41:55,940 [INFO] ThirdParty:1030 - CMSIS Pack Vendor :STMicroelectronics X-CUBE-TOUCHGFX 4.25.0
2025-10-18 13:41:55,940 [INFO] ThirdParty:1030 - CMSIS Pack Vendor :STMicroelectronics USB_DEVICE 2.0.0
2025-10-18 13:41:55,940 [INFO] ThirdParty:1030 - CMSIS Pack Vendor :STMicroelectronics X-CUBE-NFC6 3.1.0
2025-10-18 13:41:55,940 [INFO] ThirdParty:1030 - CMSIS Pack Vendor :STMicroelectronics X-CUBE-ST67W61 1.1.0
2025-10-18 13:41:55,940 [INFO] ThirdParty:1030 - CMSIS Pack Vendor :quantropi X-CUBE-qispace-sdk-base 2.1.0
2025-10-18 13:41:55,940 [INFO] ThirdParty:1030 - CMSIS Pack Vendor :STMicroelectronics FreeRTOS 0.0.1
2025-10-18 13:41:55,940 [INFO] ThirdParty:1030 - CMSIS Pack Vendor :STMicroelectronics X-CUBE-AZRTOS-G0 1.1.0
2025-10-18 13:41:55,940 [INFO] ThirdParty:1030 - CMSIS Pack Vendor :STMicroelectronics X-CUBE-SAFEA1 1.2.2
2025-10-18 13:41:55,940 [INFO] ThirdParty:1030 - CMSIS Pack Vendor :STMicroelectronics X-CUBE-NFC4 3.0.0
2025-10-18 13:41:55,941 [INFO] ThirdParty:1030 - CMSIS Pack Vendor :STMicroelectronics X-CUBE-SUBG2 5.0.0
2025-10-18 13:41:55,941 [INFO] ThirdParty:1030 - CMSIS Pack Vendor :STMicroelectronics X-CUBE-AZRTOS-H7RS 1.1.0
2025-10-18 13:41:55,941 [INFO] ThirdParty:1030 - CMSIS Pack Vendor :STMicroelectronics STM32_WPAN 1.0.0
2025-10-18 13:41:55,941 [INFO] ThirdParty:1030 - CMSIS Pack Vendor :EmbeddedOffice I-CUBE-FS-RTOS 1.0.1
2025-10-18 13:41:55,941 [INFO] ThirdParty:1030 - CMSIS Pack Vendor :STMicroelectronics lwIP 2.0.3
2025-10-18 13:41:55,941 [INFO] ThirdParty:1030 - CMSIS Pack Vendor :WES I-CUBE-Cesium 1.4.0
2025-10-18 13:41:55,941 [INFO] ThirdParty:1030 - CMSIS Pack Vendor :Cesanta I-CUBE-Mongoose 7.13.0
2025-10-18 13:41:55,941 [INFO] ThirdParty:1030 - CMSIS Pack Vendor :STMicroelectronics USB_HOST 1.0.0
2025-10-18 13:41:55,941 [INFO] ThirdParty:1030 - CMSIS Pack Vendor :Infineon AIROC-Wi-Fi-Bluetooth-STM32 1.7.1
2025-10-18 13:41:55,941 [INFO] ThirdParty:1030 - CMSIS Pack Vendor :STMicroelectronics X-CUBE-AZRTOS-G4 2.0.0
2025-10-18 13:41:55,941 [INFO] ThirdParty:1030 - CMSIS Pack Vendor :STMicroelectronics X-CUBE-WB05N 2.0.0
2025-10-18 13:41:55,941 [INFO] ThirdParty:1030 - CMSIS Pack Vendor :STMicroelectronics PDM2PCM 3.1.0
2025-10-18 13:41:55,941 [INFO] ThirdParty:1030 - CMSIS Pack Vendor :STMicroelectronics PDM2PCM 3.3.0
2025-10-18 13:41:55,941 [INFO] ThirdParty:1030 - CMSIS Pack Vendor :wolfSSL I-CUBE-wolfTPM 3.8.0
2025-10-18 13:41:55,941 [INFO] ThirdParty:1030 - CMSIS Pack Vendor :STMicroelectronics X-CUBE-AZRTOS-H7 3.4.0
2025-10-18 13:41:55,941 [INFO] ThirdParty:1030 - CMSIS Pack Vendor :STMicroelectronics X-CUBE-DISPLAY 3.0.0
2025-10-18 13:41:55,941 [INFO] ThirdParty:1030 - CMSIS Pack Vendor :wolfSSL I-CUBE-wolfSSH 1.4.20
2025-10-18 13:41:55,941 [INFO] ThirdParty:1030 - CMSIS Pack Vendor :STMicroelectronics X-CUBE-NFC7 2.0.0
2025-10-18 13:41:55,941 [INFO] ThirdParty:1030 - CMSIS Pack Vendor :STMicroelectronics X-CUBE-TCPP 4.2.0
2025-10-18 13:41:55,941 [INFO] ThirdParty:1030 - CMSIS Pack Vendor :RealThread X-CUBE-RT-Thread_Nano 4.1.1
2025-10-18 13:41:55,941 [INFO] ThirdParty:1030 - CMSIS Pack Vendor :STMicroelectronics FP-ATR-SIGFOX1 3.2.0
2025-10-18 13:41:55,941 [INFO] ThirdParty:1030 - CMSIS Pack Vendor :STMicroelectronics X-CUBE-NFC10 1.0.0
2025-10-18 13:41:55,941 [INFO] ThirdParty:1030 - CMSIS Pack Vendor :STMicroelectronics X-CUBE-FREERTOS 1.3.1
2025-10-18 13:41:55,941 [INFO] ThirdParty:1030 - CMSIS Pack Vendor :STMicroelectronics HAL Drivers 0.0.0
2025-10-18 13:41:55,941 [INFO] ThirdParty:1030 - CMSIS Pack Vendor :STMicroelectronics MBEDTLS 2.16.2
2025-10-18 13:41:55,941 [INFO] ThirdParty:1030 - CMSIS Pack Vendor :STMicroelectronics X-CUBE-ST60 1.1.0
2025-10-18 13:41:55,941 [INFO] ThirdParty:1030 - CMSIS Pack Vendor :STMicroelectronics X-CUBE-IPS 3.1.0
2025-10-18 13:41:55,941 [INFO] ThirdParty:1030 - CMSIS Pack Vendor :STMicroelectronics X-CUBE-ALS 1.0.2
2025-10-18 13:41:55,941 [INFO] ThirdParty:1030 - CMSIS Pack Vendor :emotas I-CUBE-CANOPEN 1.3.0
2025-10-18 13:41:55,941 [INFO] ThirdParty:1030 - CMSIS Pack Vendor :STMicroelectronics MBEDTLS 2.14.1
2025-10-18 13:41:55,941 [INFO] ThirdParty:1030 - CMSIS Pack Vendor :ITTIA_DB I-CUBE-ITTIADB 8.9.0
2025-10-18 13:41:55,941 [INFO] ThirdParty:1030 - CMSIS Pack Vendor :STMicroelectronics X-CUBE-TOUCHGFX 4.26.0
2025-10-18 13:41:55,941 [INFO] ThirdParty:1030 - CMSIS Pack Vendor :STMicroelectronics X-CUBE-STSE01 1.0.0
2025-10-18 13:41:55,942 [INFO] ThirdParty:1030 - CMSIS Pack Vendor :STMicroelectronics X-CUBE-ST67W61 1.0.0
2025-10-18 13:41:55,942 [INFO] ThirdParty:1030 - CMSIS Pack Vendor :STMicroelectronics FP-SNS-STBOX1 2.1.0
2025-10-18 13:41:55,942 [INFO] ThirdParty:1030 - CMSIS Pack Vendor :STMicroelectronics X-CUBE-AI 10.2.0
2025-10-18 13:41:55,942 [INFO] ThirdParty:1030 - CMSIS Pack Vendor :STMicroelectronics FP-SNS-STAIOTCFT 1.0.0
2025-10-18 13:41:55,942 [INFO] ThirdParty:1030 - CMSIS Pack Vendor :STMicroelectronics ThreadX 1.0.0
2025-10-18 13:41:55,942 [INFO] ThirdParty:1030 - CMSIS Pack Vendor :STMicroelectronics FP-SNS-SMARTAG2 1.2.0
2025-10-18 13:41:55,942 [INFO] ThirdParty:1030 - CMSIS Pack Vendor :STMicroelectronics FP-SNS-FLIGHT1 5.1.0
2025-10-18 13:41:55,942 [INFO] ThirdParty:1030 - CMSIS Pack Vendor :STMicroelectronics X-CUBE-AZRTOS-WL 2.0.0
2025-10-18 13:41:55,942 [INFO] ThirdParty:1030 - CMSIS Pack Vendor :SEGGER I-CUBE-embOS 1.3.1
2025-10-18 13:41:55,942 [INFO] ThirdParty:1030 - CMSIS Pack Vendor :STMicroelectronics X-CUBE-ALGOBUILD 1.4.0
2025-10-18 13:41:55,942 [INFO] ThirdParty:1030 - CMSIS Pack Vendor :STMicroelectronics X-CUBE-DPower 1.3.0
2025-10-18 13:41:55,943 [INFO] ThirdParty:1030 - CMSIS Pack Vendor :STMicroelectronics X-CUBE-MEMS1 11.3.0
2025-10-18 13:41:55,944 [INFO] ThirdParty:1030 - CMSIS Pack Vendor :STMicroelectronics FP-SNS-MOTENV1 5.0.0
2025-10-18 13:41:55,944 [INFO] ThirdParty:1030 - CMSIS Pack Vendor :STMicroelectronics USB_DEVICE 1.0.0
2025-10-18 13:41:55,944 [INFO] ThirdParty:1030 - CMSIS Pack Vendor :STMicroelectronics X-CUBE-AZRTOS-L4 2.0.0
2025-10-18 13:41:55,948 [INFO] ThirdParty:1030 - CMSIS Pack Vendor :STMicroelectronics ThreadX 0.0.2
2025-10-18 13:41:55,949 [INFO] ThirdParty:1030 - CMSIS Pack Vendor :STMicroelectronics lwIP 2.1.2
2025-10-18 13:41:55,950 [INFO] ThirdParty:1030 - CMSIS Pack Vendor :STMicroelectronics X-CUBE-SFXS2LP1 4.0.0
2025-10-18 13:41:55,950 [INFO] ThirdParty:1030 - CMSIS Pack Vendor :STMicroelectronics X-CUBE-BLE2 3.3.0
2025-10-18 13:41:55,950 [INFO] ThirdParty:1030 - CMSIS Pack Vendor :STMicroelectronics X-CUBE-TOF1 3.4.3
2025-10-18 13:41:55,950 [INFO] ThirdParty:1030 - CMSIS Pack Vendor :STMicroelectronics PDM2PCM 3.2.0
2025-10-18 13:41:55,953 [INFO] ThirdParty:841 - exiting critical section [change project]
2025-10-18 13:41:56,491 [INFO] PinOutPanel:1589 - setPackage(No Configuration,No Configuration)
2025-10-18 13:41:56,511 [INFO] PinOutPanel:1589 - setPackage(STM32C011D6Yx,WLCSP12)
2025-10-18 13:41:56,805 [INFO] UtilMem:75 - Before build in PCC Used Memory: 623584864 Bytes (801112064)
2025-10-18 13:41:57,230 [INFO] UtilMem:75 - After build in PCC Used Memory: 717430368 Bytes (801112064)
2025-10-18 13:41:57,270 [INFO] IPUIPlugin:80 - create IPUIPlugin
2025-10-18 13:41:57,270 [INFO] IPUIPlugin:80 - create IPUIPlugin
2025-10-18 13:41:57,271 [INFO] IPUIPlugin:80 - create IPUIPlugin
2025-10-18 13:41:57,271 [INFO] IPUIPlugin:80 - create IPUIPlugin
2025-10-18 13:41:57,271 [INFO] IPUIPlugin:80 - create IPUIPlugin
2025-10-18 13:41:57,271 [INFO] IPUIPlugin:80 - create IPUIPlugin
2025-10-18 13:41:57,271 [INFO] IPUIPlugin:80 - create IPUIPlugin
2025-10-18 13:41:57,271 [INFO] IPUIPlugin:80 - create IPUIPlugin
2025-10-18 13:41:57,271 [INFO] IPUIPlugin:80 - create IPUIPlugin
2025-10-18 13:41:57,271 [INFO] IPUIPlugin:80 - create IPUIPlugin
2025-10-18 13:41:57,271 [INFO] IPUIPlugin:80 - create IPUIPlugin
2025-10-18 13:41:57,271 [INFO] IPUIPlugin:80 - create IPUIPlugin
2025-10-18 13:41:57,271 [INFO] IPUIPlugin:80 - create IPUIPlugin
2025-10-18 13:41:57,272 [INFO] IPUIPlugin:80 - create IPUIPlugin
2025-10-18 13:41:57,272 [INFO] IPUIPlugin:80 - create IPUIPlugin
2025-10-18 13:41:57,272 [INFO] IPUIPlugin:80 - create IPUIPlugin
2025-10-18 13:41:57,272 [INFO] IPUIPlugin:80 - create IPUIPlugin
2025-10-18 13:41:57,272 [INFO] IPUIPlugin:80 - create IPUIPlugin
2025-10-18 13:41:57,272 [INFO] IPUIPlugin:80 - create IPUIPlugin
2025-10-18 13:41:57,272 [INFO] IPUIPlugin:80 - create IPUIPlugin
2025-10-18 13:41:57,272 [INFO] IPUIPlugin:80 - create IPUIPlugin
2025-10-18 13:41:57,272 [INFO] IPUIPlugin:80 - create IPUIPlugin
2025-10-18 13:41:57,272 [INFO] IPUIPlugin:80 - create IPUIPlugin
2025-10-18 13:41:57,272 [INFO] IPUIPlugin:80 - create IPUIPlugin
2025-10-18 13:41:57,272 [INFO] IPUIPlugin:80 - create IPUIPlugin
2025-10-18 13:41:57,273 [INFO] IPUIPlugin:80 - create IPUIPlugin
2025-10-18 13:41:57,359 [INFO] CADModel:165 - CPN selected for project levelSTM32C011D6Y3TR
2025-10-18 13:41:57,359 [INFO] CADModel:114 - Register for checkConnection events
2025-10-18 13:41:57,403 [INFO] OpenFileManager:386 - Restore cursor
2025-10-18 13:41:58,494 [INFO] UtilMem:75 - End SaveConfig() Used Memory: 404510336 Bytes (801112064)
2025-10-18 13:43:13,706 [INFO] McuFinderGlobals:76 - Set McuFinderConnectedMode to true
2025-10-18 13:43:13,713 [INFO] ApiDb:448 - Save user favorites file /Users/jeremyniu/.stm32cubeide/favorites.mcus.txt: 0 item(s)
2025-10-18 13:43:13,714 [INFO] ApiDb:452 - User favorites MCUs=[]
2025-10-18 13:44:13,267 [INFO] MainUpdater:2872 - connection check result : 10
2025-10-18 13:44:15,023 [INFO] CheckServerUpdateThread:120 - End of CheckServer Thread
2025-10-18 13:49:37,886 [INFO] McuFinderGlobals:63 - Set McuFinder mode to 2 (CubeIDE integrated)
2025-10-18 13:49:37,892 [INFO] UserAuth:171 - activating auth plugin
2025-10-18 13:49:37,904 [INFO] UserAuth:487 - Internet connection configuration mode: 1
2025-10-18 13:50:42,822 [INFO] Activator:176 - 


2025-10-18 13:50:42,824 [INFO] Activator:177 - !SESSION log4j initialized
2025-10-18 13:50:47,475 [INFO] LogOutputStream:77 - [STDOUT_REDIRECT] 
2025-10-18 13:50:48,752 [ERROR] LogOutputStream:75 - [STDERR_REDIRECT] 
2025-10-18 13:50:50,746 [INFO] LogOutputStream:77 - [STDOUT_REDIRECT] 
2025-10-18 13:50:52,537 [INFO] ApplicationProperties:184 - Using Application install path: /Applications/STM32CubeIDE.app/Contents/Eclipse/plugins/com.st.stm32cube.common.mx_6.15.0.202507011659
2025-10-18 13:50:52,556 [INFO] DbMcusXml:78 - Set database path to: /Applications/STM32CubeIDE.app/Contents/Eclipse/plugins/com.st.stm32cube.common.mx_6.15.0.202507011659//db//mcu/
2025-10-18 13:50:52,556 [INFO] ApiDb:274 - Set plugin database path to: /Applications/STM32CubeIDE.app/Contents/Eclipse/plugins/com.st.stm32cube.common.mx_6.15.0.202507011659//db//plugins/boardmanager/
2025-10-18 13:50:52,557 [WARN] ApiDb:259 - Overriding images path with different value:  => /Applications/STM32CubeIDE.app/Contents/Eclipse/plugins/com.st.stm32cube.common.mx_6.15.0.202507011659//db//plugins/mcufinder/images/
2025-10-18 13:50:52,565 [INFO] ApiDb:250 - Set database path to: /Users/jeremyniu/.stmcufinder/plugins/mcufinder//mcu/
2025-10-18 13:50:52,567 [INFO] DbMcusAds:125 - Set database path to: /Users/jeremyniu/.stmcufinder/plugins/mcufinder//mcu/
2025-10-18 13:50:52,569 [INFO] CrossReferenceDbSqlite:203 - Set database path to: /Users/jeremyniu/.stmcufinder/plugins/mcufinder//mcu/cs/
2025-10-18 13:50:52,750 [INFO] RulesReader:64 - Compatibility file has been processed (317 Rules)
2025-10-18 13:50:52,818 [INFO] DbMcusXml:78 - Set database path to: /Applications/STM32CubeIDE.app/Contents/Eclipse/plugins/com.st.stm32cube.common.mx_6.15.0.202507011659//db//mcu/
2025-10-18 13:50:52,818 [INFO] ApiDb:274 - Set plugin database path to: /Applications/STM32CubeIDE.app/Contents/Eclipse/plugins/com.st.stm32cube.common.mx_6.15.0.202507011659//db//plugins/boardmanager/
2025-10-18 13:50:52,818 [INFO] ApiDb:261 - Set plugin images path to: /Applications/STM32CubeIDE.app/Contents/Eclipse/plugins/com.st.stm32cube.common.mx_6.15.0.202507011659//db//plugins/mcufinder/images/
2025-10-18 13:50:52,819 [WARN] DbFile:41 - Overriding database path with different value: /Users/jeremyniu/.stmcufinder/plugins/mcufinder/ => /Users/jeremyniu/.stmcufinder/plugins/mcufinder
2025-10-18 13:50:52,819 [INFO] ApiDb:250 - Set database path to: /Users/jeremyniu/.stmcufinder/plugins/mcufinder//mcu/
2025-10-18 13:50:52,820 [WARN] DbFile:41 - Overriding database path with different value: /Users/jeremyniu/.stmcufinder/plugins/mcufinder/ => /Users/jeremyniu/.stmcufinder/plugins/mcufinder
2025-10-18 13:50:52,820 [INFO] DbMcusAds:125 - Set database path to: /Users/jeremyniu/.stmcufinder/plugins/mcufinder//mcu/
2025-10-18 13:50:52,820 [WARN] DbFile:41 - Overriding database path with different value: /Users/jeremyniu/.stmcufinder/plugins/mcufinder/ => /Users/jeremyniu/.stmcufinder/plugins/mcufinder
2025-10-18 13:50:52,820 [WARN] DbFile:41 - Overriding database path with different value: /Users/jeremyniu/.stmcufinder/plugins/mcufinder/ => /Users/jeremyniu/.stmcufinder/plugins/mcufinder
2025-10-18 13:50:52,820 [INFO] CrossReferenceDbSqlite:203 - Set database path to: /Users/jeremyniu/.stmcufinder/plugins/mcufinder//mcu/cs/
2025-10-18 13:50:52,905 [INFO] MainPanel:274 - HeapMemory: 268435456
2025-10-18 13:50:53,176 [INFO] DbMcusXml:78 - Set database path to: /Applications/STM32CubeIDE.app/Contents/Eclipse/plugins/com.st.stm32cube.common.mx_6.15.0.202507011659//db//mcu/
2025-10-18 13:50:53,176 [INFO] ApiDb:274 - Set plugin database path to: /Applications/STM32CubeIDE.app/Contents/Eclipse/plugins/com.st.stm32cube.common.mx_6.15.0.202507011659//db//plugins/boardmanager/
2025-10-18 13:50:53,176 [INFO] ApiDb:261 - Set plugin images path to: /Applications/STM32CubeIDE.app/Contents/Eclipse/plugins/com.st.stm32cube.common.mx_6.15.0.202507011659//db//plugins/mcufinder/images/
2025-10-18 13:50:53,177 [WARN] DbFile:41 - Overriding database path with different value: /Users/jeremyniu/.stmcufinder/plugins/mcufinder/ => /Users/jeremyniu/.stmcufinder/plugins/mcufinder
2025-10-18 13:50:53,177 [INFO] ApiDb:250 - Set database path to: /Users/jeremyniu/.stmcufinder/plugins/mcufinder//mcu/
2025-10-18 13:50:53,177 [WARN] DbFile:41 - Overriding database path with different value: /Users/jeremyniu/.stmcufinder/plugins/mcufinder/ => /Users/jeremyniu/.stmcufinder/plugins/mcufinder
2025-10-18 13:50:53,177 [INFO] DbMcusAds:125 - Set database path to: /Users/jeremyniu/.stmcufinder/plugins/mcufinder//mcu/
2025-10-18 13:50:53,177 [WARN] DbFile:41 - Overriding database path with different value: /Users/jeremyniu/.stmcufinder/plugins/mcufinder/ => /Users/jeremyniu/.stmcufinder/plugins/mcufinder
2025-10-18 13:50:53,177 [WARN] DbFile:41 - Overriding database path with different value: /Users/jeremyniu/.stmcufinder/plugins/mcufinder/ => /Users/jeremyniu/.stmcufinder/plugins/mcufinder
2025-10-18 13:50:53,177 [INFO] CrossReferenceDbSqlite:203 - Set database path to: /Users/jeremyniu/.stmcufinder/plugins/mcufinder//mcu/cs/
2025-10-18 13:50:53,198 [INFO] ApplicationProperties:184 - Using Application install path: /Applications/STM32CubeIDE.app/Contents/Eclipse/plugins/com.st.stm32cube.common.mx_6.15.0.202507011659
2025-10-18 13:50:53,199 [INFO] PluginManage:196 - Search for loadable plugins [exclusion list=, ]
2025-10-18 13:50:53,201 [INFO] PluginManage:310 - Check plugin analytics
2025-10-18 13:50:53,457 [INFO] AnalyticsPlugin:253 - Accepted Software Licenses: 
2025-10-18 13:50:53,457 [INFO] AnalyticsPlugin:255 - Accepted CMSIS Pack Licenses: 
2025-10-18 13:50:53,457 [INFO] AnalyticsPlugin:257 - Accepted Firmware Licenses: 
2025-10-18 13:50:53,463 [INFO] PluginManage:359 - Loaded plugin analytics (category:tool,tabindex:-1)
2025-10-18 13:50:53,465 [INFO] PluginManage:310 - Check plugin cadmodel
2025-10-18 13:50:53,478 [INFO] CADModel:105 - Init CAD model plugin
2025-10-18 13:50:53,478 [INFO] PluginManage:359 - Loaded plugin cadmodel (category:power,tabindex:5)
2025-10-18 13:50:53,479 [INFO] PluginManage:310 - Check plugin clock
2025-10-18 13:50:53,488 [INFO] PluginManage:359 - Loaded plugin clock (category:base,tabindex:2)
2025-10-18 13:50:53,489 [INFO] PluginManage:310 - Check plugin ddr
2025-10-18 13:50:53,491 [INFO] PluginManage:359 - Loaded plugin ddr (category:tool,tabindex:6)
2025-10-18 13:50:53,491 [INFO] PluginManage:310 - Check plugin filemanager
2025-10-18 13:50:53,665 [INFO] PluginManage:359 - Loaded plugin filemanager (category:base,tabindex:10)
2025-10-18 13:50:53,665 [INFO] PluginManage:310 - Check plugin ipmanager
2025-10-18 13:50:53,672 [INFO] PluginManage:359 - Loaded plugin ipmanager (category:base,tabindex:5)
2025-10-18 13:50:53,672 [INFO] PluginManage:310 - Check plugin lpbam
2025-10-18 13:50:53,684 [INFO] PluginManage:359 - Loaded plugin lpbam (category:base,tabindex:0)
2025-10-18 13:50:53,685 [INFO] PluginManage:310 - Check plugin memorymap
2025-10-18 13:50:53,695 [INFO] PluginManage:359 - Loaded plugin memorymap (category:base,tabindex:4)
2025-10-18 13:50:53,695 [INFO] PluginManage:310 - Check plugin pinoutandconfiguration
2025-10-18 13:50:53,702 [INFO] PluginManage:359 - Loaded plugin pinoutandconfiguration (category:base,tabindex:1)
2025-10-18 13:50:53,702 [INFO] PluginManage:310 - Check plugin pinoutconfig
2025-10-18 13:50:53,799 [WARN] SupportedApi:132 - Cannot load RTOS API schema: s4s-elt-must-match.1: The content of 'definitions' must match (annotation?, (simpleType | complexType)?, (unique | key | keyref)*)). A problem was found starting at: attribute.
2025-10-18 13:50:53,961 [INFO] PluginManage:359 - Loaded plugin pinoutconfig (category:base,tabindex:0)
2025-10-18 13:50:53,962 [INFO] PluginManage:310 - Check plugin power
2025-10-18 13:50:53,974 [INFO] PluginManage:359 - Loaded plugin power (category:power,tabindex:4)
2025-10-18 13:50:53,975 [INFO] PluginManage:310 - Check plugin projectmanager
2025-10-18 13:50:53,998 [INFO] PluginManage:359 - Loaded plugin projectmanager (category:projectmanager,tabindex:4)
2025-10-18 13:50:53,998 [INFO] PluginManage:310 - Check plugin rif
2025-10-18 13:50:54,006 [INFO] PluginManage:359 - Loaded plugin rif (category:base,tabindex:3)
2025-10-18 13:50:54,006 [INFO] PluginManage:310 - Check plugin thirdparty
2025-10-18 13:50:54,186 [INFO] PluginManage:359 - Loaded plugin thirdparty (category:base,tabindex:-1)
2025-10-18 13:50:54,186 [WARN] IntegrityCheckThread:84 - waiting for thirdparty lock release [integrity check]
2025-10-18 13:50:54,187 [INFO] PluginManage:310 - Check plugin tools
2025-10-18 13:50:54,187 [INFO] IntegrityCheckThread:86 - entering critical section [integrity check]
2025-10-18 13:50:54,188 [INFO] ThirdPartyUpdaterWithRetryManager:70 - Updater plugin not ready yet. [1/15]
2025-10-18 13:50:54,189 [INFO] PluginManage:359 - Loaded plugin tools (category:base,tabindex:7)
2025-10-18 13:50:54,190 [INFO] PluginManage:310 - Check plugin tutovideos
2025-10-18 13:50:54,400 [INFO] PluginManage:359 - Loaded plugin tutovideos (category:base,tabindex:-1)
2025-10-18 13:50:54,401 [INFO] PluginManage:310 - Check plugin updater
2025-10-18 13:50:54,436 [INFO] PluginManage:359 - Loaded plugin updater (category:base,tabindex:12)
2025-10-18 13:50:54,436 [INFO] PluginManage:310 - Check plugin userauth
2025-10-18 13:50:54,441 [INFO] UserAuth:118 - Init User Auth plugin
2025-10-18 13:50:54,442 [INFO] PluginManage:359 - Loaded plugin userauth (category:base,tabindex:14)
2025-10-18 13:50:54,443 [INFO] PluginManage:283 - PluginManage : Loaded plugins [18]
2025-10-18 13:50:54,681 [INFO] PinOutPanel:1589 - setPackage(No Configuration,No Configuration)
2025-10-18 13:50:54,755 [INFO] CADModel:165 - CPN selected for project level
2025-10-18 13:50:54,756 [INFO] CADModel:114 - Register for checkConnection events
2025-10-18 13:50:54,767 [INFO] IPUIPlugin:80 - create IPUIPlugin
2025-10-18 13:50:54,767 [INFO] PluginManager:220 - loadIPPluginJar : add mdma
2025-10-18 13:50:54,775 [INFO] IPUIPlugin:80 - create IPUIPlugin
2025-10-18 13:50:54,775 [INFO] PluginManager:220 - loadIPPluginJar : add freertos
2025-10-18 13:50:54,779 [INFO] IPUIPlugin:80 - create IPUIPlugin
2025-10-18 13:50:54,779 [INFO] PluginManager:220 - loadIPPluginJar : add gic
2025-10-18 13:50:54,787 [INFO] IPUIPlugin:80 - create IPUIPlugin
2025-10-18 13:50:54,788 [INFO] PluginManager:220 - loadIPPluginJar : add adc
2025-10-18 13:50:54,789 [INFO] IPUIPlugin:80 - create IPUIPlugin
2025-10-18 13:50:54,789 [INFO] PluginManager:220 - loadIPPluginJar : add gtzc
2025-10-18 13:50:54,790 [INFO] IPUIPlugin:80 - create IPUIPlugin
2025-10-18 13:50:54,790 [INFO] PluginManager:220 - loadIPPluginJar : add quadspi
2025-10-18 13:50:54,791 [INFO] IPUIPlugin:80 - create IPUIPlugin
2025-10-18 13:50:54,791 [INFO] PluginManager:220 - loadIPPluginJar : add aes
2025-10-18 13:50:54,792 [INFO] IPUIPlugin:80 - create IPUIPlugin
2025-10-18 13:50:54,792 [INFO] PluginManager:220 - loadIPPluginJar : add pdm2pcm
2025-10-18 13:50:54,794 [INFO] IPUIPlugin:80 - create IPUIPlugin
2025-10-18 13:50:54,794 [INFO] PluginManager:220 - loadIPPluginJar : add hash
2025-10-18 13:50:54,795 [INFO] IPUIPlugin:80 - create IPUIPlugin
2025-10-18 13:50:54,795 [INFO] PluginManager:220 - loadIPPluginJar : add tim
2025-10-18 13:50:54,796 [INFO] IPUIPlugin:80 - create IPUIPlugin
2025-10-18 13:50:54,797 [INFO] PluginManager:220 - loadIPPluginJar : add tsc
2025-10-18 13:50:54,798 [INFO] IPUIPlugin:80 - create IPUIPlugin
2025-10-18 13:50:54,798 [INFO] PluginManager:220 - loadIPPluginJar : add extmemmanager
2025-10-18 13:50:54,800 [INFO] IPUIPlugin:80 - create IPUIPlugin
2025-10-18 13:50:54,800 [INFO] PluginManager:220 - loadIPPluginJar : add ts
2025-10-18 13:50:54,801 [INFO] IPUIPlugin:80 - create IPUIPlugin
2025-10-18 13:50:54,801 [INFO] PluginManager:220 - loadIPPluginJar : add radio
2025-10-18 13:50:54,802 [INFO] IPUIPlugin:80 - create IPUIPlugin
2025-10-18 13:50:54,803 [INFO] PluginManager:220 - loadIPPluginJar : add can
2025-10-18 13:50:54,804 [INFO] IPUIPlugin:80 - create IPUIPlugin
2025-10-18 13:50:54,804 [INFO] PluginManager:220 - loadIPPluginJar : add dma3
2025-10-18 13:50:54,805 [INFO] IPUIPlugin:80 - create IPUIPlugin
2025-10-18 13:50:54,805 [INFO] PluginManager:220 - loadIPPluginJar : add dfsdm
2025-10-18 13:50:54,805 [INFO] IPUIPlugin:80 - create IPUIPlugin
2025-10-18 13:50:54,805 [INFO] PluginManager:220 - loadIPPluginJar : add spi
2025-10-18 13:50:54,807 [INFO] IPUIPlugin:80 - create IPUIPlugin
2025-10-18 13:50:54,807 [INFO] PluginManager:220 - loadIPPluginJar : add gfxmmu
2025-10-18 13:50:54,808 [INFO] IPUIPlugin:80 - create IPUIPlugin
2025-10-18 13:50:54,808 [INFO] PluginManager:220 - loadIPPluginJar : add genericplugin
2025-10-18 13:50:54,809 [INFO] IPUIPlugin:80 - create IPUIPlugin
2025-10-18 13:50:54,809 [INFO] PluginManager:220 - loadIPPluginJar : add cryp
2025-10-18 13:50:54,813 [INFO] IPUIPlugin:80 - create IPUIPlugin
2025-10-18 13:50:54,813 [INFO] PluginManager:220 - loadIPPluginJar : add gpio
2025-10-18 13:50:54,815 [INFO] IPUIPlugin:80 - create IPUIPlugin
2025-10-18 13:50:54,815 [INFO] PluginManager:220 - loadIPPluginJar : add ddr_ctrl_phy
2025-10-18 13:50:54,817 [INFO] IPUIPlugin:80 - create IPUIPlugin
2025-10-18 13:50:54,817 [INFO] PluginManager:220 - loadIPPluginJar : add comp
2025-10-18 13:50:54,818 [INFO] IPUIPlugin:80 - create IPUIPlugin
2025-10-18 13:50:54,818 [INFO] PluginManager:220 - loadIPPluginJar : add tracer_emb
2025-10-18 13:50:54,820 [INFO] IPUIPlugin:80 - create IPUIPlugin
2025-10-18 13:50:54,821 [INFO] PluginManager:220 - loadIPPluginJar : add openamp
2025-10-18 13:50:54,825 [INFO] IPUIPlugin:80 - create IPUIPlugin
2025-10-18 13:50:54,825 [INFO] PluginManager:220 - loadIPPluginJar : add stm32_wpan
2025-10-18 13:50:54,829 [INFO] IPUIPlugin:80 - create IPUIPlugin
2025-10-18 13:50:54,833 [INFO] PluginManager:220 - loadIPPluginJar : add plateformsettings
2025-10-18 13:50:54,835 [INFO] IPUIPlugin:80 - create IPUIPlugin
2025-10-18 13:50:54,835 [INFO] PluginManager:220 - loadIPPluginJar : add ipddr
2025-10-18 13:50:54,837 [INFO] IPUIPlugin:80 - create IPUIPlugin
2025-10-18 13:50:54,837 [INFO] PluginManager:220 - loadIPPluginJar : add usart
2025-10-18 13:50:54,837 [INFO] IPUIPlugin:80 - create IPUIPlugin
2025-10-18 13:50:54,837 [INFO] PluginManager:220 - loadIPPluginJar : add ltdc
2025-10-18 13:50:54,840 [INFO] IPUIPlugin:80 - create IPUIPlugin
2025-10-18 13:50:54,840 [INFO] PluginManager:220 - loadIPPluginJar : add nvic
2025-10-18 13:50:54,841 [INFO] IPUIPlugin:80 - create IPUIPlugin
2025-10-18 13:50:54,841 [INFO] PluginManager:220 - loadIPPluginJar : add fatfs
2025-10-18 13:50:54,849 [INFO] IPUIPlugin:80 - create IPUIPlugin
2025-10-18 13:50:54,849 [INFO] PluginManager:220 - loadIPPluginJar : add linkedlist
2025-10-18 13:50:54,854 [INFO] IPUIPlugin:80 - create IPUIPlugin
2025-10-18 13:50:54,855 [INFO] PluginManager:220 - loadIPPluginJar : add dma
2025-10-18 13:50:54,857 [INFO] IPUIPlugin:80 - create IPUIPlugin
2025-10-18 13:50:54,857 [INFO] PluginManager:220 - loadIPPluginJar : add fmc
2025-10-18 13:50:54,859 [INFO] IPUIPlugin:80 - create IPUIPlugin
2025-10-18 13:50:54,859 [INFO] PluginManager:220 - loadIPPluginJar : add i2s
2025-10-18 13:50:54,860 [INFO] IPUIPlugin:80 - create IPUIPlugin
2025-10-18 13:50:54,860 [INFO] PluginManager:220 - loadIPPluginJar : add ucpd
2025-10-18 13:50:54,861 [INFO] IPUIPlugin:80 - create IPUIPlugin
2025-10-18 13:50:54,861 [INFO] PluginManager:220 - loadIPPluginJar : add lorawan
2025-10-18 13:50:54,863 [INFO] IPUIPlugin:80 - create IPUIPlugin
2025-10-18 13:50:54,863 [INFO] PluginManager:220 - loadIPPluginJar : add opamp
2025-10-18 13:50:54,864 [INFO] IPUIPlugin:80 - create IPUIPlugin
2025-10-18 13:50:54,864 [INFO] PluginManager:220 - loadIPPluginJar : add i3c
2025-10-18 13:50:54,866 [INFO] IPUIPlugin:80 - create IPUIPlugin
2025-10-18 13:50:54,866 [INFO] PluginManager:220 - loadIPPluginJar : add touchsensing
2025-10-18 13:50:54,868 [INFO] IPUIPlugin:80 - create IPUIPlugin
2025-10-18 13:50:54,868 [INFO] PluginManager:220 - loadIPPluginJar : add i2c
2025-10-18 13:50:54,871 [INFO] IPUIPlugin:80 - create IPUIPlugin
2025-10-18 13:50:54,871 [INFO] PluginManager:220 - loadIPPluginJar : add resmgrutility
2025-10-18 13:50:54,873 [INFO] IPUIPlugin:80 - create IPUIPlugin
2025-10-18 13:50:54,873 [INFO] PluginManager:220 - loadIPPluginJar : add sai
2025-10-18 13:50:54,875 [INFO] IPUIPlugin:80 - create IPUIPlugin
2025-10-18 13:50:54,875 [INFO] PluginManager:220 - loadIPPluginJar : add usbx
2025-10-18 13:50:54,994 [FATAL] Updater:351 - Updater called before beeing initialized
2025-10-18 13:50:55,043 [INFO] RulesReader:64 - Compatibility file has been processed (317 Rules)
2025-10-18 13:50:55,057 [INFO] RulesReader:64 - Compatibility file has been processed (317 Rules)
2025-10-18 13:50:55,065 [INFO] CADModel:165 - CPN selected for project level
2025-10-18 13:50:55,065 [INFO] CADModel:114 - Register for checkConnection events
2025-10-18 13:50:55,065 [FATAL] Updater:351 - Updater called before beeing initialized
2025-10-18 13:50:55,065 [ERROR] CADModel:125 - Updater not yet initialized, retry later 
2025-10-18 13:50:55,317 [FATAL] Updater:351 - Updater called before beeing initialized
2025-10-18 13:50:55,318 [INFO] CADModel:165 - CPN selected for project level
2025-10-18 13:50:55,318 [INFO] CADModel:114 - Register for checkConnection events
2025-10-18 13:50:55,318 [FATAL] Updater:351 - Updater called before beeing initialized
2025-10-18 13:50:55,318 [ERROR] CADModel:125 - Updater not yet initialized, retry later 
2025-10-18 13:50:55,321 [FATAL] Updater:351 - Updater called before beeing initialized
2025-10-18 13:50:55,509 [FATAL] Updater:351 - Updater called before beeing initialized
2025-10-18 13:50:55,514 [INFO] DbMcusAds:53 - JSON generation date=Thu Oct 02 05:36:05 EDT 2025 (1759397765645)
2025-10-18 13:50:55,515 [FATAL] Updater:351 - Updater called before beeing initialized
2025-10-18 13:50:55,566 [WARN] DetailPanel:346 - Failed to get advertising image, set to default
2025-10-18 13:50:55,643 [FATAL] Updater:351 - Updater called before beeing initialized
2025-10-18 13:50:55,647 [FATAL] Updater:351 - Updater called before beeing initialized
2025-10-18 13:50:55,648 [FATAL] Updater:351 - Updater called before beeing initialized
2025-10-18 13:50:55,648 [WARN] DetailPanel:346 - Failed to get advertising image, set to default
2025-10-18 13:50:55,652 [FATAL] Updater:351 - Updater called before beeing initialized
2025-10-18 13:50:55,706 [ERROR] Updater:1198 - MainUpdater not yet initialized. External WinMGr cannot be set.
2025-10-18 13:50:55,709 [INFO] Updater:1134 - Updater Version found : 6.15.0
2025-10-18 13:50:55,725 [INFO] ApplicationProperties:184 - Using Application install path: /Applications/STM32CubeIDE.app/Contents/Eclipse/plugins/com.st.stm32cube.common.mx_6.15.0.202507011659
2025-10-18 13:50:56,054 [INFO] MainUpdater:2872 - connection check result : 10
2025-10-18 13:50:56,055 [INFO] MainUpdater:289 - Updater Check For Update Now.
2025-10-18 13:50:56,055 [INFO] MicroXplorer:498 - Change Database Version : DB.6.0.150
2025-10-18 13:50:56,062 [INFO] McuFinderGlobals:63 - Set McuFinder mode to 2 (CubeIDE integrated)
2025-10-18 13:50:56,062 [INFO] UserAuth:171 - activating auth plugin
2025-10-18 13:50:56,081 [INFO] UserAuth:487 - Internet connection configuration mode: 1
2025-10-18 13:50:56,100 [INFO] JxBrowserEngine:152 - Initiate JxBrowser Engine with user profile folder
2025-10-18 13:50:56,349 [INFO] CheckServerUpdateThread:120 - End of CheckServer Thread
2025-10-18 13:50:57,396 [WARN] PackLoader:240 - Cannot read IP mode file for STMicroelectronics.FP-SNS-MOTENVWB1.1.4.0
2025-10-18 13:50:57,415 [WARN] PackLoader:240 - Cannot read IP mode file for STMicroelectronics.FP-ATR-ASTRA1.2.0.2
2025-10-18 13:50:57,433 [WARN] PackLoader:240 - Cannot read IP mode file for STMicroelectronics.X-CUBE-SMBUS.2.1.0
2025-10-18 13:50:57,440 [WARN] PackLoader:240 - Cannot read IP mode file for STMicroelectronics.X-CUBE-ST60.1.0.0
2025-10-18 13:50:57,510 [WARN] PackLoader:240 - Cannot read IP mode file for STMicroelectronics.X-CUBE-AZRTOS-F7.1.1.0
2025-10-18 13:50:57,552 [WARN] PackLoader:240 - Cannot read IP mode file for WES.I-CUBE-Cesium.1.4.0
2025-10-18 13:50:57,604 [WARN] PackLoader:240 - Cannot read IP mode file for Infineon.AIROC-Wi-Fi-Bluetooth-STM32.1.7.1
2025-10-18 13:50:57,676 [WARN] PackLoader:240 - Cannot read IP mode file for STMicroelectronics.X-CUBE-AZRTOS-H7.3.4.0
2025-10-18 13:50:57,705 [WARN] PackLoader:240 - Cannot read IP mode file for STMicroelectronics.X-CUBE-DISPLAY.3.0.0
2025-10-18 13:50:57,736 [WARN] PackLoader:240 - Cannot read IP mode file for STMicroelectronics.X-CUBE-NFC10.1.0.0
2025-10-18 13:50:57,748 [WARN] PackLoader:240 - Cannot read IP mode file for STMicroelectronics.X-CUBE-ST60.1.1.0
2025-10-18 13:50:57,756 [WARN] PackLoader:240 - Cannot read IP mode file for emotas.I-CUBE-CANOPEN.1.3.0
2025-10-18 13:50:57,769 [WARN] PackLoader:240 - Cannot read IP mode file for STMicroelectronics.FP-SNS-STBOX1.2.1.0
2025-10-18 13:50:57,782 [WARN] PackLoader:240 - Cannot read IP mode file for STMicroelectronics.FP-SNS-SMARTAG2.1.2.0
2025-10-18 13:50:57,791 [WARN] PackLoader:240 - Cannot read IP mode file for STMicroelectronics.FP-SNS-FLIGHT1.5.1.0
2025-10-18 13:50:57,805 [INFO] LogOutputStream:77 - [STDOUT_REDIRECT] 1 : Invalid condition id : UX_CORESTACK_Condition cause : null
2025-10-18 13:50:57,806 [INFO] LogOutputStream:77 - [STDOUT_REDIRECT] 1 : Invalid condition id : UX_CORESTACK_Condition cause : null
2025-10-18 13:50:57,807 [INFO] LogOutputStream:77 - [STDOUT_REDIRECT] 1 : Invalid condition id : UX_CORESTACK_Condition cause : null
2025-10-18 13:50:57,808 [INFO] LogOutputStream:77 - [STDOUT_REDIRECT] 1 : Invalid condition id : UX_CORESTACK_Condition cause : null
2025-10-18 13:50:57,809 [INFO] LogOutputStream:77 - [STDOUT_REDIRECT] 1 : Invalid condition id : UX_CORESTACK_Condition cause : null
2025-10-18 13:50:57,817 [WARN] PackLoader:240 - Cannot read IP mode file for STMicroelectronics.X-CUBE-AZRTOS-WL.2.0.0
2025-10-18 13:50:57,825 [WARN] PackLoader:240 - Cannot read IP mode file for STMicroelectronics.FP-SNS-MOTENV1.5.0.0
2025-10-18 13:50:57,835 [WARN] PackLoader:240 - Cannot read IP mode file for STMicroelectronics.X-CUBE-BLE2.3.3.0
2025-10-18 13:50:57,859 [WARN] PackLoader:240 - Cannot read IP mode file for STMicroelectronics.X-CUBE-NFC9.1.0.0
2025-10-18 13:50:57,868 [WARN] PackLoader:240 - Cannot read IP mode file for wolfSSL.I-CUBE-wolfSSL.5.8.2
2025-10-18 13:50:57,874 [WARN] PackLoader:240 - Cannot read IP mode file for STMicroelectronics.X-CUBE-BLE1.7.1.0
2025-10-18 13:50:57,883 [WARN] PackLoader:240 - Cannot read IP mode file for wolfSSL.I-CUBE-wolfMQTT.1.19.2
2025-10-18 13:50:57,890 [WARN] PackLoader:240 - Cannot read IP mode file for STMicroelectronics.X-CUBE-EEPRMA1.5.2.0
2025-10-18 13:50:57,903 [WARN] PackLoader:240 - Cannot read IP mode file for STMicroelectronics.X-CUBE-ST67W61.1.1.0
2025-10-18 13:50:57,929 [WARN] PackLoader:240 - Cannot read IP mode file for STMicroelectronics.X-CUBE-AZRTOS-G0.1.1.0
2025-10-18 13:50:57,952 [WARN] PackLoader:240 - Cannot read IP mode file for STMicroelectronics.X-CUBE-SAFEA1.1.2.2
2025-10-18 13:50:57,960 [WARN] PackLoader:240 - Cannot read IP mode file for STMicroelectronics.X-CUBE-NFC4.3.0.0
2025-10-18 13:50:57,979 [WARN] PackLoader:240 - Cannot read IP mode file for EmbeddedOffice.I-CUBE-FS-RTOS.1.0.1
2025-10-18 13:50:57,988 [WARN] PackLoader:240 - Cannot read IP mode file for STMicroelectronics.X-CUBE-WB05N.2.0.0
2025-10-18 13:50:57,996 [WARN] PackLoader:240 - Cannot read IP mode file for wolfSSL.I-CUBE-wolfTPM.3.8.0
2025-10-18 13:50:58,009 [WARN] PackLoader:240 - Cannot read IP mode file for STMicroelectronics.X-CUBE-TCPP.4.2.0
2025-10-18 13:50:58,018 [WARN] PackLoader:240 - Cannot read IP mode file for RealThread.X-CUBE-RT-Thread_Nano.4.1.1
2025-10-18 13:50:58,026 [WARN] PackLoader:240 - Cannot read IP mode file for STMicroelectronics.FP-ATR-SIGFOX1.3.2.0
2025-10-18 13:50:58,032 [WARN] PackLoader:240 - Cannot read IP mode file for ITTIA_DB.I-CUBE-ITTIADB.8.9.0
2025-10-18 13:50:58,096 [WARN] PackLoader:240 - Cannot read IP mode file for STMicroelectronics.X-CUBE-ST67W61.1.0.0
2025-10-18 13:50:58,394 [WARN] PackLoader:240 - Cannot read IP mode file for STMicroelectronics.X-CUBE-AI.10.2.0
2025-10-18 13:50:58,513 [WARN] PackLoader:240 - Cannot read IP mode file for SEGGER.I-CUBE-embOS.1.3.1
2025-10-18 13:50:58,590 [WARN] PackLoader:240 - Cannot read IP mode file for STMicroelectronics.X-CUBE-ALGOBUILD.1.4.0
2025-10-18 13:50:58,707 [WARN] PackLoader:240 - Cannot read IP mode file for STMicroelectronics.X-CUBE-MEMS1.11.3.0
2025-10-18 13:50:58,830 [WARN] PackLoader:240 - Cannot read IP mode file for STMicroelectronics.X-CUBE-PM33A1.1.0.0
2025-10-18 13:50:58,855 [WARN] PackLoader:240 - Cannot read IP mode file for STMicroelectronics.X-CUBE-AZRTOS-F4.1.1.0
2025-10-18 13:50:58,863 [WARN] PackLoader:240 - Cannot read IP mode file for Avnet-IotConnect.X-CUBE-IoTC-DA16k-PMOD.1.0.0
2025-10-18 13:50:58,866 [WARN] PackLoader:240 - Cannot read IP mode file for STMicroelectronics.X-CUBE-ISPU.2.1.0
2025-10-18 13:50:58,881 [WARN] PackLoader:240 - Cannot read IP mode file for STMicroelectronics.X-CUBE-IPS.3.2.0
2025-10-18 13:50:58,896 [WARN] PackLoader:240 - Cannot read IP mode file for STMicroelectronics.X-CUBE-NFC12.1.0.0
2025-10-18 13:50:58,927 [WARN] PackLoader:240 - Cannot read IP mode file for STMicroelectronics.X-CUBE-AZRTOS-L5.2.0.0
2025-10-18 13:50:58,952 [WARN] PackLoader:240 - Cannot read IP mode file for STMicroelectronics.X-CUBE-NFC6.3.1.0
2025-10-18 13:50:58,962 [WARN] PackLoader:240 - Cannot read IP mode file for STMicroelectronics.X-CUBE-FREERTOS.1.3.1
2025-10-18 13:50:58,970 [WARN] PackLoader:240 - Cannot read IP mode file for STMicroelectronics.X-CUBE-TOUCHGFX.4.26.0
2025-10-18 13:50:58,975 [WARN] PackLoader:240 - Cannot read IP mode file for STMicroelectronics.FP-SNS-STAIOTCFT.1.0.0
2025-10-18 13:50:58,984 [WARN] PackLoader:240 - Cannot read IP mode file for STMicroelectronics.X-CUBE-DPower.1.3.0
2025-10-18 13:50:59,010 [WARN] ConditionMgr:438 - getConditionDescription Invalid condition id : LAN8742 Phy interface Condition cause : null
2025-10-18 13:50:59,013 [WARN] PackLoader:240 - Cannot read IP mode file for STMicroelectronics.X-CUBE-AZRTOS-L4.2.0.0
2025-10-18 13:50:59,016 [WARN] ConditionMgr:1044 - genDependencies : Invalid condition id : LAN8742 Phy interface Condition cause : null
2025-10-18 13:50:59,017 [WARN] ConditionMgr:1044 - genDependencies : Invalid condition id : LAN8742 Phy interface Condition cause : null
2025-10-18 13:50:59,018 [WARN] ConditionMgr:1044 - genDependencies : Invalid condition id : LAN8742 Phy interface Condition cause : null
2025-10-18 13:50:59,025 [WARN] PackLoader:240 - Cannot read IP mode file for STMicroelectronics.X-CUBE-SFXS2LP1.4.0.0
2025-10-18 13:50:59,045 [WARN] PackLoader:240 - Cannot read IP mode file for STMicroelectronics.X-CUBE-BLEMGR.4.1.0
2025-10-18 13:50:59,077 [WARN] ConditionMgr:438 - getConditionDescription Invalid condition id : UX DEVICE CLASS RTOS Condition cause : null
2025-10-18 13:50:59,077 [WARN] ConditionMgr:438 - getConditionDescription Invalid condition id : UX DEVICE CLASS RTOS Condition cause : null
2025-10-18 13:50:59,081 [WARN] PackLoader:240 - Cannot read IP mode file for STMicroelectronics.X-CUBE-AZRTOS-WB.2.0.0
2025-10-18 13:50:59,085 [WARN] ConditionMgr:1044 - genDependencies : Invalid condition id : UX DEVICE CLASS RTOS Condition cause : null
2025-10-18 13:50:59,085 [WARN] ConditionMgr:1044 - genDependencies : Invalid condition id : UX DEVICE CLASS RTOS Condition cause : null
2025-10-18 13:50:59,086 [WARN] ConditionMgr:1044 - genDependencies : Invalid condition id : UX DEVICE CLASS RTOS Condition cause : null
2025-10-18 13:50:59,086 [WARN] ConditionMgr:1044 - genDependencies : Invalid condition id : UX DEVICE CLASS RTOS Condition cause : null
2025-10-18 13:50:59,086 [WARN] ConditionMgr:1044 - genDependencies : Invalid condition id : UX DEVICE CLASS RTOS Condition cause : null
2025-10-18 13:50:59,098 [WARN] PackLoader:240 - Cannot read IP mode file for STMicroelectronics.X-CUBE-GNSS1.7.0.1
2025-10-18 13:50:59,103 [WARN] PackLoader:240 - Cannot read IP mode file for STMicroelectronics.X-CUBE-TOUCHGFX.4.25.0
2025-10-18 13:50:59,106 [WARN] ConditionMgr:438 - getConditionDescription Invalid condition id : Cortex-A Device cause : null
2025-10-18 13:50:59,168 [WARN] ConditionMgr:1044 - genDependencies : Invalid condition id : Cortex-A Device cause : null
2025-10-18 13:50:59,168 [WARN] ConditionMgr:1044 - genDependencies : Invalid condition id : Cortex-A Device cause : null
2025-10-18 13:50:59,168 [WARN] ConditionMgr:1044 - genDependencies : Invalid condition id : Cortex-A Device cause : null
2025-10-18 13:50:59,181 [WARN] PackLoader:240 - Cannot read IP mode file for STMicroelectronics.X-CUBE-SUBG2.5.0.0
2025-10-18 13:50:59,214 [WARN] PackLoader:240 - Cannot read IP mode file for STMicroelectronics.X-CUBE-AZRTOS-H7RS.1.1.0
2025-10-18 13:50:59,220 [WARN] PackLoader:240 - Cannot read IP mode file for Cesanta.I-CUBE-Mongoose.7.13.0
2025-10-18 13:50:59,238 [WARN] PackLoader:240 - Cannot read IP mode file for STMicroelectronics.X-CUBE-AZRTOS-G4.2.0.0
2025-10-18 13:50:59,246 [WARN] PackLoader:240 - Cannot read IP mode file for wolfSSL.I-CUBE-wolfSSH.1.4.20
2025-10-18 13:50:59,253 [WARN] PackLoader:240 - Cannot read IP mode file for STMicroelectronics.X-CUBE-NFC7.2.0.0
2025-10-18 13:50:59,269 [WARN] PackLoader:240 - Cannot read IP mode file for STMicroelectronics.X-CUBE-IPS.3.1.0
2025-10-18 13:50:59,284 [WARN] PackLoader:240 - Cannot read IP mode file for STMicroelectronics.X-CUBE-ALS.1.0.2
2025-10-18 13:50:59,296 [WARN] PackLoader:240 - Cannot read IP mode file for STMicroelectronics.X-CUBE-STSE01.1.0.0
2025-10-18 13:50:59,309 [WARN] PackLoader:240 - Cannot read IP mode file for STMicroelectronics.X-CUBE-TOF1.3.4.3
2025-10-18 13:50:59,426 [INFO] ThirdParty:978 - Integrity check success = true
2025-10-18 13:50:59,437 [INFO] IntegrityCheckThread:100 - exiting critical section [integrity check]
2025-10-18 13:50:59,441 [INFO] IntegrityCheckThread:103 - End integrity checks thread
2025-10-18 13:51:00,335 [INFO] WebApp:169 - Instantiating new browser for Auth
2025-10-18 13:51:01,629 [INFO] WebApp:463 - Apply proxy settings
2025-10-18 13:51:01,678 [INFO] WebApp:508 - Chromium authenticates against Manually configured proxy
2025-10-18 13:51:01,698 [INFO] WebApp:516 - Username used for proxy authentication: 
2025-10-18 13:51:01,742 [INFO] WebApp:900 - Register for checkConnection events
2025-10-18 13:51:01,743 [INFO] WebApp:463 - Apply proxy settings
2025-10-18 13:51:01,752 [INFO] WebApp:508 - Chromium authenticates against Manually configured proxy
2025-10-18 13:51:01,753 [INFO] WebApp:516 - Username used for proxy authentication: 
2025-10-18 13:51:02,013 [INFO] WebApp:225 - Starting web application
2025-10-18 13:51:02,016 [INFO] WebApp:593 - Web application path used /Applications/STM32CubeIDE.app/Contents/Eclipse/plugins/com.st.stm32cube.common.mx_6.15.0.202507011659/db/plugins/mcufinder/reactClient1/index.html
2025-10-18 13:51:02,414 [INFO] WebApp:191 - Connection restablished
2025-10-18 13:51:14,580 [INFO] McuFinderGlobals:63 - Set McuFinder mode to 2 (CubeIDE integrated)
2025-10-18 13:51:14,595 [INFO] UserAuth:171 - activating auth plugin
2025-10-18 13:51:14,640 [INFO] UserAuth:487 - Internet connection configuration mode: 1
2025-10-18 13:53:12,534 [INFO] WebApp:650 - userauth.ini created with success
2025-10-18 13:53:17,327 [INFO] MainUpdater:2872 - connection check result : 10
2025-10-18 13:53:19,653 [INFO] CheckServerUpdateThread:120 - End of CheckServer Thread
2025-10-18 13:53:35,118 [INFO] ServerAccessManage:452 - Complete download http(s) 200
2025-10-18 13:53:35,121 [INFO] ServerAccessManage:509 - Download File stm32cube_fw_f0_v1110.zip
2025-10-18 13:54:08,102 [WARN] FileExtend:469 - File entry not found
2025-10-18 13:54:08,108 [INFO] FileExtend:248 - Unzip File : stm32cube_fw_f0_v1110.zip
2025-10-18 13:54:08,112 [INFO] FileExtend:263 - Standard Zip Deflate
2025-10-18 13:54:13,653 [INFO] ServerAccessManage:452 - Complete download http(s) 200
2025-10-18 13:54:13,680 [INFO] ServerAccessManage:509 - Download File stm32cube_fw_f0_v1115.zip
2025-10-18 13:54:15,960 [INFO] FileExtend:248 - Unzip File : stm32cube_fw_f0_v1115.zip
2025-10-18 13:54:15,974 [INFO] FileExtend:263 - Standard Zip Deflate
2025-10-18 13:54:19,324 [INFO] LoadServerPackagesThread:196 - End of LoadServerPackages Thread
2025-10-18 13:54:19,847 [INFO] CheckServerUpdateThread:120 - End of CheckServer Thread
2025-10-18 13:54:38,331 [INFO] ServerAccessManage:452 - Complete download http(s) 200
2025-10-18 13:54:38,343 [INFO] ServerAccessManage:509 - Download File updaters.zip
2025-10-18 13:54:38,420 [INFO] FileExtend:248 - Unzip File : updaters.zip
2025-10-18 13:54:38,420 [INFO] FileExtend:263 - Standard Zip Deflate
2025-10-18 13:54:38,555 [INFO] ServerAccessManage:452 - Complete download http(s) 200
2025-10-18 13:54:38,556 [INFO] ServerAccessManage:509 - Download File PacksControlFlags.xml
2025-10-18 13:54:38,625 [INFO] ServerAccessManage:452 - Complete download http(s) 200
2025-10-18 13:54:38,626 [INFO] ServerAccessManage:509 - Download File cubemx.pidx
2025-10-18 13:54:39,041 [INFO] ServerAccessManage:452 - Complete download http(s) 200
2025-10-18 13:54:39,042 [INFO] ServerAccessManage:509 - Download File STMicroelectronics.FP-ATR-ASTRA1.pdsc
2025-10-18 13:54:39,859 [INFO] ServerAccessManage:452 - Complete download http(s) 200
2025-10-18 13:54:39,859 [INFO] ServerAccessManage:509 - Download File STMicroelectronics.FP-ATR-SIGFOX1.pdsc
2025-10-18 13:54:40,194 [INFO] ServerAccessManage:452 - Complete download http(s) 200
2025-10-18 13:54:40,194 [INFO] ServerAccessManage:509 - Download File STMicroelectronics.FP-SNS-STBOX1.pdsc
2025-10-18 13:54:40,659 [INFO] ServerAccessManage:452 - Complete download http(s) 200
2025-10-18 13:54:40,659 [INFO] ServerAccessManage:509 - Download File STMicroelectronics.FP-SNS-FLIGHT1.pdsc
2025-10-18 13:54:41,172 [INFO] ServerAccessManage:452 - Complete download http(s) 200
2025-10-18 13:54:41,172 [INFO] ServerAccessManage:509 - Download File STMicroelectronics.FP-SNS-MOTENV1.pdsc
2025-10-18 13:54:41,890 [INFO] ServerAccessManage:452 - Complete download http(s) 200
2025-10-18 13:54:41,891 [INFO] ServerAccessManage:509 - Download File STMicroelectronics.FP-SNS-MOTENVWB1.pdsc
2025-10-18 13:54:42,485 [INFO] ServerAccessManage:452 - Complete download http(s) 200
2025-10-18 13:54:42,485 [INFO] ServerAccessManage:509 - Download File STMicroelectronics.FP-SNS-SMARTAG2.pdsc
2025-10-18 13:54:43,147 [INFO] ServerAccessManage:452 - Complete download http(s) 200
2025-10-18 13:54:43,148 [INFO] ServerAccessManage:509 - Download File STMicroelectronics.FP-SNS-STAIOTCFT.pdsc
2025-10-18 13:54:43,289 [INFO] ServerAccessManage:452 - Complete download http(s) 200
2025-10-18 13:54:43,289 [INFO] ServerAccessManage:509 - Download File STMicroelectronics.X-CUBE-AI.pdsc
2025-10-18 13:54:44,837 [INFO] ServerAccessManage:452 - Complete download http(s) 200
2025-10-18 13:54:44,840 [INFO] ServerAccessManage:509 - Download File STMicroelectronics.X-CUBE-ALS.pdsc
2025-10-18 13:54:46,782 [INFO] ServerAccessManage:452 - Complete download http(s) 200
2025-10-18 13:54:46,784 [INFO] ServerAccessManage:509 - Download File STMicroelectronics.X-CUBE-BLE1.pdsc
2025-10-18 13:54:53,061 [ERROR] ServerAccessManage:1212 - Problem, file not found on Server
2025-10-18 13:54:53,379 [INFO] ServerAccessManage:452 - Complete download http(s) 200
2025-10-18 13:54:53,380 [INFO] ServerAccessManage:509 - Download File STMicroelectronics.X-CUBE-BLE2.pdsc
2025-10-18 13:54:57,169 [INFO] ServerAccessManage:452 - Complete download http(s) 200
2025-10-18 13:54:57,170 [INFO] ServerAccessManage:509 - Download File STMicroelectronics.X-CUBE-BLEMGR.pdsc
2025-10-18 13:54:57,586 [ERROR] ServerAccessManage:1212 - Problem, file not found on Server
2025-10-18 13:54:58,407 [INFO] ServerAccessManage:452 - Complete download http(s) 200
2025-10-18 13:54:58,408 [INFO] ServerAccessManage:509 - Download File STMicroelectronics.X-CUBE-DISPLAY.pdsc
2025-10-18 13:55:01,330 [INFO] ServerAccessManage:452 - Complete download http(s) 200
2025-10-18 13:55:01,331 [INFO] ServerAccessManage:509 - Download File STMicroelectronics.X-CUBE-DPOWER.pdsc
2025-10-18 13:55:01,890 [ERROR] ServerAccessManage:1212 - Problem, file not found on Server
2025-10-18 13:55:02,302 [ERROR] ServerAccessManage:1212 - Problem, file not found on Server
2025-10-18 13:55:02,783 [ERROR] ServerAccessManage:1212 - Problem, file not found on Server
2025-10-18 13:55:03,191 [ERROR] ServerAccessManage:1212 - Problem, file not found on Server
2025-10-18 13:55:03,603 [ERROR] ServerAccessManage:1212 - Problem, file not found on Server
2025-10-18 13:55:04,115 [ERROR] ServerAccessManage:1212 - Problem, file not found on Server
2025-10-18 13:55:04,509 [ERROR] ServerAccessManage:1212 - Problem, file not found on Server
2025-10-18 13:55:04,839 [ERROR] ServerAccessManage:1212 - Problem, file not found on Server
2025-10-18 13:55:05,240 [ERROR] ServerAccessManage:1212 - Problem, file not found on Server
2025-10-18 13:55:05,650 [ERROR] ServerAccessManage:1212 - Problem, file not found on Server
2025-10-18 13:55:05,959 [ERROR] ServerAccessManage:1212 - Problem, file not found on Server
2025-10-18 13:55:06,091 [INFO] ServerAccessManage:452 - Complete download http(s) 200
2025-10-18 13:55:06,092 [INFO] ServerAccessManage:509 - Download File STMicroelectronics.X-CUBE-EEPRMA1.pdsc
2025-10-18 13:55:06,556 [ERROR] ServerAccessManage:1212 - Problem, file not found on Server
2025-10-18 13:55:07,089 [ERROR] ServerAccessManage:1212 - Problem, file not found on Server
2025-10-18 13:55:07,345 [INFO] ServerAccessManage:452 - Complete download http(s) 200
2025-10-18 13:55:07,345 [INFO] ServerAccessManage:509 - Download File STMicroelectronics.X-CUBE-FREERTOS.pdsc
2025-10-18 13:55:08,302 [INFO] ServerAccessManage:452 - Complete download http(s) 200
2025-10-18 13:55:08,303 [INFO] ServerAccessManage:509 - Download File STMicroelectronics.X-CUBE-GNSS1.pdsc
2025-10-18 13:55:12,753 [ERROR] ServerAccessManage:1212 - Problem, file not found on Server
2025-10-18 13:55:12,960 [ERROR] ServerAccessManage:1212 - Problem, file not found on Server
2025-10-18 13:55:13,331 [ERROR] ServerAccessManage:1212 - Problem, file not found on Server
2025-10-18 13:55:13,842 [ERROR] ServerAccessManage:1212 - Problem, file not found on Server
2025-10-18 13:55:14,256 [ERROR] ServerAccessManage:1212 - Problem, file not found on Server
2025-10-18 13:55:14,662 [ERROR] ServerAccessManage:1212 - Problem, file not found on Server
2025-10-18 13:55:15,176 [INFO] ServerAccessManage:452 - Complete download http(s) 200
2025-10-18 13:55:15,177 [INFO] ServerAccessManage:509 - Download File STMicroelectronics.X-CUBE-ISPU.pdsc
2025-10-18 13:55:16,750 [INFO] ServerAccessManage:452 - Complete download http(s) 200
2025-10-18 13:55:16,751 [INFO] ServerAccessManage:509 - Download File STMicroelectronics.X-CUBE-IPS.pdsc
2025-10-18 13:55:17,016 [INFO] ServerAccessManage:452 - Complete download http(s) 200
2025-10-18 13:55:17,016 [INFO] ServerAccessManage:509 - Download File STMicroelectronics.X-CUBE-MEMS1.pdsc
2025-10-18 13:55:19,067 [INFO] ServerAccessManage:452 - Complete download http(s) 200
2025-10-18 13:55:19,069 [INFO] ServerAccessManage:509 - Download File STMicroelectronics.X-CUBE-NFC4.pdsc
2025-10-18 13:55:24,582 [INFO] ServerAccessManage:452 - Complete download http(s) 200
2025-10-18 13:55:24,582 [INFO] ServerAccessManage:509 - Download File STMicroelectronics.X-CUBE-NFC6.pdsc
2025-10-18 13:55:25,705 [INFO] ServerAccessManage:452 - Complete download http(s) 200
2025-10-18 13:55:25,706 [INFO] ServerAccessManage:509 - Download File STMicroelectronics.X-CUBE-NFC7.pdsc
2025-10-18 13:55:26,453 [INFO] ServerAccessManage:452 - Complete download http(s) 200
2025-10-18 13:55:26,454 [INFO] ServerAccessManage:509 - Download File STMicroelectronics.X-CUBE-NFC9.pdsc
2025-10-18 13:55:26,951 [INFO] ServerAccessManage:452 - Complete download http(s) 200
2025-10-18 13:55:26,951 [INFO] ServerAccessManage:509 - Download File STMicroelectronics.X-CUBE-NFC10.pdsc
2025-10-18 13:55:27,447 [INFO] ServerAccessManage:452 - Complete download http(s) 200
2025-10-18 13:55:27,448 [INFO] ServerAccessManage:509 - Download File STMicroelectronics.X-CUBE-NFC12.pdsc
2025-10-18 13:55:27,929 [INFO] ServerAccessManage:452 - Complete download http(s) 200
2025-10-18 13:55:27,931 [INFO] ServerAccessManage:509 - Download File STMicroelectronics.X-CUBE-SFXS2LP1.pdsc
2025-10-18 13:55:30,158 [INFO] ServerAccessManage:452 - Complete download http(s) 200
2025-10-18 13:55:30,158 [INFO] ServerAccessManage:509 - Download File STMicroelectronics.X-CUBE-SAFEA1.pdsc
2025-10-18 13:55:31,047 [INFO] ServerAccessManage:452 - Complete download http(s) 200
2025-10-18 13:55:31,048 [INFO] ServerAccessManage:509 - Download File STMicroelectronics.X-CUBE-SUBG2.pdsc
2025-10-18 13:55:35,481 [INFO] ServerAccessManage:452 - Complete download http(s) 200
2025-10-18 13:55:35,482 [INFO] ServerAccessManage:509 - Download File STMicroelectronics.X-CUBE-SMBUS.pdsc
2025-10-18 13:55:36,436 [ERROR] ServerAccessManage:1212 - Problem, file not found on Server
2025-10-18 13:55:36,514 [INFO] ServerAccessManage:452 - Complete download http(s) 200
2025-10-18 13:55:36,515 [INFO] ServerAccessManage:509 - Download File STMicroelectronics.X-CUBE-ST60.pdsc
2025-10-18 13:55:36,714 [INFO] ServerAccessManage:452 - Complete download http(s) 200
2025-10-18 13:55:36,714 [INFO] ServerAccessManage:509 - Download File STMicroelectronics.X-CUBE-ST67W61.pdsc
2025-10-18 13:55:36,845 [INFO] ServerAccessManage:452 - Complete download http(s) 200
2025-10-18 13:55:36,846 [INFO] ServerAccessManage:509 - Download File STMicroelectronics.X-CUBE-STSE01.pdsc
2025-10-18 13:55:36,974 [INFO] ServerAccessManage:452 - Complete download http(s) 200
2025-10-18 13:55:36,975 [INFO] ServerAccessManage:509 - Download File STMicroelectronics.X-CUBE-PM33A1.pdsc
2025-10-18 13:55:37,600 [INFO] ServerAccessManage:452 - Complete download http(s) 200
2025-10-18 13:55:37,601 [INFO] ServerAccessManage:509 - Download File STMicroelectronics.X-CUBE-TCPP.pdsc
2025-10-18 13:55:38,503 [INFO] ServerAccessManage:452 - Complete download http(s) 200
2025-10-18 13:55:38,503 [INFO] ServerAccessManage:509 - Download File STMicroelectronics.X-CUBE-TOF1.pdsc
2025-10-18 13:55:39,443 [ERROR] ServerAccessManage:1212 - Problem, file not found on Server
2025-10-18 13:55:39,584 [INFO] ServerAccessManage:452 - Complete download http(s) 200
2025-10-18 13:55:39,585 [INFO] ServerAccessManage:509 - Download File STMicroelectronics.X-CUBE-TOUCHGFX.pdsc
2025-10-18 13:55:41,696 [INFO] ServerAccessManage:452 - Complete download http(s) 200
2025-10-18 13:55:41,699 [INFO] ServerAccessManage:509 - Download File STMicroelectronics.X-CUBE-ALGOBUILD.pdsc
2025-10-18 13:55:44,686 [INFO] ServerAccessManage:452 - Complete download http(s) 200
2025-10-18 13:55:44,686 [INFO] ServerAccessManage:509 - Download File STMicroelectronics.X-CUBE-AZRTOS-H7.pdsc
2025-10-18 13:55:45,334 [INFO] ServerAccessManage:452 - Complete download http(s) 200
2025-10-18 13:55:45,335 [INFO] ServerAccessManage:509 - Download File STMicroelectronics.X-CUBE-AZRTOS-H7RS.pdsc
2025-10-18 13:55:45,999 [INFO] ServerAccessManage:452 - Complete download http(s) 200
2025-10-18 13:55:45,999 [INFO] ServerAccessManage:509 - Download File STMicroelectronics.X-CUBE-AZRTOS-F4.pdsc
2025-10-18 13:55:47,287 [INFO] ServerAccessManage:452 - Complete download http(s) 200
2025-10-18 13:55:47,288 [INFO] ServerAccessManage:509 - Download File STMicroelectronics.X-CUBE-AZRTOS-F7.pdsc
2025-10-18 13:55:48,318 [INFO] ServerAccessManage:452 - Complete download http(s) 200
2025-10-18 13:55:48,319 [INFO] ServerAccessManage:509 - Download File STMicroelectronics.X-CUBE-AZRTOS-L4.pdsc
2025-10-18 13:55:49,568 [INFO] ServerAccessManage:452 - Complete download http(s) 200
2025-10-18 13:55:49,569 [INFO] ServerAccessManage:509 - Download File STMicroelectronics.X-CUBE-AZRTOS-L5.pdsc
2025-10-18 13:55:51,425 [INFO] ServerAccessManage:452 - Complete download http(s) 200
2025-10-18 13:55:51,426 [INFO] ServerAccessManage:509 - Download File STMicroelectronics.X-CUBE-AZRTOS-G0.pdsc
2025-10-18 13:55:52,434 [INFO] ServerAccessManage:452 - Complete download http(s) 200
2025-10-18 13:55:52,435 [INFO] ServerAccessManage:509 - Download File STMicroelectronics.X-CUBE-AZRTOS-G4.pdsc
2025-10-18 13:55:53,467 [INFO] ServerAccessManage:452 - Complete download http(s) 200
2025-10-18 13:55:53,468 [INFO] ServerAccessManage:509 - Download File STMicroelectronics.X-CUBE-AZRTOS-WB.pdsc
2025-10-18 13:55:54,907 [INFO] ServerAccessManage:452 - Complete download http(s) 200
2025-10-18 13:55:54,908 [INFO] ServerAccessManage:509 - Download File STMicroelectronics.X-CUBE-AZRTOS-WL.pdsc
2025-10-18 13:55:55,601 [INFO] ServerAccessManage:452 - Complete download http(s) 200
2025-10-18 13:55:55,601 [INFO] ServerAccessManage:509 - Download File STMicroelectronics.X-CUBE-WB05N.pdsc
2025-10-18 13:55:55,988 [INFO] ServerAccessManage:452 - Complete download http(s) 200
2025-10-18 13:55:55,989 [INFO] ServerAccessManage:509 - Download File wolfSSL.I-CUBE-wolfSSL.pdsc
2025-10-18 13:55:58,427 [ERROR] ServerAccessManage:1212 - Problem, file not found on Server
2025-10-18 13:55:58,570 [ERROR] ServerAccessManage:1212 - Problem, file not found on Server
2025-10-18 13:55:58,702 [ERROR] ServerAccessManage:1212 - Problem, file not found on Server
2025-10-18 13:55:58,764 [INFO] ServerAccessManage:452 - Complete download http(s) 200
2025-10-18 13:55:58,764 [INFO] ServerAccessManage:509 - Download File wolfSSL.I-CUBE-wolfMQTT.pdsc
2025-10-18 13:55:59,317 [ERROR] ServerAccessManage:1212 - Problem, file not found on Server
2025-10-18 13:55:59,382 [INFO] ServerAccessManage:452 - Complete download http(s) 200
2025-10-18 13:55:59,383 [INFO] ServerAccessManage:509 - Download File wolfSSL.I-CUBE-wolfTPM.pdsc
2025-10-18 13:56:00,689 [INFO] ServerAccessManage:452 - Complete download http(s) 200
2025-10-18 13:56:00,701 [INFO] ServerAccessManage:509 - Download File wolfSSL.I-CUBE-wolfSSH.pdsc
2025-10-18 13:56:02,592 [INFO] ServerAccessManage:452 - Complete download http(s) 200
2025-10-18 13:56:02,595 [INFO] ServerAccessManage:509 - Download File RealThread.X-CUBE-RT-Thread_Nano.pdsc
2025-10-18 13:56:03,320 [INFO] ServerAccessManage:452 - Complete download http(s) 200
2025-10-18 13:56:03,321 [INFO] ServerAccessManage:509 - Download File SEGGER.I-CUBE-embOS.pdsc
2025-10-18 13:56:04,983 [INFO] ServerAccessManage:452 - Complete download http(s) 200
2025-10-18 13:56:04,984 [INFO] ServerAccessManage:509 - Download File emotas.I-CUBE-CANOPEN.pdsc
2025-10-18 13:56:05,883 [INFO] ServerAccessManage:452 - Complete download http(s) 200
2025-10-18 13:56:05,883 [INFO] ServerAccessManage:509 - Download File WES.I-CUBE-Cesium.pdsc
2025-10-18 13:56:06,230 [ERROR] ServerAccessManage:1212 - Problem, file not found on Server
2025-10-18 13:56:06,399 [ERROR] ServerAccessManage:1212 - Problem, file not found on Server
2025-10-18 13:56:07,002 [INFO] ServerAccessManage:452 - Complete download http(s) 200
2025-10-18 13:56:07,002 [INFO] ServerAccessManage:509 - Download File ITTIA_DB.I-CUBE-ITTIADB.pdsc
2025-10-18 13:56:08,986 [INFO] ServerAccessManage:452 - Complete download http(s) 200
2025-10-18 13:56:08,987 [INFO] ServerAccessManage:509 - Download File Infineon.AIROC-Wi-Fi-Bluetooth-STM32.pdsc
2025-10-18 13:56:11,963 [INFO] ServerAccessManage:452 - Complete download http(s) 200
2025-10-18 13:56:11,966 [INFO] ServerAccessManage:509 - Download File Cesanta.I-CUBE-Mongoose.pdsc
2025-10-18 13:56:14,233 [INFO] ServerAccessManage:452 - Complete download http(s) 200
2025-10-18 13:56:14,234 [INFO] ServerAccessManage:509 - Download File EmbeddedOffice.I-CUBE-FS-RTOS.pdsc
2025-10-18 13:56:14,782 [INFO] ServerAccessManage:452 - Complete download http(s) 200
2025-10-18 13:56:14,783 [INFO] ServerAccessManage:509 - Download File quantropi.X-CUBE-qispace-sdk-base.pdsc
2025-10-18 13:56:15,084 [WARN] Engine:547 - Do no try to populate pack already in database: STMicroelectronics.FP-ATR-ASTRA1.2.0.2
2025-10-18 13:56:15,094 [WARN] Engine:547 - Do no try to populate pack already in database: STMicroelectronics.FP-ATR-SIGFOX1.3.2.0
2025-10-18 13:56:15,099 [WARN] Engine:547 - Do no try to populate pack already in database: STMicroelectronics.FP-SNS-STBOX1.2.1.0
2025-10-18 13:56:15,102 [WARN] Engine:547 - Do no try to populate pack already in database: STMicroelectronics.FP-SNS-FLIGHT1.5.1.0
2025-10-18 13:56:15,104 [WARN] Engine:547 - Do no try to populate pack already in database: STMicroelectronics.FP-SNS-MOTENV1.5.0.0
2025-10-18 13:56:15,109 [WARN] Engine:547 - Do no try to populate pack already in database: STMicroelectronics.FP-SNS-MOTENVWB1.1.4.0
2025-10-18 13:56:15,113 [WARN] Engine:547 - Do no try to populate pack already in database: STMicroelectronics.FP-SNS-SMARTAG2.1.2.0
2025-10-18 13:56:15,115 [WARN] Engine:547 - Do no try to populate pack already in database: STMicroelectronics.FP-SNS-STAIOTCFT.1.0.0
2025-10-18 13:56:15,118 [WARN] Engine:547 - Do no try to populate pack already in database: STMicroelectronics.X-CUBE-AI.10.2.0
2025-10-18 13:56:15,119 [WARN] Engine:547 - Do no try to populate pack already in database: STMicroelectronics.X-CUBE-ALS.1.0.2
2025-10-18 13:56:15,126 [WARN] Engine:547 - Do no try to populate pack already in database: STMicroelectronics.X-CUBE-BLE1.7.1.0
2025-10-18 13:56:15,129 [WARN] Engine:547 - Do no try to populate pack already in database: STMicroelectronics.X-CUBE-BLE2.3.3.0
2025-10-18 13:56:15,132 [WARN] Engine:547 - Do no try to populate pack already in database: STMicroelectronics.X-CUBE-BLEMGR.4.1.0
2025-10-18 13:56:15,135 [WARN] Engine:547 - Do no try to populate pack already in database: STMicroelectronics.X-CUBE-DISPLAY.3.0.0
2025-10-18 13:56:15,147 [WARN] Engine:547 - Do no try to populate pack already in database: STMicroelectronics.X-CUBE-DPower.1.3.0
2025-10-18 13:56:15,150 [WARN] Engine:547 - Do no try to populate pack already in database: STMicroelectronics.X-CUBE-EEPRMA1.5.2.0
2025-10-18 13:56:15,157 [WARN] Engine:547 - Do no try to populate pack already in database: STMicroelectronics.X-CUBE-FREERTOS.1.3.1
2025-10-18 13:56:15,163 [WARN] Engine:547 - Do no try to populate pack already in database: STMicroelectronics.X-CUBE-GNSS1.7.0.1
2025-10-18 13:56:15,165 [WARN] Engine:547 - Do no try to populate pack already in database: STMicroelectronics.X-CUBE-ISPU.2.1.0
2025-10-18 13:56:15,168 [WARN] Engine:547 - Do no try to populate pack already in database: STMicroelectronics.X-CUBE-IPS.3.2.0
2025-10-18 13:56:15,176 [WARN] Engine:547 - Do no try to populate pack already in database: STMicroelectronics.X-CUBE-MEMS1.11.3.0
2025-10-18 13:56:15,180 [WARN] Engine:547 - Do no try to populate pack already in database: STMicroelectronics.X-CUBE-NFC4.3.0.0
2025-10-18 13:56:15,183 [WARN] Engine:547 - Do no try to populate pack already in database: STMicroelectronics.X-CUBE-NFC6.3.1.0
2025-10-18 13:56:15,184 [WARN] Engine:547 - Do no try to populate pack already in database: STMicroelectronics.X-CUBE-NFC7.2.0.0
2025-10-18 13:56:15,185 [WARN] Engine:547 - Do no try to populate pack already in database: STMicroelectronics.X-CUBE-NFC9.1.0.0
2025-10-18 13:56:15,186 [WARN] Engine:547 - Do no try to populate pack already in database: STMicroelectronics.X-CUBE-NFC10.1.0.0
2025-10-18 13:56:15,187 [WARN] Engine:547 - Do no try to populate pack already in database: STMicroelectronics.X-CUBE-NFC12.1.0.0
2025-10-18 13:56:15,188 [WARN] Engine:547 - Do no try to populate pack already in database: STMicroelectronics.X-CUBE-SFXS2LP1.4.0.0
2025-10-18 13:56:15,189 [WARN] Engine:547 - Do no try to populate pack already in database: STMicroelectronics.X-CUBE-SAFEA1.1.2.2
2025-10-18 13:56:15,191 [WARN] Engine:547 - Do no try to populate pack already in database: STMicroelectronics.X-CUBE-SUBG2.5.0.0
2025-10-18 13:56:15,192 [WARN] Engine:547 - Do no try to populate pack already in database: STMicroelectronics.X-CUBE-SMBUS.2.1.0
2025-10-18 13:56:15,195 [WARN] Engine:547 - Do no try to populate pack already in database: STMicroelectronics.X-CUBE-ST60.1.1.0
2025-10-18 13:56:15,198 [WARN] Engine:547 - Do no try to populate pack already in database: STMicroelectronics.X-CUBE-ST67W61.1.1.0
2025-10-18 13:56:15,200 [WARN] Engine:547 - Do no try to populate pack already in database: STMicroelectronics.X-CUBE-STSE01.1.0.0
2025-10-18 13:56:15,202 [WARN] Engine:547 - Do no try to populate pack already in database: STMicroelectronics.X-CUBE-PM33A1.1.0.0
2025-10-18 13:56:15,204 [WARN] Engine:547 - Do no try to populate pack already in database: STMicroelectronics.X-CUBE-TCPP.4.2.0
2025-10-18 13:56:15,206 [WARN] Engine:547 - Do no try to populate pack already in database: STMicroelectronics.X-CUBE-TOF1.3.4.3
2025-10-18 13:56:15,207 [WARN] Engine:547 - Do no try to populate pack already in database: STMicroelectronics.X-CUBE-TOUCHGFX.4.26.0
2025-10-18 13:56:15,209 [WARN] Engine:547 - Do no try to populate pack already in database: STMicroelectronics.X-CUBE-ALGOBUILD.1.4.0
2025-10-18 13:56:15,213 [WARN] Engine:547 - Do no try to populate pack already in database: STMicroelectronics.X-CUBE-AZRTOS-H7.3.4.0
2025-10-18 13:56:15,218 [WARN] Engine:547 - Do no try to populate pack already in database: STMicroelectronics.X-CUBE-AZRTOS-H7RS.1.1.0
2025-10-18 13:56:15,225 [WARN] Engine:547 - Do no try to populate pack already in database: STMicroelectronics.X-CUBE-AZRTOS-F4.1.1.0
2025-10-18 13:56:15,229 [WARN] Engine:547 - Do no try to populate pack already in database: STMicroelectronics.X-CUBE-AZRTOS-F7.1.1.0
2025-10-18 13:56:15,235 [WARN] Engine:547 - Do no try to populate pack already in database: STMicroelectronics.X-CUBE-AZRTOS-L4.2.0.0
2025-10-18 13:56:15,240 [WARN] Engine:547 - Do no try to populate pack already in database: STMicroelectronics.X-CUBE-AZRTOS-L5.2.0.0
2025-10-18 13:56:15,254 [WARN] Engine:547 - Do no try to populate pack already in database: STMicroelectronics.X-CUBE-AZRTOS-G0.1.1.0
2025-10-18 13:56:15,260 [WARN] Engine:547 - Do no try to populate pack already in database: STMicroelectronics.X-CUBE-AZRTOS-G4.2.0.0
2025-10-18 13:56:15,264 [WARN] Engine:547 - Do no try to populate pack already in database: STMicroelectronics.X-CUBE-AZRTOS-WB.2.0.0
2025-10-18 13:56:15,268 [WARN] Engine:547 - Do no try to populate pack already in database: STMicroelectronics.X-CUBE-AZRTOS-WL.2.0.0
2025-10-18 13:56:15,270 [WARN] Engine:547 - Do no try to populate pack already in database: STMicroelectronics.X-CUBE-WB05N.2.0.0
2025-10-18 13:56:15,270 [WARN] Engine:547 - Do no try to populate pack already in database: wolfSSL.I-CUBE-wolfSSL.5.8.2
2025-10-18 13:56:15,271 [WARN] Engine:547 - Do no try to populate pack already in database: wolfSSL.I-CUBE-wolfMQTT.1.19.2
2025-10-18 13:56:15,272 [WARN] Engine:547 - Do no try to populate pack already in database: wolfSSL.I-CUBE-wolfTPM.3.8.0
2025-10-18 13:56:15,273 [WARN] Engine:547 - Do no try to populate pack already in database: wolfSSL.I-CUBE-wolfSSH.1.4.20
2025-10-18 13:56:15,274 [WARN] Engine:547 - Do no try to populate pack already in database: RealThread.X-CUBE-RT-Thread_Nano.4.1.1
2025-10-18 13:56:15,280 [WARN] Engine:547 - Do no try to populate pack already in database: SEGGER.I-CUBE-embOS.1.3.1
2025-10-18 13:56:15,283 [WARN] Engine:547 - Do no try to populate pack already in database: emotas.I-CUBE-CANOPEN.1.3.0
2025-10-18 13:56:15,288 [WARN] Engine:547 - Do no try to populate pack already in database: WES.I-CUBE-Cesium.1.4.0
2025-10-18 13:56:15,299 [WARN] Engine:547 - Do no try to populate pack already in database: ITTIA_DB.I-CUBE-ITTIADB.8.9.0
2025-10-18 13:56:15,306 [WARN] Engine:547 - Do no try to populate pack already in database: Infineon.AIROC-Wi-Fi-Bluetooth-STM32.1.7.1
2025-10-18 13:56:15,320 [WARN] PackLoader:240 - Cannot read IP mode file for Cesanta.I-CUBE-Mongoose.7.19.0
2025-10-18 13:56:15,324 [WARN] Engine:547 - Do no try to populate pack already in database: EmbeddedOffice.I-CUBE-FS-RTOS.1.0.1
2025-10-18 13:56:15,325 [WARN] Engine:547 - Do no try to populate pack already in database: quantropi.X-CUBE-qispace-sdk-base.2.1.0
2025-10-18 13:56:15,325 [INFO] PopulateThirdPartyThread:66 - Ending populate Thread
2025-10-18 13:56:15,377 [INFO] ThirdParty:1030 - CMSIS Pack Vendor :Cesanta I-CUBE-Mongoose 7.19.0
2025-10-18 13:56:15,378 [INFO] LoadServerUpdatesThread:375 - End of LoadServerUpdate Thread
2025-10-18 13:56:15,590 [INFO] CheckServerUpdateThread:120 - End of CheckServer Thread
2025-10-18 13:56:36,168 [INFO] McuFinderGlobals:63 - Set McuFinder mode to 2 (CubeIDE integrated)
2025-10-18 13:56:56,265 [INFO] MainUpdater:2872 - connection check result : 10
2025-10-18 13:57:16,360 [INFO] MainUpdater:2872 - connection check result : 10
2025-10-18 13:57:16,714 [INFO] MicroXplorer:468 - Change Database Path : 
2025-10-18 13:57:16,715 [INFO] MicroXplorer:498 - Change Database Version : DB.6.0.150
2025-10-18 13:57:16,726 [WARN] ThirdParty:871 - waiting for thirdparty lock release [close project]
2025-10-18 13:57:16,726 [INFO] ThirdParty:873 - entering critical section [close project]
2025-10-18 13:57:16,728 [INFO] ThirdParty:883 - exiting critical section [close project]
2025-10-18 13:57:16,737 [INFO] PinOutPanel:1589 - setPackage(No Configuration,No Configuration)
2025-10-18 13:57:16,742 [INFO] UtilMem:75 - Begin LoadConfig() Used Memory: 640952472 Bytes (1073741824)
2025-10-18 13:57:16,746 [INFO] MicroXplorer:468 - Change Database Path : 
2025-10-18 13:57:16,746 [INFO] MicroXplorer:498 - Change Database Version : DB.6.0.150
2025-10-18 13:57:16,746 [INFO] OpenFileManager:355 - Change cursor
2025-10-18 13:57:16,888 [INFO] Mcu:2029 - Initializing MCU STM32F072R(8-B)Tx STM32F072RBTx STM32F072RBT6
2025-10-18 13:57:18,308 [INFO] Context:786 - Trying to add GPIOservice into a context  which must be forbidden
2025-10-18 13:57:18,929 [INFO] ImportTextPane:234 - (OptionalMessage_ERROR) Pin18 (VP_RIF_VS_RIF1) cannot be retrieved for this MCU
2025-10-18 13:57:19,097 [INFO] RtosManager:558 - Registered RTOS mode: class=CMSIS, group=RTOS, mode=CMSIS_V1, owner=FREERTOS
2025-10-18 13:57:19,097 [INFO] RtosManager:558 - Registered RTOS mode: class=CMSIS, group=RTOS2, mode=CMSIS_V2, owner=FREERTOS
2025-10-18 13:57:19,097 [INFO] RtosManager:558 - Registered RTOS mode: class=RTOS, group=Core, mode=CMSIS_V1, owner=FREERTOS
2025-10-18 13:57:19,097 [INFO] RtosManager:558 - Registered RTOS mode: class=RTOS, group=Core, mode=CMSIS_V2, owner=FREERTOS
2025-10-18 13:57:19,097 [WARN] ModelIntegratedComponent:184 - Missing modes for component STMicroelectronics:FreeRTOS:0.0.1:STMicroelectronics:RTOS:FreeRTOS:Core:::10.2.0:
2025-10-18 13:57:19,129 [WARN] ModelIntegratedComponent:63 - No mode defined for component null
2025-10-18 13:57:19,129 [WARN] ModelIntegratedComponent:63 - No mode defined for component null
2025-10-18 13:57:19,129 [WARN] ModelIntegratedComponent:63 - No mode defined for component null
2025-10-18 13:57:19,129 [WARN] ModelIntegratedComponent:63 - No mode defined for component null
2025-10-18 13:57:19,129 [WARN] ModelIntegratedComponent:63 - No mode defined for component null
2025-10-18 13:57:19,129 [WARN] ModelIntegratedComponent:63 - No mode defined for component null
2025-10-18 13:57:19,129 [WARN] ModelIntegratedComponent:63 - No mode defined for component null
2025-10-18 13:57:19,129 [WARN] ModelIntegratedComponent:63 - No mode defined for component null
2025-10-18 13:57:19,129 [WARN] ModelIntegratedComponent:63 - No mode defined for component null
2025-10-18 13:57:19,129 [WARN] ModelIntegratedComponent:63 - No mode defined for component null
2025-10-18 13:57:19,129 [WARN] ModelIntegratedComponent:63 - No mode defined for component null
2025-10-18 13:57:19,129 [WARN] ModelIntegratedComponent:63 - No mode defined for component null
2025-10-18 13:57:19,129 [WARN] ModelIntegratedComponent:63 - No mode defined for component null
2025-10-18 13:57:19,129 [WARN] ModelIntegratedComponent:63 - No mode defined for component null
2025-10-18 13:57:19,130 [WARN] ModelIntegratedComponent:63 - No mode defined for component null
2025-10-18 13:57:19,130 [WARN] ModelIntegratedComponent:63 - No mode defined for component null
2025-10-18 13:57:19,130 [WARN] ModelIntegratedComponent:63 - No mode defined for component null
2025-10-18 13:57:19,130 [WARN] ModelIntegratedComponent:63 - No mode defined for component null
2025-10-18 13:57:19,130 [WARN] ModelIntegratedComponent:63 - No mode defined for component null
2025-10-18 13:57:19,130 [WARN] ModelIntegratedComponent:63 - No mode defined for component null
2025-10-18 13:57:19,130 [WARN] ModelIntegratedComponent:63 - No mode defined for component null
2025-10-18 13:57:19,130 [WARN] ModelIntegratedComponent:63 - No mode defined for component null
2025-10-18 13:57:19,130 [WARN] ModelIntegratedComponent:63 - No mode defined for component null
2025-10-18 13:57:19,130 [WARN] ModelIntegratedComponent:63 - No mode defined for component null
2025-10-18 13:57:19,130 [WARN] ModelIntegratedComponent:63 - No mode defined for component null
2025-10-18 13:57:19,130 [WARN] ModelIntegratedComponent:63 - No mode defined for component null
2025-10-18 13:57:19,130 [WARN] ModelIntegratedComponent:63 - No mode defined for component null
2025-10-18 13:57:19,130 [WARN] ModelIntegratedComponent:63 - No mode defined for component null
2025-10-18 13:57:19,130 [WARN] ModelIntegratedComponent:63 - No mode defined for component null
2025-10-18 13:57:19,130 [WARN] ModelIntegratedComponent:63 - No mode defined for component null
2025-10-18 13:57:19,130 [WARN] ModelIntegratedComponent:63 - No mode defined for component null
2025-10-18 13:57:19,131 [WARN] ModelIntegratedComponent:63 - No mode defined for component null
2025-10-18 13:57:19,131 [WARN] ModelIntegratedComponent:63 - No mode defined for component null
2025-10-18 13:57:19,131 [WARN] ModelIntegratedComponent:63 - No mode defined for component null
2025-10-18 13:57:19,131 [WARN] ModelIntegratedComponent:63 - No mode defined for component null
2025-10-18 13:57:19,132 [WARN] ModelPack:524 - Component already loaded: STMicroelectronics:HAL Drivers:0.0.0:STMicroelectronics:Device:STMicro_Driver:XSPI:HAL::0.0.1:HAL_XSPI
2025-10-18 13:57:19,342 [INFO] ThirdPartyModel:298 - Start build external matchings
2025-10-18 13:57:19,665 [INFO] ThirdPartyModel:316 - End build external matchings
2025-10-18 13:57:19,712 [INFO] ImportTextPane:234 - (OptionalMessage_ERROR) IP (RCC) : Parameter (FLatency) has Id (AdvancedSettings) currently not set
2025-10-18 13:57:19,713 [INFO] ImportTextPane:234 - (OptionalMessage_ERROR) IP (RCC) : Invalid parameter (FamilyName)
2025-10-18 13:57:19,713 [INFO] ImportTextPane:234 - (OptionalMessage_ERROR) IP (RCC) : Invalid parameter (HSICECFreq_Value)
2025-10-18 13:57:19,715 [INFO] ImportTextPane:234 - (OptionalMessage_ERROR) IP (RCC) : Parameter (PREFETCH_ENABLE) has Id (AdvancedSettings) currently not set
2025-10-18 13:57:20,523 [INFO] ApiDb:581 - Connected to CubeFinder SQLite database (/Users/jeremyniu/.stmcufinder/plugins/mcufinder/mcu/cube-finder-db.db)
2025-10-18 13:57:20,602 [INFO] ApiDb:668 - CubeFinder database Data Model version=2.1
2025-10-18 13:57:20,602 [INFO] ApiDb:669 - CubeFinder database Configuration version=3.0.39
2025-10-18 13:57:20,603 [INFO] ApiDb:670 - CubeFinder database generation date=2025-08-25 (1756130511)
2025-10-18 13:57:20,603 [INFO] ApiDb:671 - CubeFinder database FW Pack versions=[FP-ATR-ASTRA1_V2.0.0, FP-SNS-FLIGHT1_V5.1.0, FP-SNS-MOTENV1_V5.0.0, FP-SNS-MOTENVWB1_V1.4.0, FP-SNS-SMARTAG2_V1.2.0, FP-SNS-STBOX1_V2.1.0, STM32Cube_FW_C0_V1.4.0, STM32Cube_FW_F4_V1.28.3, STM32Cube_FW_F7_V1.17.4, STM32Cube_FW_G0_V1.6.2, STM32Cube_FW_G4_V1.6.1, STM32Cube_FW_H5_V1.5.0, STM32Cube_FW_H7RS_V1.2.0, STM32Cube_FW_H7_V1.12.1, STM32Cube_FW_L0_V1.12.2, STM32Cube_FW_L4_V1.18.1, STM32Cube_FW_L5_V1.5.1, STM32Cube_FW_N6_V1.2.0, STM32Cube_FW_U0_V1.3.0, STM32Cube_FW_U3_V1.2.0, STM32Cube_FW_U5_V1.8.0, STM32Cube_FW_WB0_V1.3.0, STM32Cube_FW_WBA_V1.7.0, STM32Cube_FW_WB_V1.23.0, STM32Cube_FW_WL3_V1.2.0, STM32Cube_FW_WL_V1.3.1, X-CUBE-ALGOBUILD_V1.4.0, X-CUBE-ALS_V1.0.2, X-CUBE-AZRTOS-F4_V1.1.0, X-CUBE-AZRTOS-F7_V1.1.0, X-CUBE-AZRTOS-G0_V1.1.0, X-CUBE-AZRTOS-G4_V2.0.0, X-CUBE-AZRTOS-H7RS_V1.1.0, X-CUBE-AZRTOS-H7_V3.4.0, X-CUBE-AZRTOS-L4_V2.0.0, X-CUBE-AZRTOS-L5_V2.0.0, X-CUBE-AZRTOS-WB_V2.0.0, X-CUBE-AZRTOS-WL_V2.0.0, X-CUBE-BLE1_V7.1.0, X-CUBE-BLE2_V3.3.0, X-CUBE-BLEMGR_V4.1.0, X-CUBE-EEPRMA1_V5.2.0, X-CUBE-FREERTOS_V1.3.1, X-CUBE-GNSS1_V6.0.0, X-CUBE-MEMS1_V11.3.0, X-CUBE-NFC4_V3.0.0, X-CUBE-NFC7_V2.0.0, X-CUBE-SFXS2LP1_V4.0.0, X-CUBE-ST67W61_V1.0.0, X-CUBE-SUBG2_V5.0.0, X-CUBE-TOF1_V3.4.3]
2025-10-18 13:57:20,715 [INFO] DbBoardsSqlite:226 - include board P-NUCLEO-WB55-NUCLEO as a kit item of type 'Nucleo-64'
2025-10-18 13:57:20,715 [INFO] DbBoardsSqlite:226 - include board P-NUCLEO-WB55-USBDONGLE as a kit item of type 'Nucleo USB Dongle'
2025-10-18 13:57:20,716 [INFO] DbBoardsSqlite:226 - include board STEVAL-IDP005V1 as a kit item of type 'Evaluation Board'
2025-10-18 13:57:20,717 [INFO] DbBoardsSqlite:226 - include board STEVAL-IDP005V2 as a kit item of type 'Evaluation Board'
2025-10-18 13:57:20,846 [INFO] ApiDb:240 - Found 880 in-development CPN: [B-G473E-ZEST1S, B-WB1M-WPAN1, B-WBA5M-WPAN, B-WL5M-SUBG1, NUCLEO-C031C6, NUCLEO-C051C8, NUCLEO-C071RB, NUCLEO-C092RC, NUCLEO-H503RB, NUCLEO-H533RE, NUCLEO-H563ZI, NUCLEO-H7S3L8, NUCLEO-N657X0-Q, NUCLEO-U031R8, NUCLEO-U083RC, NUCLEO-U385RG-Q, NUCLEO-U545RE-Q, NUCLEO-U5A5ZJ-Q, NUCLEO-WB05KZ, NUCLEO-WB07CC, NUCLEO-WB09KE, NUCLEO-WBA52CG, NUCLEO-WBA55CG, NUCLEO-WL33CC1, NUCLEO-WL33CC2, STEVAL-PROTEUS1, STEVAL-SMARTAG2, STEVAL-STWINBX1, STM320518-EVAL, STM32C0116-DK, STM32C011D6Y3TR, STM32C011D6Y6TR, STM32C011F4P3, STM32C011F4P6, STM32C011F4U3, STM32C011F4U6TR, STM32C011F6P3, STM32C011F6P6, STM32C011F6U3, STM32C011F6U6TR, STM32C011J4M3, STM32C011J4M6, STM32C011J6M3, STM32C011J6M6, STM32C0316-DK, STM32C031C4T3, STM32C031C4T6, STM32C031C4U3, STM32C031C4U6, STM32C031C6T3, STM32C031C6T6, STM32C031C6U3, STM32C031C6U6, STM32C031F4P3, STM32C031F4P6, STM32C031F6P3, STM32C031F6P6, STM32C031G4U3, STM32C031G4U6, STM32C031G6U3, STM32C031G6U6, STM32C031K4T3, STM32C031K4T6, STM32C031K4U3, STM32C031K4U6, STM32C031K6T3, STM32C031K6T6, STM32C031K6U3, STM32C031K6U6, STM32C051C6T6, STM32C051C6U6, STM32C051C8T6, STM32C051C8U6, STM32C051D8Y6TR, STM32C051F6P6, STM32C051F8P6, STM32C051G6U6, STM32C051G8U6, STM32C051K6T6, STM32C051K6U6, STM32C051K8T6, STM32C071C8T6, STM32C071C8T6N, STM32C071C8U6, STM32C071C8U6N, STM32C071CBT6, STM32C071CBT6N, STM32C071CBU6, STM32C071CBU6N, STM32C071F8P6, STM32C071F8P6N, STM32C071FBP6, STM32C071FBP6N, STM32C071FBY6TR, STM32C071G8U6, STM32C071G8U6N, STM32C071GBU6, STM32C071GBU6N, STM32C071K8T6, STM32C071K8T6N, STM32C071K8U6, STM32C071K8U6N, STM32C071KBT6, STM32C071KBT6N, STM32C071KBU6, STM32C071KBU6N, STM32C071R8T6, STM32C071R8T6N, STM32C071RBI6N, STM32C071RBT6, STM32C071RBT6N, STM32C091CBT6, STM32C091CBU6, STM32C091CCT6, STM32C091CCU6, STM32C091ECY6TR, STM32C091FBP6, STM32C091FCP6, STM32C091GBU6, STM32C091GCU6, STM32C091KBT6, STM32C091KBU6, STM32C091KCT6, STM32C091KCU6, STM32C091RBT6, STM32C091RCI6, STM32C091RCT6, STM32C092CBT6, STM32C092CBU6, STM32C092CCT6, STM32C092CCU6, STM32C092ECY6TR, STM32C092FBP6, STM32C092FCP6, STM32C092GBU6, STM32C092GCU6, STM32C092KBT6, STM32C092KBU6, STM32C092KCT6, STM32C092KCU6, STM32C092RBT6, STM32C092RCI6, STM32C092RCT6, STM32G071K8TXN, STM32G071K8UXN, STM32G081GBU6N, STM32G081KBT6N, STM32G081KBUXN, STM32G0B1CCT6N, STM32G0B1KCT6, STM32G0B1NEY6TR, STM32G0B1RCT6N, STM32G0C1CCT6, STM32G0C1CCT6N, STM32G0C1CCU6N, STM32G0C1CET6N, STM32G0C1CEU6N, STM32G0C1KCT6, STM32G0C1NEY6TR, STM32G0C1RCI6N, STM32G0C1RCT6N, STM32G0C1REI6N, STM32G0C1RET6N, STM32G0C1VCI6, STM32G0C1VEI6, STM32G411C6T3, STM32G411C6T6, STM32G411C6U3, STM32G411C6U6, STM32G411C8T3, STM32G411C8T6, STM32G411C8U3, STM32G411C8U6, STM32G411CBT3, STM32G411CBT6, STM32G411CBU3, STM32G411CBU6, STM32G411K6T3, STM32G411K6T6, STM32G411K6U3, STM32G411K6U6, STM32G411K8T3, STM32G411K8T6, STM32G411K8U3, STM32G411K8U6, STM32G411KBT3, STM32G411KBT6, STM32G411KBU3, STM32G411KBU6, STM32G411M6T3, STM32G411M6T6, STM32G411M8T3, STM32G411M8T6, STM32G411MBT3, STM32G411MBT6, STM32G411R6T3, STM32G411R6T6, STM32G411R8T3, STM32G411R8T6, STM32G411RBT3, STM32G411RBT6, STM32G414CBT3, STM32G414CBT6, STM32G414CBU3, STM32G414CBU6, STM32G414CCT3, STM32G414CCT6, STM32G414CCU3, STM32G414CCU6, STM32G414MBT3, STM32G414MBT6, STM32G414MCT3, STM32G414MCT6, STM32G414RBT3, STM32G414RBT6, STM32G414RCT3, STM32G414RCT6, STM32G414VBT3, STM32G414VBT6, STM32G414VCT3, STM32G414VCT6, STM32G431CBT3Z, STM32G431RBT3Z, STM32G471CCT6, STM32G471CCU6, STM32G471CET3, STM32G471CET6, STM32G471CEU3, STM32G471CEU6, STM32G471MCT6, STM32G471MET3, STM32G471MET6, STM32G471MEY6TR, STM32G471QCT6, STM32G471QET3, STM32G471RCT6, STM32G471RET3, STM32G471RET6, STM32G471VCH6, STM32G471VCI6, STM32G471VCT6, STM32G471VEH3, STM32G471VEH6, STM32G471VEI3, STM32G471VEI6, STM32G471VET3, STM32G471VET6, STM32G473QET3Z, STM32G473RET3Z, STM32G474CCT6, STM32G491RET3Z, STM32H503CBT6, STM32H503CBU6, STM32H503EBY6TR, STM32H503KBU6, STM32H503RBT6, STM32H523CCT6, STM32H523CCU6, STM32H523CET6, STM32H523CEU6, STM32H523HEY6TR, STM32H523RCT6, STM32H523RET6, STM32H523VCI6, STM32H523VCT6, STM32H523VEI6, STM32H523VET6, STM32H523ZCJ6, STM32H523ZCT6, STM32H523ZEJ6, STM32H523ZET6, STM32H533CET6, STM32H533CEU6, STM32H533HEY6TR, STM32H533RET6, STM32H533VEI6, STM32H533VET6, STM32H533ZEJ6, STM32H533ZET6, STM32H562AGI6, STM32H562AII6, STM32H562IGK6, STM32H562IGT6, STM32H562IIK6, STM32H562IIT6, STM32H562RGT6, STM32H562RGV6, STM32H562RIT6, STM32H562RIV6, STM32H562VGT6, STM32H562VIT6, STM32H562ZGT6, STM32H562ZIT6, STM32H563AGI6, STM32H563AII3Q, STM32H563AII6, STM32H563IGK6, STM32H563IGT6, STM32H563IIK3Q, STM32H563IIK6, STM32H563IIT3Q, STM32H563IIT6, STM32H563MIY3QTR, STM32H563RGT6, STM32H563RGV6, STM32H563RIT6, STM32H563RIV6, STM32H563VGT6, STM32H563VIT3Q, STM32H563VIT6, STM32H563ZGT6, STM32H563ZIT3Q, STM32H563ZIT6, STM32H573AII3Q, STM32H573AII6, STM32H573I-DK, STM32H573IIK3Q, STM32H573IIK6, STM32H573IIT3Q, STM32H573IIT6, STM32H573MIY3QTR, STM32H573RIT6, STM32H573RIV6, STM32H573VIT3Q, STM32H573VIT6, STM32H573ZIT3Q, STM32H573ZIT6, STM32H7R3A8I6, STM32H7R3I8K6, STM32H7R3I8T6, STM32H7R3L8H6, STM32H7R3L8H6H, STM32H7R3R8V6, STM32H7R3V8H6, STM32H7R3V8T6, STM32H7R3V8Y6TR, STM32H7R3Z8J6, STM32H7R3Z8T6, STM32H7R7A8I6, STM32H7R7I8K6, STM32H7R7I8T6, STM32H7R7L8H6, STM32H7R7L8H6H, STM32H7R7Z8J6, STM32H7S3A8I6, STM32H7S3I8K6, STM32H7S3I8T6, STM32H7S3L8H6, STM32H7S3L8H6H, STM32H7S3R8V6, STM32H7S3V8H6, STM32H7S3V8T6, STM32H7S3V8Y6TR, STM32H7S3Z8J6, STM32H7S3Z8T6, STM32H7S78-DK, STM32H7S7A8I6, STM32H7S7I8K6, STM32H7S7I8T6, STM32H7S7L8H6, STM32H7S7L8H6H, STM32H7S7Z8J6, STM32L4R5QGI6STR, STM32MP131AAE3, STM32MP131AAF3, STM32MP131AAG3, STM32MP131CAE3, STM32MP131CAF3, STM32MP131CAG3, STM32MP131DAE7, STM32MP131DAF7, STM32MP131DAG7, STM32MP131FAE7, STM32MP131FAF7, STM32MP131FAG7, STM32MP133AAE3, STM32MP133AAF3, STM32MP133AAG3, STM32MP133CAE3, STM32MP133CAF3, STM32MP133CAG3, STM32MP133DAE7, STM32MP133DAF7, STM32MP133DAG7, STM32MP133FAE7, STM32MP133FAF7, STM32MP133FAG7, STM32MP135AAE3, STM32MP135AAF3, STM32MP135AAG3, STM32MP135CAE3, STM32MP135CAF3, STM32MP135CAG3, STM32MP135DAE7, STM32MP135DAF7, STM32MP135DAG7, STM32MP135F-DK, STM32MP135FAE7, STM32MP135FAF7, STM32MP135FAF7T, STM32MP135FAF7U, STM32MP135FAG7, STM32MP211AAL3, STM32MP211AAM3, STM32MP211AAN3, STM32MP211AAO3, STM32MP211CAL3, STM32MP211CAM3, STM32MP211CAN3, STM32MP211CAO3, STM32MP211DAL3, STM32MP211DAM3, STM32MP211DAN3, STM32MP211DAO3, STM32MP211FAL3, STM32MP211FAM3, STM32MP211FAN3, STM32MP211FAO3, STM32MP213AAL3, STM32MP213AAM3, STM32MP213AAN3, STM32MP213AAO3, STM32MP213CAL3, STM32MP213CAM3, STM32MP213CAN3, STM32MP213CAO3, STM32MP213DAL3, STM32MP213DAM3, STM32MP213DAN3, STM32MP213DAO3, STM32MP213FAL3, STM32MP213FAM3, STM32MP213FAN3, STM32MP213FAO3, STM32MP215AAL3, STM32MP215AAM3, STM32MP215AAN3, STM32MP215AAO3, STM32MP215CAL3, STM32MP215CAM3, STM32MP215CAN3, STM32MP215CAO3, STM32MP215DAL3, STM32MP215DAM3, STM32MP215DAN3, STM32MP215DAO3, STM32MP215F-DK, STM32MP215FAL3, STM32MP215FAM3, STM32MP215FAN3, STM32MP215FAO3, STM32MP231AAJ3, STM32MP231AAK3, STM32MP231AAL3, STM32MP231CAJ3, STM32MP231CAK3, STM32MP231CAL3, STM32MP231DAJ3, STM32MP231DAK3, STM32MP231DAL3, STM32MP231FAJ3, STM32MP231FAK3, STM32MP231FAL3, STM32MP233AAJ3, STM32MP233AAK3, STM32MP233AAL3, STM32MP233CAJ3, STM32MP233CAK3, STM32MP233CAL3, STM32MP233DAJ3, STM32MP233DAK3, STM32MP233DAL3, STM32MP233FAJ3, STM32MP233FAK3, STM32MP233FAL3, STM32MP235AAJ3, STM32MP235AAK3, STM32MP235AAL3, STM32MP235CAJ3, STM32MP235CAK3, STM32MP235CAL3, STM32MP235DAJ3, STM32MP235DAK3, STM32MP235DAL3, STM32MP235FAJ3, STM32MP235FAK3, STM32MP235FAL3, STM32MP251AAI3, STM32MP251AAK3, STM32MP251AAL3, STM32MP251CAI3, STM32MP251CAK3, STM32MP251CAL3, STM32MP251DAI3, STM32MP251DAK3, STM32MP251DAL3, STM32MP251FAI3, STM32MP251FAK3, STM32MP251FAL3, STM32MP253AAI3, STM32MP253AAK3, STM32MP253AAL3, STM32MP253CAI3, STM32MP253CAK3, STM32MP253CAL3, STM32MP253DAI3, STM32MP253DAK3, STM32MP253DAL3, STM32MP253FAI3, STM32MP253FAK3, STM32MP253FAL3, STM32MP255AAI3, STM32MP255AAK3, STM32MP255AAL3, STM32MP255CAI3, STM32MP255CAK3, STM32MP255CAL3, STM32MP255DAI3, STM32MP255DAK3, STM32MP255DAL3, STM32MP255FAI3, STM32MP255FAK3, STM32MP255FAL3, STM32MP257AAI3, STM32MP257AAK3, STM32MP257AAL3, STM32MP257CAI3, STM32MP257CAK3, STM32MP257CAL3, STM32MP257DAI3, STM32MP257DAK3, STM32MP257DAL3, STM32MP257F-DK, STM32MP257F-EV1, STM32MP257FAI3, STM32MP257FAK3, STM32MP257FAL3, STM32N645A0H3Q, STM32N645B0H3Q, STM32N645I0H3Q, STM32N645L0H3Q, STM32N645X0H3Q, STM32N645Z0H3Q, STM32N647A0H3Q, STM32N647B0H3Q, STM32N647I0H3Q, STM32N647L0H3Q, STM32N647X0H3Q, STM32N647Z0H3Q, STM32N655A0H3Q, STM32N655B0H3Q, STM32N655I0H3Q, STM32N655L0H3Q, STM32N655X0H3Q, STM32N655Z0H3Q, STM32N6570-DK, STM32N657A0H3Q, STM32N657B0H3Q, STM32N657I0H3Q, STM32N657L0H3Q, STM32N657X0H3Q, STM32N657Z0H3Q, STM32U031C6T6, STM32U031C6U6, STM32U031C8T6, STM32U031C8U6, STM32U031F4P6, STM32U031F6P6, STM32U031F8P6, STM32U031G6Y6TR, STM32U031G8Y6TR, STM32U031K4U6, STM32U031K6U6, STM32U031K8U6, STM32U031R6I6, STM32U031R6T6, STM32U031R8I6, STM32U031R8T6, STM32U073C8T6, STM32U073C8U6, STM32U073CBT6, STM32U073CBU6, STM32U073CCT6, STM32U073CCU6, STM32U073H8Y6TR, STM32U073HBY6TR, STM32U073HCY6TR, STM32U073K8U6, STM32U073KBU6, STM32U073KCU6, STM32U073M8I6, STM32U073M8T6, STM32U073MBI6, STM32U073MBT6, STM32U073MCI6, STM32U073MCT6, STM32U073R8I6, STM32U073R8T6, STM32U073RBI6, STM32U073RBT6, STM32U073RCI6, STM32U073RCT6, STM32U083C-DK, STM32U083CCT6, STM32U083CCU6, STM32U083HCY6TR, STM32U083KCU6, STM32U083MCI6, STM32U083MCT6, STM32U083RCI6, STM32U083RCT6, STM32U375CET6, STM32U375CET6Q, STM32U375CEU6, STM32U375CEU6Q, STM32U375CEY6QTR, STM32U375CGT6, STM32U375CGT6Q, STM32U375CGU6, STM32U375CGU6Q, STM32U375CGY6QTR, STM32U375KEU6, STM32U375KGU6, STM32U375REI6, STM32U375REI6Q, STM32U375RET6, STM32U375RET6Q, STM32U375REY6GTR, STM32U375REY6QTR, STM32U375RGI6, STM32U375RGI6Q, STM32U375RGT6, STM32U375RGT6Q, STM32U375RGY6GTR, STM32U375RGY6QTR, STM32U375VEI6, STM32U375VEI6Q, STM32U375VET6, STM32U375VET6Q, STM32U375VGI6, STM32U375VGI6Q, STM32U375VGT6, STM32U375VGT6Q, STM32U385CGT6, STM32U385CGT6Q, STM32U385CGU6, STM32U385CGU6Q, STM32U385CGY6QTR, STM32U385KGU6, STM32U385RGI6, STM32U385RGI6Q, STM32U385RGT6, STM32U385RGT6Q, STM32U385RGY6GTR, STM32U385RGY6QTR, STM32U385VGI6, STM32U385VGI6Q, STM32U385VGT6, STM32U385VGT6Q, STM32U535CBT6, STM32U535CBT6Q, STM32U535CBU6, STM32U535CBU6Q, STM32U535CCT6, STM32U535CCT6Q, STM32U535CCU6, STM32U535CCU6Q, STM32U535CET6, STM32U535CET6Q, STM32U535CEU6, STM32U535CEU6Q, STM32U535JEY6QTR, STM32U535NCY6QTR, STM32U535NEY6QTR, STM32U535RBI6, STM32U535RBI6Q, STM32U535RBT6, STM32U535RBT6Q, STM32U535RCI6, STM32U535RCI6Q, STM32U535RCT6, STM32U535RCT6Q, STM32U535REI6, STM32U535REI6Q, STM32U535RET6, STM32U535RET6Q, STM32U535VCI6, STM32U535VCI6Q, STM32U535VCT6, STM32U535VCT6Q, STM32U535VEI6, STM32U535VEI6Q, STM32U535VET6, STM32U535VET6Q, STM32U545CET6, STM32U545CET6Q, STM32U545CEU6, STM32U545CEU6Q, STM32U545JEY6QTR, STM32U545NEY6QTR, STM32U545REI6, STM32U545REI6Q, STM32U545RET6, STM32U545RET6Q, STM32U545VEI6, STM32U545VEI6Q, STM32U545VET6, STM32U545VET6Q, STM32U595AIH6, STM32U595AIH6Q, STM32U595AJH6, STM32U595AJH6Q, STM32U595QII6, STM32U595QII6Q, STM32U595QJI6, STM32U595QJI6Q, STM32U595RIT6, STM32U595RIT6Q, STM32U595RJT6, STM32U595RJT6Q, STM32U595VIT6, STM32U595VIT6Q, STM32U595VJT6, STM32U595VJT6Q, STM32U595ZIT6, STM32U595ZIT6Q, STM32U595ZIY6QTR, STM32U595ZJT6, STM32U595ZJT6Q, STM32U595ZJY6QTR, STM32U599BJY6QTR, STM32U599NIH6Q, STM32U599NJH6Q, STM32U599VIT6Q, STM32U599VJT6, STM32U599VJT6Q, STM32U599ZIT6Q, STM32U599ZIY6QTR, STM32U599ZJT6Q, STM32U599ZJY6QTR, STM32U5A5AJH6, STM32U5A5AJH6Q, STM32U5A5QII3Q , STM32U5A5QJI6, STM32U5A5QJI6Q, STM32U5A5RJT6, STM32U5A5RJT6Q, STM32U5A5VJT6, STM32U5A5VJT6Q, STM32U5A5ZJT6, STM32U5A5ZJT6Q, STM32U5A5ZJY6QTR, STM32U5A9BJY6QTR, STM32U5A9J-DK, STM32U5A9NJH6Q, STM32U5A9VJT6Q, STM32U5A9ZJT6Q, STM32U5A9ZJY6QTR, STM32U5F7VIT6, STM32U5F7VIT6Q, STM32U5F7VJT6, STM32U5F7VJT6Q, STM32U5F9BJY6QTR, STM32U5F9NJH6Q, STM32U5F9VIT6Q, STM32U5F9VJT6Q, STM32U5F9ZIJ6QTR, STM32U5F9ZIT6Q, STM32U5F9ZJJ6QTR, STM32U5F9ZJT6Q, STM32U5G7VJT6, STM32U5G7VJT6Q, STM32U5G9BJY6QTR, STM32U5G9J-DK1, STM32U5G9J-DK2, STM32U5G9NJH6Q, STM32U5G9VJT6Q, STM32U5G9ZJJ6QTR, STM32U5G9ZJT6Q, STM32WB05KZV6TR, STM32WB05KZV7TR, STM32WB05TZF6TR, STM32WB05TZF7TR, STM32WB06CCF6TR, STM32WB06CCF7TR, STM32WB06CCV6TR, STM32WB06CCV7TR, STM32WB06KCV6TR, STM32WB06KCV7TR, STM32WB07CCF6TR, STM32WB07CCF7TR, STM32WB07CCV6TR, STM32WB07CCV7TR, STM32WB07KCV6TR, STM32WB07KCV7TR, STM32WB09KEV6TR, STM32WB09KEV7TR, STM32WB09TEF6TR, STM32WB09TEF7TR, STM32WB1MMCH6, STM32WBA50KGU6, STM32WBA50KGU6TR, STM32WBA52CEU6, STM32WBA52CEU6TR, STM32WBA52CEU7, STM32WBA52CEU7TR, STM32WBA52CGU6, STM32WBA52CGU6TR, STM32WBA52CGU6U, STM32WBA52CGU7, STM32WBA52CGU7TR, STM32WBA52KEU6, STM32WBA52KEU6TR, STM32WBA52KGU6, STM32WBA52KGU6TR, STM32WBA54CEU6, STM32WBA54CEU6TR, STM32WBA54CEU7, STM32WBA54CEU7TR, STM32WBA54CGU6, STM32WBA54CGU6TR, STM32WBA54CGU7, STM32WBA54CGU7TR, STM32WBA54KEU6, STM32WBA54KEU6TR, STM32WBA54KEU7, STM32WBA54KEU7TR, STM32WBA54KGU6, STM32WBA54KGU6TR, STM32WBA54KGU7, STM32WBA54KGU7TR, STM32WBA55CEU6, STM32WBA55CEU6TR, STM32WBA55CEU7, STM32WBA55CEU7TR, STM32WBA55CGU6, STM32WBA55CGU6TR, STM32WBA55CGU6U, STM32WBA55CGU7, STM32WBA55CGU7TR, STM32WBA55G-DK1, STM32WBA55HEF6, STM32WBA55HEF7, STM32WBA55HGF6, STM32WBA55HGF7, STM32WBA55UEI6, STM32WBA55UEI6TR, STM32WBA55UEI7, STM32WBA55UEI7TR, STM32WBA55UGI6, STM32WBA55UGI6TR, STM32WBA55UGI7, STM32WBA55UGI7TR, STM32WBA5MMGH6TR, STM32WBA62MGF6, STM32WBA62MIF6, STM32WBA65MGF7, STM32WBA65MIF6, STM32WBA65MIF7, STM32WL30K8V6, STM32WL30KBV6, STM32WL31C8V6, STM32WL31CBV6, STM32WL31K8V6, STM32WL31KBV6, STM32WL33C8V6, STM32WL33C8V6X, STM32WL33CBV6, STM32WL33CBV6X, STM32WL33CCV6, STM32WL33CCV6A, STM32WL33CCV6X, STM32WL33K8V7, STM32WL33K8V7X, STM32WL33KBV7 , STM32WL33KBV7X, STM32WL33KCV7, STM32WL33KCV7X, STM32WL5MOCH6, STM32WL5MOCH6TR]
2025-10-18 13:57:21,017 [INFO] BoardInfo:889 - No configuration file found for board P-NUCLEO-WB55
2025-10-18 13:57:21,018 [INFO] DbBoards:161 - Kit is not supported: P-NUCLEO-WB55
2025-10-18 13:57:21,024 [INFO] BoardInfo:889 - No configuration file found for board STEVAL-BFA001V1B
2025-10-18 13:57:21,024 [INFO] DbBoards:161 - Kit is not supported: STEVAL-BFA001V1B
2025-10-18 13:57:21,025 [INFO] BoardInfo:889 - No configuration file found for board STEVAL-BFA001V2B
2025-10-18 13:57:21,025 [INFO] DbBoards:161 - Kit is not supported: STEVAL-BFA001V2B
2025-10-18 13:57:21,172 [INFO] DbBoards:168 - Found 212 boards, 209 are supported
2025-10-18 13:57:21,173 [INFO] DbBoards:169 - Found 212 boards, 43 of them is supported for  Bsp
2025-10-18 13:57:21,177 [INFO] ApiDb:668 - CubeFinder database Data Model version=2.1
2025-10-18 13:57:21,178 [INFO] ApiDb:669 - CubeFinder database Configuration version=3.0.39
2025-10-18 13:57:21,178 [INFO] ApiDb:670 - CubeFinder database generation date=2025-08-25 (1756130511)
2025-10-18 13:57:21,178 [INFO] ApiDb:671 - CubeFinder database FW Pack versions=[FP-ATR-ASTRA1_V2.0.0, FP-SNS-FLIGHT1_V5.1.0, FP-SNS-MOTENV1_V5.0.0, FP-SNS-MOTENVWB1_V1.4.0, FP-SNS-SMARTAG2_V1.2.0, FP-SNS-STBOX1_V2.1.0, STM32Cube_FW_C0_V1.4.0, STM32Cube_FW_F4_V1.28.3, STM32Cube_FW_F7_V1.17.4, STM32Cube_FW_G0_V1.6.2, STM32Cube_FW_G4_V1.6.1, STM32Cube_FW_H5_V1.5.0, STM32Cube_FW_H7RS_V1.2.0, STM32Cube_FW_H7_V1.12.1, STM32Cube_FW_L0_V1.12.2, STM32Cube_FW_L4_V1.18.1, STM32Cube_FW_L5_V1.5.1, STM32Cube_FW_N6_V1.2.0, STM32Cube_FW_U0_V1.3.0, STM32Cube_FW_U3_V1.2.0, STM32Cube_FW_U5_V1.8.0, STM32Cube_FW_WB0_V1.3.0, STM32Cube_FW_WBA_V1.7.0, STM32Cube_FW_WB_V1.23.0, STM32Cube_FW_WL3_V1.2.0, STM32Cube_FW_WL_V1.3.1, X-CUBE-ALGOBUILD_V1.4.0, X-CUBE-ALS_V1.0.2, X-CUBE-AZRTOS-F4_V1.1.0, X-CUBE-AZRTOS-F7_V1.1.0, X-CUBE-AZRTOS-G0_V1.1.0, X-CUBE-AZRTOS-G4_V2.0.0, X-CUBE-AZRTOS-H7RS_V1.1.0, X-CUBE-AZRTOS-H7_V3.4.0, X-CUBE-AZRTOS-L4_V2.0.0, X-CUBE-AZRTOS-L5_V2.0.0, X-CUBE-AZRTOS-WB_V2.0.0, X-CUBE-AZRTOS-WL_V2.0.0, X-CUBE-BLE1_V7.1.0, X-CUBE-BLE2_V3.3.0, X-CUBE-BLEMGR_V4.1.0, X-CUBE-EEPRMA1_V5.2.0, X-CUBE-FREERTOS_V1.3.1, X-CUBE-GNSS1_V6.0.0, X-CUBE-MEMS1_V11.3.0, X-CUBE-NFC4_V3.0.0, X-CUBE-NFC7_V2.0.0, X-CUBE-SFXS2LP1_V4.0.0, X-CUBE-ST67W61_V1.0.0, X-CUBE-SUBG2_V5.0.0, X-CUBE-TOF1_V3.4.3]
2025-10-18 13:57:22,746 [INFO] ApiDb:240 - Found 880 in-development CPN: [B-G473E-ZEST1S, B-WB1M-WPAN1, B-WBA5M-WPAN, B-WL5M-SUBG1, NUCLEO-C031C6, NUCLEO-C051C8, NUCLEO-C071RB, NUCLEO-C092RC, NUCLEO-H503RB, NUCLEO-H533RE, NUCLEO-H563ZI, NUCLEO-H7S3L8, NUCLEO-N657X0-Q, NUCLEO-U031R8, NUCLEO-U083RC, NUCLEO-U385RG-Q, NUCLEO-U545RE-Q, NUCLEO-U5A5ZJ-Q, NUCLEO-WB05KZ, NUCLEO-WB07CC, NUCLEO-WB09KE, NUCLEO-WBA52CG, NUCLEO-WBA55CG, NUCLEO-WL33CC1, NUCLEO-WL33CC2, STEVAL-PROTEUS1, STEVAL-SMARTAG2, STEVAL-STWINBX1, STM320518-EVAL, STM32C0116-DK, STM32C011D6Y3TR, STM32C011D6Y6TR, STM32C011F4P3, STM32C011F4P6, STM32C011F4U3, STM32C011F4U6TR, STM32C011F6P3, STM32C011F6P6, STM32C011F6U3, STM32C011F6U6TR, STM32C011J4M3, STM32C011J4M6, STM32C011J6M3, STM32C011J6M6, STM32C0316-DK, STM32C031C4T3, STM32C031C4T6, STM32C031C4U3, STM32C031C4U6, STM32C031C6T3, STM32C031C6T6, STM32C031C6U3, STM32C031C6U6, STM32C031F4P3, STM32C031F4P6, STM32C031F6P3, STM32C031F6P6, STM32C031G4U3, STM32C031G4U6, STM32C031G6U3, STM32C031G6U6, STM32C031K4T3, STM32C031K4T6, STM32C031K4U3, STM32C031K4U6, STM32C031K6T3, STM32C031K6T6, STM32C031K6U3, STM32C031K6U6, STM32C051C6T6, STM32C051C6U6, STM32C051C8T6, STM32C051C8U6, STM32C051D8Y6TR, STM32C051F6P6, STM32C051F8P6, STM32C051G6U6, STM32C051G8U6, STM32C051K6T6, STM32C051K6U6, STM32C051K8T6, STM32C071C8T6, STM32C071C8T6N, STM32C071C8U6, STM32C071C8U6N, STM32C071CBT6, STM32C071CBT6N, STM32C071CBU6, STM32C071CBU6N, STM32C071F8P6, STM32C071F8P6N, STM32C071FBP6, STM32C071FBP6N, STM32C071FBY6TR, STM32C071G8U6, STM32C071G8U6N, STM32C071GBU6, STM32C071GBU6N, STM32C071K8T6, STM32C071K8T6N, STM32C071K8U6, STM32C071K8U6N, STM32C071KBT6, STM32C071KBT6N, STM32C071KBU6, STM32C071KBU6N, STM32C071R8T6, STM32C071R8T6N, STM32C071RBI6N, STM32C071RBT6, STM32C071RBT6N, STM32C091CBT6, STM32C091CBU6, STM32C091CCT6, STM32C091CCU6, STM32C091ECY6TR, STM32C091FBP6, STM32C091FCP6, STM32C091GBU6, STM32C091GCU6, STM32C091KBT6, STM32C091KBU6, STM32C091KCT6, STM32C091KCU6, STM32C091RBT6, STM32C091RCI6, STM32C091RCT6, STM32C092CBT6, STM32C092CBU6, STM32C092CCT6, STM32C092CCU6, STM32C092ECY6TR, STM32C092FBP6, STM32C092FCP6, STM32C092GBU6, STM32C092GCU6, STM32C092KBT6, STM32C092KBU6, STM32C092KCT6, STM32C092KCU6, STM32C092RBT6, STM32C092RCI6, STM32C092RCT6, STM32G071K8TXN, STM32G071K8UXN, STM32G081GBU6N, STM32G081KBT6N, STM32G081KBUXN, STM32G0B1CCT6N, STM32G0B1KCT6, STM32G0B1NEY6TR, STM32G0B1RCT6N, STM32G0C1CCT6, STM32G0C1CCT6N, STM32G0C1CCU6N, STM32G0C1CET6N, STM32G0C1CEU6N, STM32G0C1KCT6, STM32G0C1NEY6TR, STM32G0C1RCI6N, STM32G0C1RCT6N, STM32G0C1REI6N, STM32G0C1RET6N, STM32G0C1VCI6, STM32G0C1VEI6, STM32G411C6T3, STM32G411C6T6, STM32G411C6U3, STM32G411C6U6, STM32G411C8T3, STM32G411C8T6, STM32G411C8U3, STM32G411C8U6, STM32G411CBT3, STM32G411CBT6, STM32G411CBU3, STM32G411CBU6, STM32G411K6T3, STM32G411K6T6, STM32G411K6U3, STM32G411K6U6, STM32G411K8T3, STM32G411K8T6, STM32G411K8U3, STM32G411K8U6, STM32G411KBT3, STM32G411KBT6, STM32G411KBU3, STM32G411KBU6, STM32G411M6T3, STM32G411M6T6, STM32G411M8T3, STM32G411M8T6, STM32G411MBT3, STM32G411MBT6, STM32G411R6T3, STM32G411R6T6, STM32G411R8T3, STM32G411R8T6, STM32G411RBT3, STM32G411RBT6, STM32G414CBT3, STM32G414CBT6, STM32G414CBU3, STM32G414CBU6, STM32G414CCT3, STM32G414CCT6, STM32G414CCU3, STM32G414CCU6, STM32G414MBT3, STM32G414MBT6, STM32G414MCT3, STM32G414MCT6, STM32G414RBT3, STM32G414RBT6, STM32G414RCT3, STM32G414RCT6, STM32G414VBT3, STM32G414VBT6, STM32G414VCT3, STM32G414VCT6, STM32G431CBT3Z, STM32G431RBT3Z, STM32G471CCT6, STM32G471CCU6, STM32G471CET3, STM32G471CET6, STM32G471CEU3, STM32G471CEU6, STM32G471MCT6, STM32G471MET3, STM32G471MET6, STM32G471MEY6TR, STM32G471QCT6, STM32G471QET3, STM32G471RCT6, STM32G471RET3, STM32G471RET6, STM32G471VCH6, STM32G471VCI6, STM32G471VCT6, STM32G471VEH3, STM32G471VEH6, STM32G471VEI3, STM32G471VEI6, STM32G471VET3, STM32G471VET6, STM32G473QET3Z, STM32G473RET3Z, STM32G474CCT6, STM32G491RET3Z, STM32H503CBT6, STM32H503CBU6, STM32H503EBY6TR, STM32H503KBU6, STM32H503RBT6, STM32H523CCT6, STM32H523CCU6, STM32H523CET6, STM32H523CEU6, STM32H523HEY6TR, STM32H523RCT6, STM32H523RET6, STM32H523VCI6, STM32H523VCT6, STM32H523VEI6, STM32H523VET6, STM32H523ZCJ6, STM32H523ZCT6, STM32H523ZEJ6, STM32H523ZET6, STM32H533CET6, STM32H533CEU6, STM32H533HEY6TR, STM32H533RET6, STM32H533VEI6, STM32H533VET6, STM32H533ZEJ6, STM32H533ZET6, STM32H562AGI6, STM32H562AII6, STM32H562IGK6, STM32H562IGT6, STM32H562IIK6, STM32H562IIT6, STM32H562RGT6, STM32H562RGV6, STM32H562RIT6, STM32H562RIV6, STM32H562VGT6, STM32H562VIT6, STM32H562ZGT6, STM32H562ZIT6, STM32H563AGI6, STM32H563AII3Q, STM32H563AII6, STM32H563IGK6, STM32H563IGT6, STM32H563IIK3Q, STM32H563IIK6, STM32H563IIT3Q, STM32H563IIT6, STM32H563MIY3QTR, STM32H563RGT6, STM32H563RGV6, STM32H563RIT6, STM32H563RIV6, STM32H563VGT6, STM32H563VIT3Q, STM32H563VIT6, STM32H563ZGT6, STM32H563ZIT3Q, STM32H563ZIT6, STM32H573AII3Q, STM32H573AII6, STM32H573I-DK, STM32H573IIK3Q, STM32H573IIK6, STM32H573IIT3Q, STM32H573IIT6, STM32H573MIY3QTR, STM32H573RIT6, STM32H573RIV6, STM32H573VIT3Q, STM32H573VIT6, STM32H573ZIT3Q, STM32H573ZIT6, STM32H7R3A8I6, STM32H7R3I8K6, STM32H7R3I8T6, STM32H7R3L8H6, STM32H7R3L8H6H, STM32H7R3R8V6, STM32H7R3V8H6, STM32H7R3V8T6, STM32H7R3V8Y6TR, STM32H7R3Z8J6, STM32H7R3Z8T6, STM32H7R7A8I6, STM32H7R7I8K6, STM32H7R7I8T6, STM32H7R7L8H6, STM32H7R7L8H6H, STM32H7R7Z8J6, STM32H7S3A8I6, STM32H7S3I8K6, STM32H7S3I8T6, STM32H7S3L8H6, STM32H7S3L8H6H, STM32H7S3R8V6, STM32H7S3V8H6, STM32H7S3V8T6, STM32H7S3V8Y6TR, STM32H7S3Z8J6, STM32H7S3Z8T6, STM32H7S78-DK, STM32H7S7A8I6, STM32H7S7I8K6, STM32H7S7I8T6, STM32H7S7L8H6, STM32H7S7L8H6H, STM32H7S7Z8J6, STM32L4R5QGI6STR, STM32MP131AAE3, STM32MP131AAF3, STM32MP131AAG3, STM32MP131CAE3, STM32MP131CAF3, STM32MP131CAG3, STM32MP131DAE7, STM32MP131DAF7, STM32MP131DAG7, STM32MP131FAE7, STM32MP131FAF7, STM32MP131FAG7, STM32MP133AAE3, STM32MP133AAF3, STM32MP133AAG3, STM32MP133CAE3, STM32MP133CAF3, STM32MP133CAG3, STM32MP133DAE7, STM32MP133DAF7, STM32MP133DAG7, STM32MP133FAE7, STM32MP133FAF7, STM32MP133FAG7, STM32MP135AAE3, STM32MP135AAF3, STM32MP135AAG3, STM32MP135CAE3, STM32MP135CAF3, STM32MP135CAG3, STM32MP135DAE7, STM32MP135DAF7, STM32MP135DAG7, STM32MP135F-DK, STM32MP135FAE7, STM32MP135FAF7, STM32MP135FAF7T, STM32MP135FAF7U, STM32MP135FAG7, STM32MP211AAL3, STM32MP211AAM3, STM32MP211AAN3, STM32MP211AAO3, STM32MP211CAL3, STM32MP211CAM3, STM32MP211CAN3, STM32MP211CAO3, STM32MP211DAL3, STM32MP211DAM3, STM32MP211DAN3, STM32MP211DAO3, STM32MP211FAL3, STM32MP211FAM3, STM32MP211FAN3, STM32MP211FAO3, STM32MP213AAL3, STM32MP213AAM3, STM32MP213AAN3, STM32MP213AAO3, STM32MP213CAL3, STM32MP213CAM3, STM32MP213CAN3, STM32MP213CAO3, STM32MP213DAL3, STM32MP213DAM3, STM32MP213DAN3, STM32MP213DAO3, STM32MP213FAL3, STM32MP213FAM3, STM32MP213FAN3, STM32MP213FAO3, STM32MP215AAL3, STM32MP215AAM3, STM32MP215AAN3, STM32MP215AAO3, STM32MP215CAL3, STM32MP215CAM3, STM32MP215CAN3, STM32MP215CAO3, STM32MP215DAL3, STM32MP215DAM3, STM32MP215DAN3, STM32MP215DAO3, STM32MP215F-DK, STM32MP215FAL3, STM32MP215FAM3, STM32MP215FAN3, STM32MP215FAO3, STM32MP231AAJ3, STM32MP231AAK3, STM32MP231AAL3, STM32MP231CAJ3, STM32MP231CAK3, STM32MP231CAL3, STM32MP231DAJ3, STM32MP231DAK3, STM32MP231DAL3, STM32MP231FAJ3, STM32MP231FAK3, STM32MP231FAL3, STM32MP233AAJ3, STM32MP233AAK3, STM32MP233AAL3, STM32MP233CAJ3, STM32MP233CAK3, STM32MP233CAL3, STM32MP233DAJ3, STM32MP233DAK3, STM32MP233DAL3, STM32MP233FAJ3, STM32MP233FAK3, STM32MP233FAL3, STM32MP235AAJ3, STM32MP235AAK3, STM32MP235AAL3, STM32MP235CAJ3, STM32MP235CAK3, STM32MP235CAL3, STM32MP235DAJ3, STM32MP235DAK3, STM32MP235DAL3, STM32MP235FAJ3, STM32MP235FAK3, STM32MP235FAL3, STM32MP251AAI3, STM32MP251AAK3, STM32MP251AAL3, STM32MP251CAI3, STM32MP251CAK3, STM32MP251CAL3, STM32MP251DAI3, STM32MP251DAK3, STM32MP251DAL3, STM32MP251FAI3, STM32MP251FAK3, STM32MP251FAL3, STM32MP253AAI3, STM32MP253AAK3, STM32MP253AAL3, STM32MP253CAI3, STM32MP253CAK3, STM32MP253CAL3, STM32MP253DAI3, STM32MP253DAK3, STM32MP253DAL3, STM32MP253FAI3, STM32MP253FAK3, STM32MP253FAL3, STM32MP255AAI3, STM32MP255AAK3, STM32MP255AAL3, STM32MP255CAI3, STM32MP255CAK3, STM32MP255CAL3, STM32MP255DAI3, STM32MP255DAK3, STM32MP255DAL3, STM32MP255FAI3, STM32MP255FAK3, STM32MP255FAL3, STM32MP257AAI3, STM32MP257AAK3, STM32MP257AAL3, STM32MP257CAI3, STM32MP257CAK3, STM32MP257CAL3, STM32MP257DAI3, STM32MP257DAK3, STM32MP257DAL3, STM32MP257F-DK, STM32MP257F-EV1, STM32MP257FAI3, STM32MP257FAK3, STM32MP257FAL3, STM32N645A0H3Q, STM32N645B0H3Q, STM32N645I0H3Q, STM32N645L0H3Q, STM32N645X0H3Q, STM32N645Z0H3Q, STM32N647A0H3Q, STM32N647B0H3Q, STM32N647I0H3Q, STM32N647L0H3Q, STM32N647X0H3Q, STM32N647Z0H3Q, STM32N655A0H3Q, STM32N655B0H3Q, STM32N655I0H3Q, STM32N655L0H3Q, STM32N655X0H3Q, STM32N655Z0H3Q, STM32N6570-DK, STM32N657A0H3Q, STM32N657B0H3Q, STM32N657I0H3Q, STM32N657L0H3Q, STM32N657X0H3Q, STM32N657Z0H3Q, STM32U031C6T6, STM32U031C6U6, STM32U031C8T6, STM32U031C8U6, STM32U031F4P6, STM32U031F6P6, STM32U031F8P6, STM32U031G6Y6TR, STM32U031G8Y6TR, STM32U031K4U6, STM32U031K6U6, STM32U031K8U6, STM32U031R6I6, STM32U031R6T6, STM32U031R8I6, STM32U031R8T6, STM32U073C8T6, STM32U073C8U6, STM32U073CBT6, STM32U073CBU6, STM32U073CCT6, STM32U073CCU6, STM32U073H8Y6TR, STM32U073HBY6TR, STM32U073HCY6TR, STM32U073K8U6, STM32U073KBU6, STM32U073KCU6, STM32U073M8I6, STM32U073M8T6, STM32U073MBI6, STM32U073MBT6, STM32U073MCI6, STM32U073MCT6, STM32U073R8I6, STM32U073R8T6, STM32U073RBI6, STM32U073RBT6, STM32U073RCI6, STM32U073RCT6, STM32U083C-DK, STM32U083CCT6, STM32U083CCU6, STM32U083HCY6TR, STM32U083KCU6, STM32U083MCI6, STM32U083MCT6, STM32U083RCI6, STM32U083RCT6, STM32U375CET6, STM32U375CET6Q, STM32U375CEU6, STM32U375CEU6Q, STM32U375CEY6QTR, STM32U375CGT6, STM32U375CGT6Q, STM32U375CGU6, STM32U375CGU6Q, STM32U375CGY6QTR, STM32U375KEU6, STM32U375KGU6, STM32U375REI6, STM32U375REI6Q, STM32U375RET6, STM32U375RET6Q, STM32U375REY6GTR, STM32U375REY6QTR, STM32U375RGI6, STM32U375RGI6Q, STM32U375RGT6, STM32U375RGT6Q, STM32U375RGY6GTR, STM32U375RGY6QTR, STM32U375VEI6, STM32U375VEI6Q, STM32U375VET6, STM32U375VET6Q, STM32U375VGI6, STM32U375VGI6Q, STM32U375VGT6, STM32U375VGT6Q, STM32U385CGT6, STM32U385CGT6Q, STM32U385CGU6, STM32U385CGU6Q, STM32U385CGY6QTR, STM32U385KGU6, STM32U385RGI6, STM32U385RGI6Q, STM32U385RGT6, STM32U385RGT6Q, STM32U385RGY6GTR, STM32U385RGY6QTR, STM32U385VGI6, STM32U385VGI6Q, STM32U385VGT6, STM32U385VGT6Q, STM32U535CBT6, STM32U535CBT6Q, STM32U535CBU6, STM32U535CBU6Q, STM32U535CCT6, STM32U535CCT6Q, STM32U535CCU6, STM32U535CCU6Q, STM32U535CET6, STM32U535CET6Q, STM32U535CEU6, STM32U535CEU6Q, STM32U535JEY6QTR, STM32U535NCY6QTR, STM32U535NEY6QTR, STM32U535RBI6, STM32U535RBI6Q, STM32U535RBT6, STM32U535RBT6Q, STM32U535RCI6, STM32U535RCI6Q, STM32U535RCT6, STM32U535RCT6Q, STM32U535REI6, STM32U535REI6Q, STM32U535RET6, STM32U535RET6Q, STM32U535VCI6, STM32U535VCI6Q, STM32U535VCT6, STM32U535VCT6Q, STM32U535VEI6, STM32U535VEI6Q, STM32U535VET6, STM32U535VET6Q, STM32U545CET6, STM32U545CET6Q, STM32U545CEU6, STM32U545CEU6Q, STM32U545JEY6QTR, STM32U545NEY6QTR, STM32U545REI6, STM32U545REI6Q, STM32U545RET6, STM32U545RET6Q, STM32U545VEI6, STM32U545VEI6Q, STM32U545VET6, STM32U545VET6Q, STM32U595AIH6, STM32U595AIH6Q, STM32U595AJH6, STM32U595AJH6Q, STM32U595QII6, STM32U595QII6Q, STM32U595QJI6, STM32U595QJI6Q, STM32U595RIT6, STM32U595RIT6Q, STM32U595RJT6, STM32U595RJT6Q, STM32U595VIT6, STM32U595VIT6Q, STM32U595VJT6, STM32U595VJT6Q, STM32U595ZIT6, STM32U595ZIT6Q, STM32U595ZIY6QTR, STM32U595ZJT6, STM32U595ZJT6Q, STM32U595ZJY6QTR, STM32U599BJY6QTR, STM32U599NIH6Q, STM32U599NJH6Q, STM32U599VIT6Q, STM32U599VJT6, STM32U599VJT6Q, STM32U599ZIT6Q, STM32U599ZIY6QTR, STM32U599ZJT6Q, STM32U599ZJY6QTR, STM32U5A5AJH6, STM32U5A5AJH6Q, STM32U5A5QII3Q , STM32U5A5QJI6, STM32U5A5QJI6Q, STM32U5A5RJT6, STM32U5A5RJT6Q, STM32U5A5VJT6, STM32U5A5VJT6Q, STM32U5A5ZJT6, STM32U5A5ZJT6Q, STM32U5A5ZJY6QTR, STM32U5A9BJY6QTR, STM32U5A9J-DK, STM32U5A9NJH6Q, STM32U5A9VJT6Q, STM32U5A9ZJT6Q, STM32U5A9ZJY6QTR, STM32U5F7VIT6, STM32U5F7VIT6Q, STM32U5F7VJT6, STM32U5F7VJT6Q, STM32U5F9BJY6QTR, STM32U5F9NJH6Q, STM32U5F9VIT6Q, STM32U5F9VJT6Q, STM32U5F9ZIJ6QTR, STM32U5F9ZIT6Q, STM32U5F9ZJJ6QTR, STM32U5F9ZJT6Q, STM32U5G7VJT6, STM32U5G7VJT6Q, STM32U5G9BJY6QTR, STM32U5G9J-DK1, STM32U5G9J-DK2, STM32U5G9NJH6Q, STM32U5G9VJT6Q, STM32U5G9ZJJ6QTR, STM32U5G9ZJT6Q, STM32WB05KZV6TR, STM32WB05KZV7TR, STM32WB05TZF6TR, STM32WB05TZF7TR, STM32WB06CCF6TR, STM32WB06CCF7TR, STM32WB06CCV6TR, STM32WB06CCV7TR, STM32WB06KCV6TR, STM32WB06KCV7TR, STM32WB07CCF6TR, STM32WB07CCF7TR, STM32WB07CCV6TR, STM32WB07CCV7TR, STM32WB07KCV6TR, STM32WB07KCV7TR, STM32WB09KEV6TR, STM32WB09KEV7TR, STM32WB09TEF6TR, STM32WB09TEF7TR, STM32WB1MMCH6, STM32WBA50KGU6, STM32WBA50KGU6TR, STM32WBA52CEU6, STM32WBA52CEU6TR, STM32WBA52CEU7, STM32WBA52CEU7TR, STM32WBA52CGU6, STM32WBA52CGU6TR, STM32WBA52CGU6U, STM32WBA52CGU7, STM32WBA52CGU7TR, STM32WBA52KEU6, STM32WBA52KEU6TR, STM32WBA52KGU6, STM32WBA52KGU6TR, STM32WBA54CEU6, STM32WBA54CEU6TR, STM32WBA54CEU7, STM32WBA54CEU7TR, STM32WBA54CGU6, STM32WBA54CGU6TR, STM32WBA54CGU7, STM32WBA54CGU7TR, STM32WBA54KEU6, STM32WBA54KEU6TR, STM32WBA54KEU7, STM32WBA54KEU7TR, STM32WBA54KGU6, STM32WBA54KGU6TR, STM32WBA54KGU7, STM32WBA54KGU7TR, STM32WBA55CEU6, STM32WBA55CEU6TR, STM32WBA55CEU7, STM32WBA55CEU7TR, STM32WBA55CGU6, STM32WBA55CGU6TR, STM32WBA55CGU6U, STM32WBA55CGU7, STM32WBA55CGU7TR, STM32WBA55G-DK1, STM32WBA55HEF6, STM32WBA55HEF7, STM32WBA55HGF6, STM32WBA55HGF7, STM32WBA55UEI6, STM32WBA55UEI6TR, STM32WBA55UEI7, STM32WBA55UEI7TR, STM32WBA55UGI6, STM32WBA55UGI6TR, STM32WBA55UGI7, STM32WBA55UGI7TR, STM32WBA5MMGH6TR, STM32WBA62MGF6, STM32WBA62MIF6, STM32WBA65MGF7, STM32WBA65MIF6, STM32WBA65MIF7, STM32WL30K8V6, STM32WL30KBV6, STM32WL31C8V6, STM32WL31CBV6, STM32WL31K8V6, STM32WL31KBV6, STM32WL33C8V6, STM32WL33C8V6X, STM32WL33CBV6, STM32WL33CBV6X, STM32WL33CCV6, STM32WL33CCV6A, STM32WL33CCV6X, STM32WL33K8V7, STM32WL33K8V7X, STM32WL33KBV7 , STM32WL33KBV7X, STM32WL33KCV7, STM32WL33KCV7X, STM32WL5MOCH6, STM32WL5MOCH6TR]
2025-10-18 13:57:22,754 [INFO] DbMcus:218 - Found 4801 MCUs, 4801 are supported
2025-10-18 13:57:22,755 [INFO] ApiDb:423 - Load user favorites file /Users/jeremyniu/.stm32cubeide/favorites.mcus.txt: 0 item(s)
2025-10-18 13:57:22,755 [INFO] ApiDb:427 - User favorites MCUs=[]
2025-10-18 13:57:22,755 [INFO] DbMcus:224 - Set 0 / 0 favorites MCUs
2025-10-18 13:57:23,100 [INFO] ApiDb:423 - Load user favorites file /Users/jeremyniu/.stm32cubeide/favorites.boards.txt: 0 item(s)
2025-10-18 13:57:23,100 [INFO] ApiDb:427 - User favorites Boards=[]
2025-10-18 13:57:23,100 [INFO] DbBoards:198 - Set 0 / 0 favorites Boards
2025-10-18 13:57:23,182 [INFO] UtilMem:75 - End LoadConfig() Used Memory: 745822280 Bytes (1073741824)
2025-10-18 13:57:23,343 [WARN] ThirdParty:833 - waiting for thirdparty lock release [change project]
2025-10-18 13:57:23,344 [INFO] ThirdParty:835 - entering critical section [change project]
2025-10-18 13:57:23,345 [INFO] ThirdParty:1030 - CMSIS Pack Vendor :STMicroelectronics X-CUBE-PM33A1 1.0.0
2025-10-18 13:57:23,345 [INFO] ThirdParty:1030 - CMSIS Pack Vendor :STMicroelectronics USBPD 4.1
2025-10-18 13:57:23,345 [INFO] ThirdParty:1030 - CMSIS Pack Vendor :STMicroelectronics X-CUBE-NFC9 1.0.0
2025-10-18 13:57:23,345 [INFO] ThirdParty:1030 - CMSIS Pack Vendor :STMicroelectronics USB_HOST 2.0.0
2025-10-18 13:57:23,345 [INFO] ThirdParty:1030 - CMSIS Pack Vendor :STMicroelectronics FP-SNS-MOTENVWB1 1.4.0
2025-10-18 13:57:23,345 [INFO] ThirdParty:1030 - CMSIS Pack Vendor :STMicroelectronics X-CUBE-AZRTOS-F4 1.1.0
2025-10-18 13:57:23,345 [INFO] ThirdParty:1030 - CMSIS Pack Vendor :STMicroelectronics LIBJPEG 8.0.0
2025-10-18 13:57:23,345 [INFO] ThirdParty:1030 - CMSIS Pack Vendor :STMicroelectronics FP-ATR-ASTRA1 2.0.2
2025-10-18 13:57:23,345 [INFO] ThirdParty:1030 - CMSIS Pack Vendor :wolfSSL I-CUBE-wolfSSL 5.8.2
2025-10-18 13:57:23,345 [INFO] ThirdParty:1030 - CMSIS Pack Vendor :STMicroelectronics X-CUBE-BLE1 7.1.0
2025-10-18 13:57:23,345 [INFO] ThirdParty:1030 - CMSIS Pack Vendor :Avnet-IotConnect X-CUBE-IoTC-DA16k-PMOD 1.0.0
2025-10-18 13:57:23,345 [INFO] ThirdParty:1030 - CMSIS Pack Vendor :STMicroelectronics X-CUBE-SMBUS 2.1.0
2025-10-18 13:57:23,345 [INFO] ThirdParty:1030 - CMSIS Pack Vendor :wolfSSL I-CUBE-wolfMQTT 1.19.2
2025-10-18 13:57:23,345 [INFO] ThirdParty:1030 - CMSIS Pack Vendor :STMicroelectronics USB_DEVICE 3.0.0
2025-10-18 13:57:23,345 [INFO] ThirdParty:1030 - CMSIS Pack Vendor :STMicroelectronics X-CUBE-ISPU 2.1.0
2025-10-18 13:57:23,345 [INFO] ThirdParty:1030 - CMSIS Pack Vendor :STMicroelectronics X-CUBE-EEPRMA1 5.2.0
2025-10-18 13:57:23,345 [INFO] ThirdParty:1030 - CMSIS Pack Vendor :STMicroelectronics X-CUBE-IPS 3.2.0
2025-10-18 13:57:23,345 [INFO] ThirdParty:1030 - CMSIS Pack Vendor :STMicroelectronics X-CUBE-BLEMGR 4.1.0
2025-10-18 13:57:23,345 [INFO] ThirdParty:1030 - CMSIS Pack Vendor :STMicroelectronics X-CUBE-AZRTOS-WB 2.0.0
2025-10-18 13:57:23,345 [INFO] ThirdParty:1030 - CMSIS Pack Vendor :STMicroelectronics X-CUBE-ST60 1.0.0
2025-10-18 13:57:23,345 [INFO] ThirdParty:1030 - CMSIS Pack Vendor :STMicroelectronics X-CUBE-GNSS1 7.0.1
2025-10-18 13:57:23,345 [INFO] ThirdParty:1030 - CMSIS Pack Vendor :STMicroelectronics X-CUBE-NFC12 1.0.0
2025-10-18 13:57:23,345 [INFO] ThirdParty:1030 - CMSIS Pack Vendor :STMicroelectronics X-CUBE-AZRTOS-F7 1.1.0
2025-10-18 13:57:23,345 [INFO] ThirdParty:1030 - CMSIS Pack Vendor :STMicroelectronics X-CUBE-AZRTOS-L5 2.0.0
2025-10-18 13:57:23,345 [INFO] ThirdParty:1030 - CMSIS Pack Vendor :STMicroelectronics X-CUBE-TOUCHGFX 4.25.0
2025-10-18 13:57:23,345 [INFO] ThirdParty:1030 - CMSIS Pack Vendor :STMicroelectronics USB_DEVICE 2.0.0
2025-10-18 13:57:23,345 [INFO] ThirdParty:1030 - CMSIS Pack Vendor :STMicroelectronics X-CUBE-NFC6 3.1.0
2025-10-18 13:57:23,346 [INFO] ThirdParty:1030 - CMSIS Pack Vendor :STMicroelectronics X-CUBE-ST67W61 1.1.0
2025-10-18 13:57:23,346 [INFO] ThirdParty:1030 - CMSIS Pack Vendor :quantropi X-CUBE-qispace-sdk-base 2.1.0
2025-10-18 13:57:23,346 [INFO] ThirdParty:1030 - CMSIS Pack Vendor :Cesanta I-CUBE-Mongoose 7.19.0
2025-10-18 13:57:23,346 [INFO] ThirdParty:1030 - CMSIS Pack Vendor :STMicroelectronics FreeRTOS 0.0.1
2025-10-18 13:57:23,346 [INFO] ThirdParty:1030 - CMSIS Pack Vendor :STMicroelectronics X-CUBE-AZRTOS-G0 1.1.0
2025-10-18 13:57:23,346 [INFO] ThirdParty:1030 - CMSIS Pack Vendor :STMicroelectronics X-CUBE-SAFEA1 1.2.2
2025-10-18 13:57:23,346 [INFO] ThirdParty:1030 - CMSIS Pack Vendor :STMicroelectronics X-CUBE-NFC4 3.0.0
2025-10-18 13:57:23,346 [INFO] ThirdParty:1030 - CMSIS Pack Vendor :STMicroelectronics X-CUBE-SUBG2 5.0.0
2025-10-18 13:57:23,346 [INFO] ThirdParty:1030 - CMSIS Pack Vendor :STMicroelectronics X-CUBE-AZRTOS-H7RS 1.1.0
2025-10-18 13:57:23,346 [INFO] ThirdParty:1030 - CMSIS Pack Vendor :STMicroelectronics STM32_WPAN 1.0.0
2025-10-18 13:57:23,346 [INFO] ThirdParty:1030 - CMSIS Pack Vendor :EmbeddedOffice I-CUBE-FS-RTOS 1.0.1
2025-10-18 13:57:23,346 [INFO] ThirdParty:1030 - CMSIS Pack Vendor :STMicroelectronics lwIP 2.0.3
2025-10-18 13:57:23,346 [INFO] ThirdParty:1030 - CMSIS Pack Vendor :WES I-CUBE-Cesium 1.4.0
2025-10-18 13:57:23,346 [INFO] ThirdParty:1030 - CMSIS Pack Vendor :Cesanta I-CUBE-Mongoose 7.13.0
2025-10-18 13:57:23,346 [INFO] ThirdParty:1030 - CMSIS Pack Vendor :STMicroelectronics USB_HOST 1.0.0
2025-10-18 13:57:23,346 [INFO] ThirdParty:1030 - CMSIS Pack Vendor :Infineon AIROC-Wi-Fi-Bluetooth-STM32 1.7.1
2025-10-18 13:57:23,346 [INFO] ThirdParty:1030 - CMSIS Pack Vendor :STMicroelectronics X-CUBE-AZRTOS-G4 2.0.0
2025-10-18 13:57:23,346 [INFO] ThirdParty:1030 - CMSIS Pack Vendor :STMicroelectronics X-CUBE-WB05N 2.0.0
2025-10-18 13:57:23,346 [INFO] ThirdParty:1030 - CMSIS Pack Vendor :STMicroelectronics PDM2PCM 3.1.0
2025-10-18 13:57:23,346 [INFO] ThirdParty:1030 - CMSIS Pack Vendor :STMicroelectronics PDM2PCM 3.3.0
2025-10-18 13:57:23,346 [INFO] ThirdParty:1030 - CMSIS Pack Vendor :wolfSSL I-CUBE-wolfTPM 3.8.0
2025-10-18 13:57:23,346 [INFO] ThirdParty:1030 - CMSIS Pack Vendor :STMicroelectronics X-CUBE-AZRTOS-H7 3.4.0
2025-10-18 13:57:23,346 [INFO] ThirdParty:1030 - CMSIS Pack Vendor :STMicroelectronics X-CUBE-DISPLAY 3.0.0
2025-10-18 13:57:23,346 [INFO] ThirdParty:1030 - CMSIS Pack Vendor :wolfSSL I-CUBE-wolfSSH 1.4.20
2025-10-18 13:57:23,347 [INFO] ThirdParty:1030 - CMSIS Pack Vendor :STMicroelectronics X-CUBE-NFC7 2.0.0
2025-10-18 13:57:23,347 [INFO] ThirdParty:1030 - CMSIS Pack Vendor :STMicroelectronics X-CUBE-TCPP 4.2.0
2025-10-18 13:57:23,347 [INFO] ThirdParty:1030 - CMSIS Pack Vendor :RealThread X-CUBE-RT-Thread_Nano 4.1.1
2025-10-18 13:57:23,347 [INFO] ThirdParty:1030 - CMSIS Pack Vendor :STMicroelectronics FP-ATR-SIGFOX1 3.2.0
2025-10-18 13:57:23,347 [INFO] ThirdParty:1030 - CMSIS Pack Vendor :STMicroelectronics X-CUBE-NFC10 1.0.0
2025-10-18 13:57:23,347 [INFO] ThirdParty:1030 - CMSIS Pack Vendor :STMicroelectronics X-CUBE-FREERTOS 1.3.1
2025-10-18 13:57:23,347 [INFO] ThirdParty:1030 - CMSIS Pack Vendor :STMicroelectronics HAL Drivers 0.0.0
2025-10-18 13:57:23,347 [INFO] ThirdParty:1030 - CMSIS Pack Vendor :STMicroelectronics MBEDTLS 2.16.2
2025-10-18 13:57:23,347 [INFO] ThirdParty:1030 - CMSIS Pack Vendor :STMicroelectronics X-CUBE-ST60 1.1.0
2025-10-18 13:57:23,347 [INFO] ThirdParty:1030 - CMSIS Pack Vendor :STMicroelectronics X-CUBE-IPS 3.1.0
2025-10-18 13:57:23,347 [INFO] ThirdParty:1030 - CMSIS Pack Vendor :STMicroelectronics X-CUBE-ALS 1.0.2
2025-10-18 13:57:23,347 [INFO] ThirdParty:1030 - CMSIS Pack Vendor :emotas I-CUBE-CANOPEN 1.3.0
2025-10-18 13:57:23,347 [INFO] ThirdParty:1030 - CMSIS Pack Vendor :STMicroelectronics MBEDTLS 2.14.1
2025-10-18 13:57:23,347 [INFO] ThirdParty:1030 - CMSIS Pack Vendor :ITTIA_DB I-CUBE-ITTIADB 8.9.0
2025-10-18 13:57:23,347 [INFO] ThirdParty:1030 - CMSIS Pack Vendor :STMicroelectronics X-CUBE-TOUCHGFX 4.26.0
2025-10-18 13:57:23,347 [INFO] ThirdParty:1030 - CMSIS Pack Vendor :STMicroelectronics X-CUBE-STSE01 1.0.0
2025-10-18 13:57:23,347 [INFO] ThirdParty:1030 - CMSIS Pack Vendor :STMicroelectronics X-CUBE-ST67W61 1.0.0
2025-10-18 13:57:23,347 [INFO] ThirdParty:1030 - CMSIS Pack Vendor :STMicroelectronics FP-SNS-STBOX1 2.1.0
2025-10-18 13:57:23,347 [INFO] ThirdParty:1030 - CMSIS Pack Vendor :STMicroelectronics X-CUBE-AI 10.2.0
2025-10-18 13:57:23,347 [INFO] ThirdParty:1030 - CMSIS Pack Vendor :STMicroelectronics FP-SNS-STAIOTCFT 1.0.0
2025-10-18 13:57:23,347 [INFO] ThirdParty:1030 - CMSIS Pack Vendor :STMicroelectronics ThreadX 1.0.0
2025-10-18 13:57:23,347 [INFO] ThirdParty:1030 - CMSIS Pack Vendor :STMicroelectronics FP-SNS-SMARTAG2 1.2.0
2025-10-18 13:57:23,347 [INFO] ThirdParty:1030 - CMSIS Pack Vendor :STMicroelectronics FP-SNS-FLIGHT1 5.1.0
2025-10-18 13:57:23,347 [INFO] ThirdParty:1030 - CMSIS Pack Vendor :STMicroelectronics X-CUBE-AZRTOS-WL 2.0.0
2025-10-18 13:57:23,347 [INFO] ThirdParty:1030 - CMSIS Pack Vendor :SEGGER I-CUBE-embOS 1.3.1
2025-10-18 13:57:23,347 [INFO] ThirdParty:1030 - CMSIS Pack Vendor :STMicroelectronics X-CUBE-ALGOBUILD 1.4.0
2025-10-18 13:57:23,347 [INFO] ThirdParty:1030 - CMSIS Pack Vendor :STMicroelectronics X-CUBE-DPower 1.3.0
2025-10-18 13:57:23,347 [INFO] ThirdParty:1030 - CMSIS Pack Vendor :STMicroelectronics X-CUBE-MEMS1 11.3.0
2025-10-18 13:57:23,347 [INFO] ThirdParty:1030 - CMSIS Pack Vendor :STMicroelectronics FP-SNS-MOTENV1 5.0.0
2025-10-18 13:57:23,347 [INFO] ThirdParty:1030 - CMSIS Pack Vendor :STMicroelectronics USB_DEVICE 1.0.0
2025-10-18 13:57:23,347 [INFO] ThirdParty:1030 - CMSIS Pack Vendor :STMicroelectronics X-CUBE-AZRTOS-L4 2.0.0
2025-10-18 13:57:23,347 [INFO] ThirdParty:1030 - CMSIS Pack Vendor :STMicroelectronics ThreadX 0.0.2
2025-10-18 13:57:23,347 [INFO] ThirdParty:1030 - CMSIS Pack Vendor :STMicroelectronics lwIP 2.1.2
2025-10-18 13:57:23,347 [INFO] ThirdParty:1030 - CMSIS Pack Vendor :STMicroelectronics X-CUBE-SFXS2LP1 4.0.0
2025-10-18 13:57:23,347 [INFO] ThirdParty:1030 - CMSIS Pack Vendor :STMicroelectronics X-CUBE-BLE2 3.3.0
2025-10-18 13:57:23,347 [INFO] ThirdParty:1030 - CMSIS Pack Vendor :STMicroelectronics X-CUBE-TOF1 3.4.3
2025-10-18 13:57:23,347 [INFO] ThirdParty:1030 - CMSIS Pack Vendor :STMicroelectronics PDM2PCM 3.2.0
2025-10-18 13:57:23,348 [INFO] ThirdParty:841 - exiting critical section [change project]
2025-10-18 13:57:24,046 [INFO] PinOutPanel:1589 - setPackage(No Configuration,No Configuration)
2025-10-18 13:57:24,050 [INFO] PinOutPanel:1589 - setPackage(STM32F072RBTx,LQFP64)
2025-10-18 13:57:25,095 [INFO] UtilMem:75 - Before build in PCC Used Memory: 433272280 Bytes (1073741824)
2025-10-18 13:57:25,985 [INFO] UtilMem:75 - After build in PCC Used Memory: 609433048 Bytes (1073741824)
2025-10-18 13:57:26,043 [INFO] IPUIPlugin:80 - create IPUIPlugin
2025-10-18 13:57:26,044 [INFO] IPUIPlugin:80 - create IPUIPlugin
2025-10-18 13:57:26,045 [INFO] IPUIPlugin:80 - create IPUIPlugin
2025-10-18 13:57:26,046 [INFO] IPUIPlugin:80 - create IPUIPlugin
2025-10-18 13:57:26,046 [INFO] IPUIPlugin:80 - create IPUIPlugin
2025-10-18 13:57:26,046 [INFO] IPUIPlugin:80 - create IPUIPlugin
2025-10-18 13:57:26,046 [INFO] IPUIPlugin:80 - create IPUIPlugin
2025-10-18 13:57:26,046 [INFO] IPUIPlugin:80 - create IPUIPlugin
2025-10-18 13:57:26,046 [INFO] IPUIPlugin:80 - create IPUIPlugin
2025-10-18 13:57:26,047 [INFO] IPUIPlugin:80 - create IPUIPlugin
2025-10-18 13:57:26,047 [INFO] IPUIPlugin:80 - create IPUIPlugin
2025-10-18 13:57:26,047 [INFO] IPUIPlugin:80 - create IPUIPlugin
2025-10-18 13:57:26,047 [INFO] IPUIPlugin:80 - create IPUIPlugin
2025-10-18 13:57:26,047 [INFO] IPUIPlugin:80 - create IPUIPlugin
2025-10-18 13:57:26,047 [INFO] IPUIPlugin:80 - create IPUIPlugin
2025-10-18 13:57:26,047 [INFO] IPUIPlugin:80 - create IPUIPlugin
2025-10-18 13:57:26,047 [INFO] IPUIPlugin:80 - create IPUIPlugin
2025-10-18 13:57:26,048 [INFO] IPUIPlugin:80 - create IPUIPlugin
2025-10-18 13:57:26,048 [INFO] IPUIPlugin:80 - create IPUIPlugin
2025-10-18 13:57:26,050 [INFO] IPUIPlugin:80 - create IPUIPlugin
2025-10-18 13:57:26,050 [INFO] IPUIPlugin:80 - create IPUIPlugin
2025-10-18 13:57:26,050 [INFO] IPUIPlugin:80 - create IPUIPlugin
2025-10-18 13:57:26,051 [INFO] IPUIPlugin:80 - create IPUIPlugin
2025-10-18 13:57:26,051 [INFO] IPUIPlugin:80 - create IPUIPlugin
2025-10-18 13:57:26,051 [INFO] IPUIPlugin:80 - create IPUIPlugin
2025-10-18 13:57:26,051 [INFO] IPUIPlugin:80 - create IPUIPlugin
2025-10-18 13:57:26,051 [INFO] IPUIPlugin:80 - create IPUIPlugin
2025-10-18 13:57:26,051 [INFO] IPUIPlugin:80 - create IPUIPlugin
2025-10-18 13:57:26,051 [INFO] IPUIPlugin:80 - create IPUIPlugin
2025-10-18 13:57:26,051 [INFO] IPUIPlugin:80 - create IPUIPlugin
2025-10-18 13:57:26,051 [INFO] IPUIPlugin:80 - create IPUIPlugin
2025-10-18 13:57:26,051 [INFO] IPUIPlugin:80 - create IPUIPlugin
2025-10-18 13:57:26,051 [INFO] IPUIPlugin:80 - create IPUIPlugin
2025-10-18 13:57:26,052 [INFO] IPUIPlugin:80 - create IPUIPlugin
2025-10-18 13:57:26,052 [INFO] IPUIPlugin:80 - create IPUIPlugin
2025-10-18 13:57:26,052 [INFO] IPUIPlugin:80 - create IPUIPlugin
2025-10-18 13:57:26,052 [INFO] IPUIPlugin:80 - create IPUIPlugin
2025-10-18 13:57:26,053 [INFO] IPUIPlugin:80 - create IPUIPlugin
2025-10-18 13:57:26,055 [INFO] IPUIPlugin:80 - create IPUIPlugin
2025-10-18 13:57:26,057 [INFO] IPUIPlugin:80 - create IPUIPlugin
2025-10-18 13:57:26,058 [INFO] IPUIPlugin:80 - create IPUIPlugin
2025-10-18 13:57:26,411 [INFO] CADModel:165 - CPN selected for project levelSTM32F072RBT6
2025-10-18 13:57:26,411 [INFO] CADModel:114 - Register for checkConnection events
2025-10-18 13:57:26,467 [INFO] OpenFileManager:386 - Restore cursor
2025-10-18 13:57:52,267 [INFO] UtilMem:75 - End SaveConfig() Used Memory: 483769984 Bytes (1073741824)
2025-10-18 13:57:54,935 [INFO] UtilMem:75 - End SaveConfig() Used Memory: 576696360 Bytes (1073741824)
2025-10-18 13:57:55,571 [WARN] MainUpdater:876 - Updater busy. Cannot search getManifestVersion
2025-10-18 13:57:55,572 [INFO] BlockDiagram:2775 - set Specific Code input for plugin: SPI
2025-10-18 13:57:55,572 [INFO] BlockDiagram:2775 - set Specific Code input for plugin: NVIC
2025-10-18 13:57:55,572 [INFO] BlockDiagram:2775 - set Specific Code input for plugin: USART
2025-10-18 13:57:55,572 [INFO] BlockDiagram:2775 - set Specific Code input for plugin: TIM1_8F0
2025-10-18 13:57:55,572 [INFO] BlockDiagram:2775 - set Specific Code input for plugin: SYS
2025-10-18 13:57:55,573 [INFO] BlockDiagram:2775 - set Specific Code input for plugin: GPIO
2025-10-18 13:57:55,573 [INFO] BlockDiagram:2775 - set Specific Code input for plugin: RCC
2025-10-18 13:57:55,575 [INFO] CodeGenerator:892 - code generatio: config db path: /Applications/STM32CubeIDE.app/Contents/Eclipse/plugins/com.st.stm32cube.common.mx_6.15.0.202507011659//db/
2025-10-18 13:57:55,769 [INFO] CodeEngine:265 - oldGeneratedFile, /Users/jeremyniu/embedded-bootcamp/nucleof072rb/MXTmpFiles/license.tmp_save
2025-10-18 13:57:56,828 [INFO] CodeEngine:289 - Generated code: /Users/jeremyniu/embedded-bootcamp/nucleof072rb/MXTmpFiles/license.tmp
2025-10-18 13:57:57,331 [INFO] CodeEngine:265 - oldGeneratedFile, /Users/jeremyniu/embedded-bootcamp/nucleof072rb/Core/Src/gpio.c_save
2025-10-18 13:57:57,615 [INFO] CodeEngine:289 - Generated code: /Users/jeremyniu/embedded-bootcamp/nucleof072rb/Core/Src/gpio.c
2025-10-18 13:57:57,622 [INFO] CodeEngine:265 - oldGeneratedFile, /Users/jeremyniu/embedded-bootcamp/nucleof072rb/Core/Inc/gpio.h_save
2025-10-18 13:57:57,757 [INFO] CodeEngine:289 - Generated code: /Users/jeremyniu/embedded-bootcamp/nucleof072rb/Core/Inc/gpio.h
2025-10-18 13:57:58,202 [INFO] CodeEngine:265 - oldGeneratedFile, /Users/jeremyniu/embedded-bootcamp/nucleof072rb/Core/Src/spi.c_save
2025-10-18 13:57:58,442 [INFO] CodeEngine:289 - Generated code: /Users/jeremyniu/embedded-bootcamp/nucleof072rb/Core/Src/spi.c
2025-10-18 13:57:58,447 [INFO] CodeEngine:265 - oldGeneratedFile, /Users/jeremyniu/embedded-bootcamp/nucleof072rb/Core/Inc/spi.h_save
2025-10-18 13:57:58,567 [INFO] CodeEngine:289 - Generated code: /Users/jeremyniu/embedded-bootcamp/nucleof072rb/Core/Inc/spi.h
2025-10-18 13:57:58,572 [INFO] CodeEngine:265 - oldGeneratedFile, /Users/jeremyniu/embedded-bootcamp/nucleof072rb/Core/Src/tim.c_save
2025-10-18 13:57:58,706 [INFO] CodeEngine:289 - Generated code: /Users/jeremyniu/embedded-bootcamp/nucleof072rb/Core/Src/tim.c
2025-10-18 13:57:58,708 [INFO] CodeEngine:265 - oldGeneratedFile, /Users/jeremyniu/embedded-bootcamp/nucleof072rb/Core/Inc/tim.h_save
2025-10-18 13:57:58,790 [INFO] CodeEngine:289 - Generated code: /Users/jeremyniu/embedded-bootcamp/nucleof072rb/Core/Inc/tim.h
2025-10-18 13:57:58,797 [INFO] CodeEngine:265 - oldGeneratedFile, /Users/jeremyniu/embedded-bootcamp/nucleof072rb/Core/Src/usart.c_save
2025-10-18 13:57:58,947 [INFO] CodeEngine:289 - Generated code: /Users/jeremyniu/embedded-bootcamp/nucleof072rb/Core/Src/usart.c
2025-10-18 13:57:58,950 [INFO] CodeEngine:265 - oldGeneratedFile, /Users/jeremyniu/embedded-bootcamp/nucleof072rb/Core/Inc/usart.h_save
2025-10-18 13:57:59,025 [INFO] CodeEngine:289 - Generated code: /Users/jeremyniu/embedded-bootcamp/nucleof072rb/Core/Inc/usart.h
2025-10-18 13:57:59,033 [INFO] CodeEngine:265 - oldGeneratedFile, /Users/jeremyniu/embedded-bootcamp/nucleof072rb/Core/Src/stm32f0xx_it.c_save
2025-10-18 13:57:59,176 [INFO] CodeEngine:289 - Generated code: /Users/jeremyniu/embedded-bootcamp/nucleof072rb/Core/Src/stm32f0xx_it.c
2025-10-18 13:57:59,179 [INFO] CodeEngine:265 - oldGeneratedFile, /Users/jeremyniu/embedded-bootcamp/nucleof072rb/Core/Inc/stm32f0xx_it.h_save
2025-10-18 13:57:59,249 [INFO] CodeEngine:289 - Generated code: /Users/jeremyniu/embedded-bootcamp/nucleof072rb/Core/Inc/stm32f0xx_it.h
2025-10-18 13:57:59,259 [INFO] CodeEngine:265 - oldGeneratedFile, /Users/jeremyniu/embedded-bootcamp/nucleof072rb/Core/Src/stm32f0xx_hal_msp.c_save
2025-10-18 13:57:59,414 [INFO] CodeEngine:289 - Generated code: /Users/jeremyniu/embedded-bootcamp/nucleof072rb/Core/Src/stm32f0xx_hal_msp.c
2025-10-18 13:57:59,417 [INFO] CodeEngine:265 - oldGeneratedFile, /Users/jeremyniu/embedded-bootcamp/nucleof072rb/MXTmpFiles/system.tmp_save
2025-10-18 13:57:59,491 [INFO] CodeEngine:289 - Generated code: /Users/jeremyniu/embedded-bootcamp/nucleof072rb/MXTmpFiles/system.tmp
2025-10-18 13:57:59,511 [INFO] CodeEngine:321 - oldGeneratedFile, /Users/jeremyniu/embedded-bootcamp/nucleof072rb/Core/Inc/stm32f0xx_hal_conf.h_save
2025-10-18 13:57:59,585 [INFO] CodeEngine:345 - Generated code: /Users/jeremyniu/embedded-bootcamp/nucleof072rb/Core/Inc/stm32f0xx_hal_conf.h
2025-10-18 13:57:59,668 [INFO] ApiDbMcu:532 - Load IP Config File for SPI1
2025-10-18 13:57:59,702 [INFO] ApiDbMcu:532 - Load IP Config File for TIM1
2025-10-18 13:57:59,710 [INFO] ApiDbMcu:532 - Load IP Config File for USART2
2025-10-18 13:57:59,712 [INFO] ApiDbMcu:532 - Load IP Config File for RCC
2025-10-18 13:57:59,721 [INFO] CodeEngine:265 - oldGeneratedFile, /Users/jeremyniu/embedded-bootcamp/nucleof072rb/Core/Inc/main.h_save
2025-10-18 13:57:59,839 [INFO] CodeEngine:289 - Generated code: /Users/jeremyniu/embedded-bootcamp/nucleof072rb/Core/Inc/main.h
2025-10-18 13:57:59,845 [INFO] CodeEngine:265 - oldGeneratedFile, /Users/jeremyniu/embedded-bootcamp/nucleof072rb/Core/Src/main.c_save
2025-10-18 13:58:00,111 [INFO] CodeEngine:289 - Generated code: /Users/jeremyniu/embedded-bootcamp/nucleof072rb/Core/Src/main.c
2025-10-18 13:58:00,490 [INFO] ProjectBuilder:3606 - Time for Copy HAL[1] : 48mS.
2025-10-18 13:58:00,503 [INFO] ProjectBuilder:5216 - Project Generator version: 4.7.0-B52
2025-10-18 13:58:00,613 [INFO] ConfigFileManager:1595 - The Die is : DIE448
2025-10-18 13:58:00,625 [INFO] ApiDbMcu:532 - Load IP Config File for FATFS
2025-10-18 13:58:00,636 [INFO] ApiDbMcu:532 - Load IP Config File for FREERTOS
2025-10-18 13:58:00,647 [INFO] ApiDbMcu:532 - Load IP Config File for TOUCHSENSING
2025-10-18 13:58:00,659 [INFO] ApiDbMcu:532 - Load IP Config File for USB_DEVICE
2025-10-18 13:58:01,295 [INFO] LogOutputStream:77 - [STDOUT_REDIRECT] 
2025-10-18 13:58:04,594 [INFO] ProjectBuilder:5496 - Time for Generating toolchain IDE Files: 4088mS.
2025-10-18 13:58:04,598 [INFO] ProjectBuilder:3463 - Time for Copy CMSIS : 1mS.
2025-10-18 13:58:04,601 [INFO] ProjectBuilder:3463 - Time for Copy CMSIS : 0mS.
