2026-08-22 14:36:16,813 [INFO] Activator:176 - 


2026-08-22 14:36:16,816 [INFO] Activator:177 - !SESSION log4j initialized
2026-08-22 14:36:20,123 [INFO] LogOutputStream:77 - [STDOUT_REDIRECT] 
2026-08-22 14:36:20,762 [INFO] ApplicationProperties:184 - Using Application install path: /opt/st/stm32cubeide_1.19.0/plugins/com.st.stm32cube.common.mx_6.15.0.202507011659
2026-08-22 14:36:20,781 [INFO] DbMcusXml:78 - Set database path to: /opt/st/stm32cubeide_1.19.0/plugins/com.st.stm32cube.common.mx_6.15.0.202507011659//db//mcu/
2026-08-22 14:36:20,781 [INFO] ApiDb:274 - Set plugin database path to: /opt/st/stm32cubeide_1.19.0/plugins/com.st.stm32cube.common.mx_6.15.0.202507011659//db//plugins/boardmanager/
2026-08-22 14:36:20,781 [WARN] ApiDb:259 - Overriding images path with different value:  => /opt/st/stm32cubeide_1.19.0/plugins/com.st.stm32cube.common.mx_6.15.0.202507011659//db//plugins/mcufinder/images/
2026-08-22 14:36:20,786 [INFO] ApiDb:250 - Set database path to: /home/razam/.stmcufinder/plugins/mcufinder//mcu/
2026-08-22 14:36:20,787 [INFO] DbMcusAds:125 - Set database path to: /home/razam/.stmcufinder/plugins/mcufinder//mcu/
2026-08-22 14:36:20,790 [INFO] CrossReferenceDbSqlite:203 - Set database path to: /home/razam/.stmcufinder/plugins/mcufinder//mcu/cs/
2026-08-22 14:36:20,918 [INFO] RulesReader:64 - Compatibility file has been processed (317 Rules)
2026-08-22 14:36:20,987 [INFO] DbMcusXml:78 - Set database path to: /opt/st/stm32cubeide_1.19.0/plugins/com.st.stm32cube.common.mx_6.15.0.202507011659//db//mcu/
2026-08-22 14:36:20,987 [INFO] ApiDb:274 - Set plugin database path to: /opt/st/stm32cubeide_1.19.0/plugins/com.st.stm32cube.common.mx_6.15.0.202507011659//db//plugins/boardmanager/
2026-08-22 14:36:20,987 [INFO] ApiDb:261 - Set plugin images path to: /opt/st/stm32cubeide_1.19.0/plugins/com.st.stm32cube.common.mx_6.15.0.202507011659//db//plugins/mcufinder/images/
2026-08-22 14:36:20,987 [WARN] DbFile:41 - Overriding database path with different value: /home/razam/.stmcufinder/plugins/mcufinder/ => /home/razam/.stmcufinder/plugins/mcufinder
2026-08-22 14:36:20,987 [INFO] ApiDb:250 - Set database path to: /home/razam/.stmcufinder/plugins/mcufinder//mcu/
2026-08-22 14:36:20,987 [WARN] DbFile:41 - Overriding database path with different value: /home/razam/.stmcufinder/plugins/mcufinder/ => /home/razam/.stmcufinder/plugins/mcufinder
2026-08-22 14:36:20,987 [INFO] DbMcusAds:125 - Set database path to: /home/razam/.stmcufinder/plugins/mcufinder//mcu/
2026-08-22 14:36:20,987 [WARN] DbFile:41 - Overriding database path with different value: /home/razam/.stmcufinder/plugins/mcufinder/ => /home/razam/.stmcufinder/plugins/mcufinder
2026-08-22 14:36:20,988 [WARN] DbFile:41 - Overriding database path with different value: /home/razam/.stmcufinder/plugins/mcufinder/ => /home/razam/.stmcufinder/plugins/mcufinder
2026-08-22 14:36:20,988 [INFO] CrossReferenceDbSqlite:203 - Set database path to: /home/razam/.stmcufinder/plugins/mcufinder//mcu/cs/
2026-08-22 14:36:21,062 [INFO] MainPanel:274 - HeapMemory: 268435456
2026-08-22 14:36:21,259 [INFO] DbMcusXml:78 - Set database path to: /opt/st/stm32cubeide_1.19.0/plugins/com.st.stm32cube.common.mx_6.15.0.202507011659//db//mcu/
2026-08-22 14:36:21,259 [INFO] ApiDb:274 - Set plugin database path to: /opt/st/stm32cubeide_1.19.0/plugins/com.st.stm32cube.common.mx_6.15.0.202507011659//db//plugins/boardmanager/
2026-08-22 14:36:21,259 [INFO] ApiDb:261 - Set plugin images path to: /opt/st/stm32cubeide_1.19.0/plugins/com.st.stm32cube.common.mx_6.15.0.202507011659//db//plugins/mcufinder/images/
2026-08-22 14:36:21,260 [WARN] DbFile:41 - Overriding database path with different value: /home/razam/.stmcufinder/plugins/mcufinder/ => /home/razam/.stmcufinder/plugins/mcufinder
2026-08-22 14:36:21,260 [INFO] ApiDb:250 - Set database path to: /home/razam/.stmcufinder/plugins/mcufinder//mcu/
2026-08-22 14:36:21,260 [WARN] DbFile:41 - Overriding database path with different value: /home/razam/.stmcufinder/plugins/mcufinder/ => /home/razam/.stmcufinder/plugins/mcufinder
2026-08-22 14:36:21,260 [INFO] DbMcusAds:125 - Set database path to: /home/razam/.stmcufinder/plugins/mcufinder//mcu/
2026-08-22 14:36:21,260 [WARN] DbFile:41 - Overriding database path with different value: /home/razam/.stmcufinder/plugins/mcufinder/ => /home/razam/.stmcufinder/plugins/mcufinder
2026-08-22 14:36:21,260 [WARN] DbFile:41 - Overriding database path with different value: /home/razam/.stmcufinder/plugins/mcufinder/ => /home/razam/.stmcufinder/plugins/mcufinder
2026-08-22 14:36:21,260 [INFO] CrossReferenceDbSqlite:203 - Set database path to: /home/razam/.stmcufinder/plugins/mcufinder//mcu/cs/
2026-08-22 14:36:21,272 [INFO] ApplicationProperties:184 - Using Application install path: /opt/st/stm32cubeide_1.19.0/plugins/com.st.stm32cube.common.mx_6.15.0.202507011659
2026-08-22 14:36:21,274 [INFO] PluginManage:196 - Search for loadable plugins [exclusion list=, ]
2026-08-22 14:36:21,276 [INFO] PluginManage:310 - Check plugin analytics
2026-08-22 14:36:21,436 [INFO] AnalyticsPlugin:253 - Accepted Software Licenses: 
2026-08-22 14:36:21,436 [INFO] AnalyticsPlugin:255 - Accepted CMSIS Pack Licenses: 
2026-08-22 14:36:21,436 [INFO] AnalyticsPlugin:257 - Accepted Firmware Licenses: 
2026-08-22 14:36:21,438 [INFO] PluginManage:359 - Loaded plugin analytics (category:tool,tabindex:-1)
2026-08-22 14:36:21,438 [INFO] PluginManage:310 - Check plugin cadmodel
2026-08-22 14:36:21,444 [INFO] CADModel:105 - Init CAD model plugin
2026-08-22 14:36:21,444 [INFO] PluginManage:359 - Loaded plugin cadmodel (category:power,tabindex:5)
2026-08-22 14:36:21,445 [INFO] PluginManage:310 - Check plugin clock
2026-08-22 14:36:21,457 [INFO] PluginManage:359 - Loaded plugin clock (category:base,tabindex:2)
2026-08-22 14:36:21,457 [INFO] PluginManage:310 - Check plugin ddr
2026-08-22 14:36:21,461 [INFO] PluginManage:359 - Loaded plugin ddr (category:tool,tabindex:6)
2026-08-22 14:36:21,461 [INFO] PluginManage:310 - Check plugin filemanager
2026-08-22 14:36:21,629 [INFO] PluginManage:359 - Loaded plugin filemanager (category:base,tabindex:10)
2026-08-22 14:36:21,629 [INFO] PluginManage:310 - Check plugin ipmanager
2026-08-22 14:36:21,635 [INFO] PluginManage:359 - Loaded plugin ipmanager (category:base,tabindex:5)
2026-08-22 14:36:21,636 [INFO] PluginManage:310 - Check plugin lpbam
2026-08-22 14:36:21,647 [INFO] PluginManage:359 - Loaded plugin lpbam (category:base,tabindex:0)
2026-08-22 14:36:21,647 [INFO] PluginManage:310 - Check plugin memorymap
2026-08-22 14:36:21,666 [INFO] PluginManage:359 - Loaded plugin memorymap (category:base,tabindex:4)
2026-08-22 14:36:21,666 [INFO] PluginManage:310 - Check plugin pinoutandconfiguration
2026-08-22 14:36:21,677 [INFO] PluginManage:359 - Loaded plugin pinoutandconfiguration (category:base,tabindex:1)
2026-08-22 14:36:21,677 [INFO] PluginManage:310 - Check plugin pinoutconfig
2026-08-22 14:36:21,743 [WARN] SupportedApi:132 - Cannot load RTOS API schema: s4s-elt-must-match.1: The content of 'definitions' must match (annotation?, (simpleType | complexType)?, (unique | key | keyref)*)). A problem was found starting at: attribute.
2026-08-22 14:36:21,921 [INFO] PluginManage:359 - Loaded plugin pinoutconfig (category:base,tabindex:0)
2026-08-22 14:36:21,921 [INFO] PluginManage:310 - Check plugin power
2026-08-22 14:36:21,932 [INFO] PluginManage:359 - Loaded plugin power (category:power,tabindex:4)
2026-08-22 14:36:21,933 [INFO] PluginManage:310 - Check plugin projectmanager
2026-08-22 14:36:21,949 [INFO] PluginManage:359 - Loaded plugin projectmanager (category:projectmanager,tabindex:4)
2026-08-22 14:36:21,949 [INFO] PluginManage:310 - Check plugin rif
2026-08-22 14:36:21,960 [INFO] PluginManage:359 - Loaded plugin rif (category:base,tabindex:3)
2026-08-22 14:36:21,960 [INFO] PluginManage:310 - Check plugin thirdparty
2026-08-22 14:36:22,066 [INFO] PluginManage:359 - Loaded plugin thirdparty (category:base,tabindex:-1)
2026-08-22 14:36:22,066 [WARN] IntegrityCheckThread:84 - waiting for thirdparty lock release [integrity check]
2026-08-22 14:36:22,067 [INFO] PluginManage:310 - Check plugin tools
2026-08-22 14:36:22,067 [INFO] IntegrityCheckThread:86 - entering critical section [integrity check]
2026-08-22 14:36:22,067 [INFO] ThirdPartyUpdaterWithRetryManager:70 - Updater plugin not ready yet. [1/15]
2026-08-22 14:36:22,069 [INFO] PluginManage:359 - Loaded plugin tools (category:base,tabindex:7)
2026-08-22 14:36:22,070 [INFO] PluginManage:310 - Check plugin tutovideos
2026-08-22 14:36:22,252 [INFO] PluginManage:359 - Loaded plugin tutovideos (category:base,tabindex:-1)
2026-08-22 14:36:22,252 [INFO] PluginManage:310 - Check plugin updater
2026-08-22 14:36:22,275 [INFO] PluginManage:359 - Loaded plugin updater (category:base,tabindex:12)
2026-08-22 14:36:22,275 [INFO] PluginManage:310 - Check plugin userauth
2026-08-22 14:36:22,279 [INFO] UserAuth:118 - Init User Auth plugin
2026-08-22 14:36:22,280 [INFO] PluginManage:359 - Loaded plugin userauth (category:base,tabindex:14)
2026-08-22 14:36:22,281 [INFO] PluginManage:283 - PluginManage : Loaded plugins [18]
2026-08-22 14:36:22,477 [INFO] PinOutPanel:1589 - setPackage(No Configuration,No Configuration)
2026-08-22 14:36:22,542 [INFO] CADModel:165 - CPN selected for project level
2026-08-22 14:36:22,543 [INFO] CADModel:114 - Register for checkConnection events
2026-08-22 14:36:22,557 [INFO] IPUIPlugin:80 - create IPUIPlugin
2026-08-22 14:36:22,557 [INFO] PluginManager:220 - loadIPPluginJar : add adc
2026-08-22 14:36:22,561 [INFO] IPUIPlugin:80 - create IPUIPlugin
2026-08-22 14:36:22,561 [INFO] PluginManager:220 - loadIPPluginJar : add aes
2026-08-22 14:36:22,563 [INFO] IPUIPlugin:80 - create IPUIPlugin
2026-08-22 14:36:22,563 [INFO] PluginManager:220 - loadIPPluginJar : add can
2026-08-22 14:36:22,565 [INFO] IPUIPlugin:80 - create IPUIPlugin
2026-08-22 14:36:22,565 [INFO] PluginManager:220 - loadIPPluginJar : add comp
2026-08-22 14:36:22,568 [INFO] IPUIPlugin:80 - create IPUIPlugin
2026-08-22 14:36:22,568 [INFO] PluginManager:220 - loadIPPluginJar : add cryp
2026-08-22 14:36:22,571 [INFO] IPUIPlugin:80 - create IPUIPlugin
2026-08-22 14:36:22,572 [INFO] PluginManager:220 - loadIPPluginJar : add ddr_ctrl_phy
2026-08-22 14:36:22,573 [INFO] IPUIPlugin:80 - create IPUIPlugin
2026-08-22 14:36:22,573 [INFO] PluginManager:220 - loadIPPluginJar : add dfsdm
2026-08-22 14:36:22,579 [INFO] IPUIPlugin:80 - create IPUIPlugin
2026-08-22 14:36:22,580 [INFO] PluginManager:220 - loadIPPluginJar : add dma
2026-08-22 14:36:22,582 [INFO] IPUIPlugin:80 - create IPUIPlugin
2026-08-22 14:36:22,582 [INFO] PluginManager:220 - loadIPPluginJar : add dma3
2026-08-22 14:36:22,584 [INFO] IPUIPlugin:80 - create IPUIPlugin
2026-08-22 14:36:22,584 [INFO] PluginManager:220 - loadIPPluginJar : add extmemmanager
2026-08-22 14:36:22,586 [INFO] IPUIPlugin:80 - create IPUIPlugin
2026-08-22 14:36:22,586 [INFO] PluginManager:220 - loadIPPluginJar : add fatfs
2026-08-22 14:36:22,589 [INFO] IPUIPlugin:80 - create IPUIPlugin
2026-08-22 14:36:22,589 [INFO] PluginManager:220 - loadIPPluginJar : add fmc
2026-08-22 14:36:22,594 [INFO] IPUIPlugin:80 - create IPUIPlugin
2026-08-22 14:36:22,594 [INFO] PluginManager:220 - loadIPPluginJar : add freertos
2026-08-22 14:36:22,596 [INFO] IPUIPlugin:80 - create IPUIPlugin
2026-08-22 14:36:22,596 [INFO] PluginManager:220 - loadIPPluginJar : add genericplugin
2026-08-22 14:36:22,598 [INFO] IPUIPlugin:80 - create IPUIPlugin
2026-08-22 14:36:22,598 [INFO] PluginManager:220 - loadIPPluginJar : add gfxmmu
2026-08-22 14:36:22,603 [INFO] IPUIPlugin:80 - create IPUIPlugin
2026-08-22 14:36:22,604 [INFO] PluginManager:220 - loadIPPluginJar : add gic
2026-08-22 14:36:22,608 [INFO] IPUIPlugin:80 - create IPUIPlugin
2026-08-22 14:36:22,608 [INFO] PluginManager:220 - loadIPPluginJar : add gpio
2026-08-22 14:36:22,612 [INFO] IPUIPlugin:80 - create IPUIPlugin
2026-08-22 14:36:22,612 [INFO] PluginManager:220 - loadIPPluginJar : add gtzc
2026-08-22 14:36:22,614 [INFO] IPUIPlugin:80 - create IPUIPlugin
2026-08-22 14:36:22,614 [INFO] PluginManager:220 - loadIPPluginJar : add hash
2026-08-22 14:36:22,617 [INFO] IPUIPlugin:80 - create IPUIPlugin
2026-08-22 14:36:22,617 [INFO] PluginManager:220 - loadIPPluginJar : add i2c
2026-08-22 14:36:22,619 [INFO] IPUIPlugin:80 - create IPUIPlugin
2026-08-22 14:36:22,620 [INFO] PluginManager:220 - loadIPPluginJar : add i2s
2026-08-22 14:36:22,622 [INFO] IPUIPlugin:80 - create IPUIPlugin
2026-08-22 14:36:22,622 [INFO] PluginManager:220 - loadIPPluginJar : add i3c
2026-08-22 14:36:22,625 [INFO] IPUIPlugin:80 - create IPUIPlugin
2026-08-22 14:36:22,626 [INFO] PluginManager:220 - loadIPPluginJar : add ipddr
2026-08-22 14:36:22,632 [INFO] IPUIPlugin:80 - create IPUIPlugin
2026-08-22 14:36:22,632 [INFO] PluginManager:220 - loadIPPluginJar : add linkedlist
2026-08-22 14:36:22,635 [INFO] IPUIPlugin:80 - create IPUIPlugin
2026-08-22 14:36:22,635 [INFO] PluginManager:220 - loadIPPluginJar : add lorawan
2026-08-22 14:36:22,637 [INFO] IPUIPlugin:80 - create IPUIPlugin
2026-08-22 14:36:22,637 [INFO] PluginManager:220 - loadIPPluginJar : add ltdc
2026-08-22 14:36:22,643 [INFO] IPUIPlugin:80 - create IPUIPlugin
2026-08-22 14:36:22,643 [INFO] PluginManager:220 - loadIPPluginJar : add mdma
2026-08-22 14:36:22,648 [INFO] IPUIPlugin:80 - create IPUIPlugin
2026-08-22 14:36:22,648 [INFO] PluginManager:220 - loadIPPluginJar : add nvic
2026-08-22 14:36:22,651 [INFO] IPUIPlugin:80 - create IPUIPlugin
2026-08-22 14:36:22,651 [INFO] PluginManager:220 - loadIPPluginJar : add opamp
2026-08-22 14:36:22,654 [INFO] IPUIPlugin:80 - create IPUIPlugin
2026-08-22 14:36:22,654 [INFO] PluginManager:220 - loadIPPluginJar : add openamp
2026-08-22 14:36:22,657 [INFO] IPUIPlugin:80 - create IPUIPlugin
2026-08-22 14:36:22,657 [INFO] PluginManager:220 - loadIPPluginJar : add pdm2pcm
2026-08-22 14:36:22,665 [INFO] IPUIPlugin:80 - create IPUIPlugin
2026-08-22 14:36:22,668 [INFO] PluginManager:220 - loadIPPluginJar : add plateformsettings
2026-08-22 14:36:22,669 [INFO] IPUIPlugin:80 - create IPUIPlugin
2026-08-22 14:36:22,670 [INFO] PluginManager:220 - loadIPPluginJar : add quadspi
2026-08-22 14:36:22,671 [INFO] IPUIPlugin:80 - create IPUIPlugin
2026-08-22 14:36:22,672 [INFO] PluginManager:220 - loadIPPluginJar : add radio
2026-08-22 14:36:22,676 [INFO] IPUIPlugin:80 - create IPUIPlugin
2026-08-22 14:36:22,676 [INFO] PluginManager:220 - loadIPPluginJar : add resmgrutility
2026-08-22 14:36:22,679 [INFO] IPUIPlugin:80 - create IPUIPlugin
2026-08-22 14:36:22,680 [INFO] PluginManager:220 - loadIPPluginJar : add sai
2026-08-22 14:36:22,682 [INFO] IPUIPlugin:80 - create IPUIPlugin
2026-08-22 14:36:22,682 [INFO] PluginManager:220 - loadIPPluginJar : add spi
2026-08-22 14:36:22,688 [INFO] IPUIPlugin:80 - create IPUIPlugin
2026-08-22 14:36:22,688 [INFO] PluginManager:220 - loadIPPluginJar : add stm32_wpan
2026-08-22 14:36:22,690 [INFO] IPUIPlugin:80 - create IPUIPlugin
2026-08-22 14:36:22,690 [INFO] PluginManager:220 - loadIPPluginJar : add tim
2026-08-22 14:36:22,693 [INFO] IPUIPlugin:80 - create IPUIPlugin
2026-08-22 14:36:22,694 [INFO] PluginManager:220 - loadIPPluginJar : add touchsensing
2026-08-22 14:36:22,695 [INFO] IPUIPlugin:80 - create IPUIPlugin
2026-08-22 14:36:22,695 [INFO] PluginManager:220 - loadIPPluginJar : add tracer_emb
2026-08-22 14:36:22,696 [INFO] IPUIPlugin:80 - create IPUIPlugin
2026-08-22 14:36:22,697 [INFO] PluginManager:220 - loadIPPluginJar : add ts
2026-08-22 14:36:22,698 [INFO] IPUIPlugin:80 - create IPUIPlugin
2026-08-22 14:36:22,698 [INFO] PluginManager:220 - loadIPPluginJar : add tsc
2026-08-22 14:36:22,699 [INFO] IPUIPlugin:80 - create IPUIPlugin
2026-08-22 14:36:22,699 [INFO] PluginManager:220 - loadIPPluginJar : add ucpd
2026-08-22 14:36:22,701 [INFO] IPUIPlugin:80 - create IPUIPlugin
2026-08-22 14:36:22,702 [INFO] PluginManager:220 - loadIPPluginJar : add usart
2026-08-22 14:36:22,704 [INFO] IPUIPlugin:80 - create IPUIPlugin
2026-08-22 14:36:22,704 [INFO] PluginManager:220 - loadIPPluginJar : add usbx
2026-08-22 14:36:22,800 [FATAL] Updater:351 - Updater called before beeing initialized
2026-08-22 14:36:22,819 [INFO] RulesReader:64 - Compatibility file has been processed (317 Rules)
2026-08-22 14:36:22,826 [INFO] RulesReader:64 - Compatibility file has been processed (317 Rules)
2026-08-22 14:36:22,830 [INFO] CADModel:165 - CPN selected for project level
2026-08-22 14:36:22,830 [INFO] CADModel:114 - Register for checkConnection events
2026-08-22 14:36:22,831 [FATAL] Updater:351 - Updater called before beeing initialized
2026-08-22 14:36:22,831 [ERROR] CADModel:125 - Updater not yet initialized, retry later 
2026-08-22 14:36:22,916 [FATAL] Updater:351 - Updater called before beeing initialized
2026-08-22 14:36:22,918 [INFO] CADModel:165 - CPN selected for project level
2026-08-22 14:36:22,918 [INFO] CADModel:114 - Register for checkConnection events
2026-08-22 14:36:22,918 [FATAL] Updater:351 - Updater called before beeing initialized
2026-08-22 14:36:22,918 [ERROR] CADModel:125 - Updater not yet initialized, retry later 
2026-08-22 14:36:22,921 [FATAL] Updater:351 - Updater called before beeing initialized
2026-08-22 14:36:23,020 [FATAL] Updater:351 - Updater called before beeing initialized
2026-08-22 14:36:23,023 [INFO] DbMcusAds:53 - JSON generation date=Thu Sep 30 02:55:09 EDT 2021 (1632984909247)
2026-08-22 14:36:23,023 [FATAL] Updater:351 - Updater called before beeing initialized
2026-08-22 14:36:23,045 [WARN] DetailPanel:346 - Failed to get advertising image, set to default
2026-08-22 14:36:23,096 [FATAL] Updater:351 - Updater called before beeing initialized
2026-08-22 14:36:23,097 [FATAL] Updater:351 - Updater called before beeing initialized
2026-08-22 14:36:23,097 [FATAL] Updater:351 - Updater called before beeing initialized
2026-08-22 14:36:23,097 [WARN] DetailPanel:346 - Failed to get advertising image, set to default
2026-08-22 14:36:23,098 [FATAL] Updater:351 - Updater called before beeing initialized
2026-08-22 14:36:23,120 [ERROR] Updater:1198 - MainUpdater not yet initialized. External WinMGr cannot be set.
2026-08-22 14:36:23,121 [INFO] Updater:1134 - Updater Version found : 6.15.0
2026-08-22 14:36:23,134 [INFO] ApplicationProperties:184 - Using Application install path: /opt/st/stm32cubeide_1.19.0/plugins/com.st.stm32cube.common.mx_6.15.0.202507011659
2026-08-22 14:36:23,365 [INFO] MainUpdater:2872 - connection check result : 10
2026-08-22 14:36:23,365 [INFO] MainUpdater:3604 - Updater definition file requires update
2026-08-22 14:36:23,366 [INFO] MainUpdater:289 - Updater Check For Update Now.
2026-08-22 14:36:23,366 [INFO] MicroXplorer:498 - Change Database Version : DB.6.0.150
2026-08-22 14:36:23,369 [INFO] McuFinderGlobals:63 - Set McuFinder mode to 2 (CubeIDE integrated)
2026-08-22 14:36:23,370 [INFO] UserAuth:171 - activating auth plugin
2026-08-22 14:36:23,371 [INFO] UserAuth:487 - Internet connection configuration mode: 1
2026-08-22 14:36:23,384 [INFO] JxBrowserEngine:152 - Initiate JxBrowser Engine with user profile folder
2026-08-22 14:36:23,483 [INFO] ServerAccessManage:452 - Complete download http(s) 200
2026-08-22 14:36:23,484 [INFO] ServerAccessManage:509 - Download File updaters.zip
2026-08-22 14:36:23,599 [INFO] FileExtend:248 - Unzip File : updaters.zip
2026-08-22 14:36:23,599 [INFO] FileExtend:263 - Standard Zip Deflate
2026-08-22 14:36:23,905 [INFO] ServerAccessManage:452 - Complete download http(s) 200
2026-08-22 14:36:23,906 [INFO] ServerAccessManage:509 - Download File PacksControlFlags.xml
2026-08-22 14:36:24,051 [INFO] WebApp:169 - Instantiating new browser for Auth
2026-08-22 14:36:24,075 [INFO] ServerAccessManage:452 - Complete download http(s) 200
2026-08-22 14:36:24,076 [INFO] ServerAccessManage:509 - Download File cubemx.pidx
2026-08-22 14:36:24,549 [INFO] WebApp:463 - Apply proxy settings
2026-08-22 14:36:24,550 [INFO] WebApp:548 - Chromium requires no authentication
2026-08-22 14:36:24,557 [INFO] WebApp:491 - Direct internet connection detected
2026-08-22 14:36:24,573 [INFO] WebApp:900 - Register for checkConnection events
2026-08-22 14:36:24,573 [INFO] WebApp:463 - Apply proxy settings
2026-08-22 14:36:24,573 [INFO] WebApp:548 - Chromium requires no authentication
2026-08-22 14:36:24,573 [INFO] WebApp:491 - Direct internet connection detected
2026-08-22 14:36:24,646 [INFO] WebApp:225 - Starting web application
2026-08-22 14:36:24,646 [INFO] WebApp:593 - Web application path used /opt/st/stm32cubeide_1.19.0/plugins/com.st.stm32cube.common.mx_6.15.0.202507011659/db/plugins/mcufinder/reactClient1/index.html
2026-08-22 14:36:24,698 [INFO] ServerAccessManage:452 - Complete download http(s) 200
2026-08-22 14:36:24,698 [INFO] ServerAccessManage:509 - Download File STMicroelectronics.FP-ATR-ASTRA1.pdsc
2026-08-22 14:36:24,902 [INFO] WebApp:191 - Connection restablished
2026-08-22 14:36:25,068 [WARN] MainUpdater:1193 - Updater busy. Cannot search thirdparties
2026-08-22 14:36:25,068 [INFO] ThirdPartyUpdaterWithRetryManager:96 - Updater plugin is busy. [1/15]
2026-08-22 14:36:27,999 [INFO] ServerAccessManage:452 - Complete download http(s) 200
2026-08-22 14:36:27,999 [INFO] ServerAccessManage:509 - Download File STMicroelectronics.X-CUBE-BLEMGR.pdsc
2026-08-22 14:36:28,069 [WARN] MainUpdater:1193 - Updater busy. Cannot search thirdparties
2026-08-22 14:36:28,069 [INFO] ThirdPartyUpdaterWithRetryManager:96 - Updater plugin is busy. [2/15]
2026-08-22 14:36:29,339 [INFO] McuFinderGlobals:63 - Set McuFinder mode to 2 (CubeIDE integrated)
2026-08-22 14:36:30,556 [ERROR] ServerAccessManage:1212 - Problem, file not found on Server
2026-08-22 14:36:31,069 [WARN] MainUpdater:1193 - Updater busy. Cannot search thirdparties
2026-08-22 14:36:31,069 [INFO] ThirdPartyUpdaterWithRetryManager:96 - Updater plugin is busy. [3/15]
2026-08-22 14:36:34,070 [WARN] MainUpdater:1193 - Updater busy. Cannot search thirdparties
2026-08-22 14:36:34,070 [INFO] ThirdPartyUpdaterWithRetryManager:96 - Updater plugin is busy. [4/15]
2026-08-22 14:36:35,178 [INFO] ServerAccessManage:452 - Complete download http(s) 200
2026-08-22 14:36:35,179 [INFO] ServerAccessManage:509 - Download File STMicroelectronics.X-CUBE-MEMS1.pdsc
2026-08-22 14:36:37,070 [WARN] MainUpdater:1193 - Updater busy. Cannot search thirdparties
2026-08-22 14:36:37,070 [INFO] ThirdPartyUpdaterWithRetryManager:96 - Updater plugin is busy. [5/15]
2026-08-22 14:36:40,071 [WARN] MainUpdater:1193 - Updater busy. Cannot search thirdparties
2026-08-22 14:36:40,071 [INFO] ThirdPartyUpdaterWithRetryManager:96 - Updater plugin is busy. [6/15]
2026-08-22 14:36:43,072 [WARN] MainUpdater:1193 - Updater busy. Cannot search thirdparties
2026-08-22 14:36:43,072 [INFO] ThirdPartyUpdaterWithRetryManager:96 - Updater plugin is busy. [7/15]
2026-08-22 14:36:46,072 [WARN] MainUpdater:1193 - Updater busy. Cannot search thirdparties
2026-08-22 14:36:46,073 [INFO] ThirdPartyUpdaterWithRetryManager:96 - Updater plugin is busy. [8/15]
2026-08-22 14:36:48,793 [ERROR] LogOutputStream:75 - [STDERR_REDIRECT] Aug 22, 2026 2:36:48 PM java.util.prefs.FileSystemPreferences checkLockFile0ErrorCode
2026-08-22 14:36:48,793 [ERROR] LogOutputStream:75 - [STDERR_REDIRECT] WARNING: Could not lock System prefs. Unix error code 2.
2026-08-22 14:36:48,794 [ERROR] LogOutputStream:75 - [STDERR_REDIRECT] 
2026-08-22 14:36:48,794 [ERROR] LogOutputStream:75 - [STDERR_REDIRECT] Aug 22, 2026 2:36:48 PM java.util.prefs.FileSystemPreferences syncWorld
2026-08-22 14:36:48,794 [ERROR] LogOutputStream:75 - [STDERR_REDIRECT] WARNING: Couldn't flush system prefs: java.util.prefs.BackingStoreException: Couldn't get file lock.
2026-08-22 14:36:48,794 [ERROR] LogOutputStream:75 - [STDERR_REDIRECT] 
2026-08-22 14:36:49,073 [WARN] MainUpdater:1193 - Updater busy. Cannot search thirdparties
2026-08-22 14:36:49,073 [INFO] ThirdPartyUpdaterWithRetryManager:96 - Updater plugin is busy. [9/15]
2026-08-22 14:36:49,428 [WARN] PackLoader:240 - Cannot read IP mode file for STMicroelectronics.FP-ATR-ASTRA1.2.0.3
2026-08-22 14:36:49,432 [WARN] PopulateThirdPartyThread:106 - Error when creating pack: /home/razam/.stm32cubemx/thirdparties/pdsc/STMicroelectronics.X-CUBE-BLEMGR.pdsc
2026-08-22 14:36:49,471 [WARN] PackLoader:240 - Cannot read IP mode file for STMicroelectronics.X-CUBE-MEMS1.13.0.0
2026-08-22 14:36:49,526 [INFO] PopulateThirdPartyThread:66 - Ending populate Thread
2026-08-22 14:36:49,527 [INFO] ThirdParty:1030 - CMSIS Pack Vendor :STMicroelectronics X-CUBE-MEMS1 13.0.0
2026-08-22 14:36:49,528 [INFO] ThirdParty:1030 - CMSIS Pack Vendor :STMicroelectronics FP-ATR-ASTRA1 2.0.3
2026-08-22 14:36:49,528 [INFO] LoadServerUpdatesThread:375 - End of LoadServerUpdate Thread
2026-08-22 14:36:49,568 [INFO] CheckServerUpdateThread:120 - End of CheckServer Thread
2026-08-22 14:36:49,706 [INFO] MainUpdater:2872 - connection check result : 10
2026-08-22 14:36:49,707 [INFO] MainUpdater:2872 - connection check result : 10
2026-08-22 14:36:49,754 [INFO] MicroXplorer:468 - Change Database Path : 
2026-08-22 14:36:49,754 [INFO] MicroXplorer:498 - Change Database Version : DB.6.0.150
2026-08-22 14:36:49,760 [WARN] ThirdParty:871 - waiting for thirdparty lock release [close project]
2026-08-22 14:36:52,154 [WARN] PackLoader:240 - Cannot read IP mode file for STMicroelectronics.X-CUBE-AZRTOS-H7.3.5.0
2026-08-22 14:36:52,160 [WARN] PackLoader:240 - Cannot read IP mode file for STMicroelectronics.FP-ATR-ASTRA1.2.0.3
2026-08-22 14:36:52,163 [WARN] PackLoader:240 - Cannot read IP mode file for STMicroelectronics.FP-ATR-ASTRA1.2.0.2
2026-08-22 14:36:52,167 [ERROR] Engine:466 - /home/razam/.stm32cubemx/thirdparties/pdsc/STMicroelectronics.X-CUBE-SMBUS.2.1.1.pdsc: PDSC version is not supported
2026-08-22 14:36:52,177 [WARN] PackLoader:240 - Cannot read IP mode file for STMicroelectronics.X-CUBE-AZRTOS-F7.1.1.0
2026-08-22 14:36:52,185 [WARN] PackLoader:240 - Cannot read IP mode file for STMicroelectronics.X-CUBE-FREERTOS.1.6.0
2026-08-22 14:36:52,189 [WARN] PackLoader:240 - Cannot read IP mode file for STMicroelectronics.FP-SNS-MOTENV1.5.1.0
2026-08-22 14:36:52,198 [WARN] PackLoader:240 - Cannot read IP mode file for STMicroelectronics.X-CUBE-AZRTOS-H7RS.1.3.0
2026-08-22 14:36:52,203 [WARN] PackLoader:240 - Cannot read IP mode file for WES.I-CUBE-Cesium.1.4.0
2026-08-22 14:36:52,207 [WARN] PackLoader:240 - Cannot read IP mode file for STMicroelectronics.X-CUBE-DISPLAY.3.0.0
2026-08-22 14:36:52,214 [WARN] PackLoader:240 - Cannot read IP mode file for STMicroelectronics.X-CUBE-GNSS1.7.1.1
2026-08-22 14:36:52,217 [WARN] PackLoader:240 - Cannot read IP mode file for STMicroelectronics.FP-SNS-MOTENVWB1.1.5.0
2026-08-22 14:36:52,219 [WARN] PackLoader:240 - Cannot read IP mode file for wolfSSL.I-CUBE-wolfSSL.5.9.1
2026-08-22 14:36:52,223 [WARN] PackLoader:240 - Cannot read IP mode file for STMicroelectronics.X-CUBE-NFC10.1.0.0
2026-08-22 14:36:52,227 [WARN] PackLoader:240 - Cannot read IP mode file for STMicroelectronics.X-CUBE-ST60.1.1.0
2026-08-22 14:36:52,229 [WARN] PackLoader:240 - Cannot read IP mode file for emotas.I-CUBE-CANOPEN.1.3.0
2026-08-22 14:36:52,231 [ERROR] Engine:466 - /home/razam/.stm32cubemx/thirdparties/pdsc/STMicroelectronics.X-CUBE-WBA.1.1.0.pdsc: PDSC version is not supported
2026-08-22 14:36:52,233 [WARN] PackLoader:240 - Cannot read IP mode file for STMicroelectronics.FP-SNS-STBOX1.2.1.0
2026-08-22 14:36:52,236 [WARN] PackLoader:240 - Cannot read IP mode file for STMicroelectronics.FP-SNS-SMARTAG2.1.2.0
2026-08-22 14:36:52,238 [WARN] PackLoader:240 - Cannot read IP mode file for STMicroelectronics.FP-SNS-FLIGHT1.5.1.0
2026-08-22 14:36:52,243 [INFO] LogOutputStream:77 - [STDOUT_REDIRECT] 1 : Invalid condition id : UX_CORESTACK_Condition cause : null
2026-08-22 14:36:52,243 [INFO] LogOutputStream:77 - [STDOUT_REDIRECT] 1 : Invalid condition id : UX_CORESTACK_Condition cause : null
2026-08-22 14:36:52,243 [INFO] LogOutputStream:77 - [STDOUT_REDIRECT] 1 : Invalid condition id : UX_CORESTACK_Condition cause : null
2026-08-22 14:36:52,243 [INFO] LogOutputStream:77 - [STDOUT_REDIRECT] 1 : Invalid condition id : UX_CORESTACK_Condition cause : null
2026-08-22 14:36:52,243 [INFO] LogOutputStream:77 - [STDOUT_REDIRECT] 1 : Invalid condition id : UX_CORESTACK_Condition cause : null
2026-08-22 14:36:52,245 [WARN] PackLoader:240 - Cannot read IP mode file for STMicroelectronics.X-CUBE-AZRTOS-WL.2.0.0
2026-08-22 14:36:52,252 [WARN] PackLoader:240 - Cannot read IP mode file for STMicroelectronics.X-CUBE-AZRTOS-H7RS.1.2.0
2026-08-22 14:36:52,256 [WARN] PackLoader:240 - Cannot read IP mode file for STMicroelectronics.X-CUBE-BLE2.3.3.0
2026-08-22 14:36:52,271 [WARN] PackLoader:240 - Cannot read IP mode file for Infineon.AIROC-Wi-Fi-Bluetooth-STM32.1.8.0
2026-08-22 14:36:52,277 [WARN] PackLoader:240 - Cannot read IP mode file for STMicroelectronics.X-CUBE-NFC9.1.0.0
2026-08-22 14:36:52,280 [WARN] PackLoader:240 - Cannot read IP mode file for STMicroelectronics.X-CUBE-BLE1.7.1.0
2026-08-22 14:36:52,282 [WARN] PackLoader:240 - Cannot read IP mode file for wolfSSL.I-CUBE-wolfMQTT.1.19.2
2026-08-22 14:36:52,284 [WARN] PackLoader:240 - Cannot read IP mode file for STMicroelectronics.X-CUBE-EEPRMA1.5.2.0
2026-08-22 14:36:52,287 [WARN] PackLoader:240 - Cannot read IP mode file for STMicroelectronics.FP-SNS-STAIOTCFT.1.1.0
2026-08-22 14:36:52,294 [WARN] PackLoader:240 - Cannot read IP mode file for STMicroelectronics.X-CUBE-AZRTOS-G0.1.1.0
2026-08-22 14:36:52,297 [WARN] PackLoader:240 - Cannot read IP mode file for STMicroelectronics.X-CUBE-NFC4.3.0.0
2026-08-22 14:36:52,300 [WARN] PackLoader:240 - Cannot read IP mode file for EmbeddedOffice.I-CUBE-FS-RTOS.1.0.1
2026-08-22 14:36:52,302 [WARN] PackLoader:240 - Cannot read IP mode file for wolfSSL.I-CUBE-wolfTPM.3.8.0
2026-08-22 14:36:52,304 [WARN] PackLoader:240 - Cannot read IP mode file for STMicroelectronics.X-CUBE-TCPP.4.2.0
2026-08-22 14:36:52,307 [WARN] PackLoader:240 - Cannot read IP mode file for RealThread.X-CUBE-RT-Thread_Nano.4.1.1
2026-08-22 14:36:52,309 [WARN] PackLoader:240 - Cannot read IP mode file for STMicroelectronics.FP-ATR-SIGFOX1.3.2.0
2026-08-22 14:36:52,311 [WARN] PackLoader:240 - Cannot read IP mode file for STMicroelectronics.X-CUBE-FREERTOS.1.5.0
2026-08-22 14:36:52,314 [WARN] PackLoader:240 - Cannot read IP mode file for ITTIA_DB.I-CUBE-ITTIADB.8.9.0
2026-08-22 14:36:52,315 [WARN] PackLoader:240 - Cannot read IP mode file for Cesanta.I-CUBE-Mongoose.7.21.7
2026-08-22 14:36:52,317 [WARN] PackLoader:240 - Cannot read IP mode file for STMicroelectronics.X-CUBE-NFC6.3.2.0
2026-08-22 14:36:52,320 [WARN] PackLoader:240 - Cannot read IP mode file for STMicroelectronics.X-CUBE-AI.10.2.1
2026-08-22 14:36:52,337 [WARN] PackLoader:240 - Cannot read IP mode file for STMicroelectronics.X-CUBE-MEMS1.12.1.0
2026-08-22 14:36:52,381 [WARN] PackLoader:240 - Cannot read IP mode file for SEGGER.I-CUBE-embOS.1.3.1
2026-08-22 14:36:52,410 [WARN] PackLoader:240 - Cannot read IP mode file for STMicroelectronics.X-CUBE-NFC13.1.0.0
2026-08-22 14:36:52,414 [WARN] PackLoader:240 - Cannot read IP mode file for STMicroelectronics.X-CUBE-PM33A1.1.0.0
2026-08-22 14:36:52,425 [WARN] PackLoader:240 - Cannot read IP mode file for STMicroelectronics.X-CUBE-AZRTOS-F4.1.1.0
2026-08-22 14:36:52,429 [WARN] PackLoader:240 - Cannot read IP mode file for STMicroelectronics.X-CUBE-ISPU.2.1.0
2026-08-22 14:36:52,439 [WARN] PackLoader:240 - Cannot read IP mode file for STMicroelectronics.X-CUBE-IPS.3.2.0
2026-08-22 14:36:52,446 [WARN] PackLoader:240 - Cannot read IP mode file for STMicroelectronics.eDS-WB_DPC_TT-BIDIR.2.1.1
2026-08-22 14:36:52,450 [WARN] PackLoader:240 - Cannot read IP mode file for STMicroelectronics.X-CUBE-NFC12.1.0.0
2026-08-22 14:36:52,462 [WARN] PackLoader:240 - Cannot read IP mode file for STMicroelectronics.X-CUBE-AZRTOS-L5.2.0.0
2026-08-22 14:36:52,468 [WARN] PackLoader:240 - Cannot read IP mode file for STMicroelectronics.X-CUBE-ALGOBUILD.1.5.0
2026-08-22 14:36:52,471 [WARN] PackLoader:240 - Cannot read IP mode file for STMicroelectronics.eDS-WB_DPC_VIENNA.1.2.0
2026-08-22 14:36:52,499 [WARN] PackLoader:240 - Cannot read IP mode file for STMicroelectronics.X-CUBE-MEMS1.13.0.0
2026-08-22 14:36:52,570 [WARN] PackLoader:240 - Cannot read IP mode file for STMicroelectronics.eDS-WB_DPC_3PH2L-BIDIR.1.1.1
2026-08-22 14:36:52,572 [ERROR] Engine:466 - /home/razam/.stm32cubemx/thirdparties/pdsc/STMicroelectronics.X-CUBE-ST67W61.1.3.0.pdsc: PDSC version is not supported
2026-08-22 14:36:52,575 [WARN] PackLoader:240 - Cannot read IP mode file for STMicroelectronics.X-CUBE-TOUCHGFX.4.26.1
2026-08-22 14:36:52,578 [WARN] PackLoader:240 - Cannot read IP mode file for STMicroelectronics.X-CUBE-DPower.1.3.0
2026-08-22 14:36:52,589 [WARN] ConditionMgr:438 - getConditionDescription Invalid condition id : LAN8742 Phy interface Condition cause : null
2026-08-22 14:36:52,590 [WARN] PackLoader:240 - Cannot read IP mode file for STMicroelectronics.X-CUBE-AZRTOS-L4.2.0.0
2026-08-22 14:36:52,591 [WARN] ConditionMgr:1044 - genDependencies : Invalid condition id : LAN8742 Phy interface Condition cause : null
2026-08-22 14:36:52,591 [WARN] ConditionMgr:1044 - genDependencies : Invalid condition id : LAN8742 Phy interface Condition cause : null
2026-08-22 14:36:52,591 [WARN] ConditionMgr:1044 - genDependencies : Invalid condition id : LAN8742 Phy interface Condition cause : null
2026-08-22 14:36:52,596 [WARN] PackLoader:240 - Cannot read IP mode file for STMicroelectronics.X-CUBE-SFXS2LP1.4.0.0
2026-08-22 14:36:52,599 [WARN] PackLoader:240 - Cannot read IP mode file for STMicroelectronics.X-CUBE-WB05N.2.1.0
2026-08-22 14:36:52,606 [WARN] PackLoader:240 - Cannot read IP mode file for STMicroelectronics.X-CUBE-BLEMGR.4.1.0
2026-08-22 14:36:52,615 [WARN] ConditionMgr:438 - getConditionDescription Invalid condition id : UX DEVICE CLASS RTOS Condition cause : null
2026-08-22 14:36:52,616 [WARN] ConditionMgr:438 - getConditionDescription Invalid condition id : UX DEVICE CLASS RTOS Condition cause : null
2026-08-22 14:36:52,617 [WARN] PackLoader:240 - Cannot read IP mode file for STMicroelectronics.X-CUBE-AZRTOS-WB.2.0.0
2026-08-22 14:36:52,618 [WARN] ConditionMgr:1044 - genDependencies : Invalid condition id : UX DEVICE CLASS RTOS Condition cause : null
2026-08-22 14:36:52,618 [WARN] ConditionMgr:1044 - genDependencies : Invalid condition id : UX DEVICE CLASS RTOS Condition cause : null
2026-08-22 14:36:52,618 [WARN] ConditionMgr:1044 - genDependencies : Invalid condition id : UX DEVICE CLASS RTOS Condition cause : null
2026-08-22 14:36:52,618 [WARN] ConditionMgr:1044 - genDependencies : Invalid condition id : UX DEVICE CLASS RTOS Condition cause : null
2026-08-22 14:36:52,618 [WARN] ConditionMgr:1044 - genDependencies : Invalid condition id : UX DEVICE CLASS RTOS Condition cause : null
2026-08-22 14:36:52,621 [WARN] ConditionMgr:438 - getConditionDescription Invalid condition id : Cortex-A Device cause : null
2026-08-22 14:36:52,626 [WARN] ConditionMgr:1044 - genDependencies : Invalid condition id : Cortex-A Device cause : null
2026-08-22 14:36:52,626 [WARN] ConditionMgr:1044 - genDependencies : Invalid condition id : Cortex-A Device cause : null
2026-08-22 14:36:52,626 [WARN] ConditionMgr:1044 - genDependencies : Invalid condition id : Cortex-A Device cause : null
2026-08-22 14:36:52,632 [WARN] PackLoader:240 - Cannot read IP mode file for STMicroelectronics.X-CUBE-STSE01.2.0.0
2026-08-22 14:36:52,640 [WARN] PackLoader:240 - Cannot read IP mode file for STMicroelectronics.X-CUBE-SUBG2.5.0.0
2026-08-22 14:36:52,652 [WARN] PackLoader:240 - Cannot read IP mode file for STMicroelectronics.X-CUBE-AZRTOS-G4.2.0.0
2026-08-22 14:36:52,655 [WARN] PackLoader:240 - Cannot read IP mode file for wolfSSL.I-CUBE-wolfSSH.1.4.20
2026-08-22 14:36:52,658 [WARN] PackLoader:240 - Cannot read IP mode file for STMicroelectronics.X-CUBE-NFC7.2.0.0
2026-08-22 14:36:52,661 [ERROR] Engine:466 - /home/razam/.stm32cubemx/thirdparties/pdsc/STMicroelectronics.X-CUBE-BLEMGR.4.2.0.pdsc: PDSC version is not supported
2026-08-22 14:36:52,663 [WARN] PackLoader:240 - Cannot read IP mode file for STMicroelectronics.X-CUBE-ALS.1.0.2
2026-08-22 14:36:52,670 [WARN] PackLoader:240 - Cannot read IP mode file for STMicroelectronics.X-CUBE-TOF1.3.4.3
2026-08-22 14:36:52,678 [INFO] ThirdParty:978 - Integrity check success = true
2026-08-22 14:36:52,678 [INFO] IntegrityCheckThread:100 - exiting critical section [integrity check]
2026-08-22 14:36:52,678 [INFO] IntegrityCheckThread:103 - End integrity checks thread
2026-08-22 14:36:52,678 [INFO] ThirdParty:873 - entering critical section [close project]
2026-08-22 14:36:52,679 [INFO] ThirdParty:883 - exiting critical section [close project]
2026-08-22 14:36:52,680 [INFO] PinOutPanel:1589 - setPackage(No Configuration,No Configuration)
2026-08-22 14:36:52,682 [INFO] UtilMem:75 - Begin LoadConfig() Used Memory: 266456680 Bytes (577765376)
2026-08-22 14:36:52,685 [INFO] MicroXplorer:468 - Change Database Path : /home/razam/.stm32cubemx/databases/DB.6.0.30/db/
2026-08-22 14:36:52,686 [INFO] MicroXplorer:498 - Change Database Version : DB.6.0.30
2026-08-22 14:36:55,788 [INFO] OpenFileManager:355 - Change cursor
2026-08-22 14:36:55,809 [INFO] Mcu:2029 - Initializing MCU STM32F072R(8-B)Tx STM32F072RBTx STM32F072RBT6
2026-08-22 14:36:56,523 [INFO] Context:786 - Trying to add GPIOservice into a context  which must be forbidden
2026-08-22 14:36:56,810 [INFO] ImportTextPane:234 - (OptionalMessage_ERROR) Pin17 (VP_RIF_VS_RIF1) cannot be retrieved for this MCU
2026-08-22 14:36:56,883 [INFO] RtosManager:558 - Registered RTOS mode: class=CMSIS, group=RTOS, mode=CMSIS_V1, owner=FREERTOS
2026-08-22 14:36:56,883 [INFO] RtosManager:558 - Registered RTOS mode: class=CMSIS, group=RTOS2, mode=CMSIS_V2, owner=FREERTOS
2026-08-22 14:36:56,884 [INFO] RtosManager:558 - Registered RTOS mode: class=RTOS, group=Core, mode=CMSIS_V1, owner=FREERTOS
2026-08-22 14:36:56,884 [INFO] RtosManager:558 - Registered RTOS mode: class=RTOS, group=Core, mode=CMSIS_V2, owner=FREERTOS
2026-08-22 14:36:56,884 [WARN] ModelIntegratedComponent:184 - Missing modes for component STMicroelectronics:FreeRTOS:0.0.1:STMicroelectronics:RTOS:FreeRTOS:Core:::10.2.0:
2026-08-22 14:36:56,929 [WARN] ModelIntegratedComponent:63 - No mode defined for component null
2026-08-22 14:36:56,929 [WARN] ModelIntegratedComponent:63 - No mode defined for component null
2026-08-22 14:36:56,929 [WARN] ModelIntegratedComponent:63 - No mode defined for component null
2026-08-22 14:36:56,929 [WARN] ModelIntegratedComponent:63 - No mode defined for component null
2026-08-22 14:36:56,929 [WARN] ModelIntegratedComponent:63 - No mode defined for component null
2026-08-22 14:36:56,929 [WARN] ModelIntegratedComponent:63 - No mode defined for component null
2026-08-22 14:36:56,929 [WARN] ModelIntegratedComponent:63 - No mode defined for component null
2026-08-22 14:36:56,929 [WARN] ModelIntegratedComponent:63 - No mode defined for component null
2026-08-22 14:36:56,929 [WARN] ModelIntegratedComponent:63 - No mode defined for component null
2026-08-22 14:36:56,929 [WARN] ModelIntegratedComponent:63 - No mode defined for component null
2026-08-22 14:36:56,929 [WARN] ModelIntegratedComponent:63 - No mode defined for component null
2026-08-22 14:36:56,929 [WARN] ModelIntegratedComponent:63 - No mode defined for component null
2026-08-22 14:36:56,929 [WARN] ModelIntegratedComponent:63 - No mode defined for component null
2026-08-22 14:36:56,929 [WARN] ModelIntegratedComponent:63 - No mode defined for component null
2026-08-22 14:36:56,929 [WARN] ModelIntegratedComponent:63 - No mode defined for component null
2026-08-22 14:36:56,929 [WARN] ModelIntegratedComponent:63 - No mode defined for component null
2026-08-22 14:36:56,930 [WARN] ModelIntegratedComponent:63 - No mode defined for component null
2026-08-22 14:36:56,930 [WARN] ModelIntegratedComponent:63 - No mode defined for component null
2026-08-22 14:36:56,930 [WARN] ModelIntegratedComponent:63 - No mode defined for component null
2026-08-22 14:36:56,930 [WARN] ModelIntegratedComponent:63 - No mode defined for component null
2026-08-22 14:36:56,930 [WARN] ModelIntegratedComponent:63 - No mode defined for component null
2026-08-22 14:36:56,930 [WARN] ModelIntegratedComponent:63 - No mode defined for component null
2026-08-22 14:36:56,930 [WARN] ModelIntegratedComponent:63 - No mode defined for component null
2026-08-22 14:36:56,930 [WARN] ModelIntegratedComponent:63 - No mode defined for component null
2026-08-22 14:36:56,930 [WARN] ModelIntegratedComponent:63 - No mode defined for component null
2026-08-22 14:36:56,930 [WARN] ModelIntegratedComponent:63 - No mode defined for component null
2026-08-22 14:36:56,930 [WARN] ModelIntegratedComponent:63 - No mode defined for component null
2026-08-22 14:36:56,930 [WARN] ModelIntegratedComponent:63 - No mode defined for component null
2026-08-22 14:36:56,930 [WARN] ModelIntegratedComponent:63 - No mode defined for component null
2026-08-22 14:36:56,930 [WARN] ModelIntegratedComponent:63 - No mode defined for component null
2026-08-22 14:36:56,930 [WARN] ModelIntegratedComponent:63 - No mode defined for component null
2026-08-22 14:36:56,930 [WARN] ModelIntegratedComponent:63 - No mode defined for component null
2026-08-22 14:36:56,930 [WARN] ModelIntegratedComponent:63 - No mode defined for component null
2026-08-22 14:36:56,930 [WARN] ModelIntegratedComponent:63 - No mode defined for component null
2026-08-22 14:36:56,930 [WARN] ModelIntegratedComponent:63 - No mode defined for component null
2026-08-22 14:36:56,931 [WARN] ModelPack:524 - Component already loaded: STMicroelectronics:HAL Drivers:0.0.0:STMicroelectronics:Device:STMicro_Driver:XSPI:HAL::0.0.1:HAL_XSPI
2026-08-22 14:36:56,998 [INFO] ThirdPartyModel:298 - Start build external matchings
2026-08-22 14:36:57,251 [INFO] ThirdPartyModel:316 - End build external matchings
2026-08-22 14:36:57,261 [INFO] ImportTextPane:234 - (OptionalMessage_ERROR) IP (RCC) : Parameter (FLatency) has Id (AdvancedSettings) currently not set
2026-08-22 14:36:57,262 [INFO] ImportTextPane:234 - (OptionalMessage_ERROR) IP (RCC) : Invalid parameter (FamilyName)
2026-08-22 14:36:57,262 [INFO] ImportTextPane:234 - (OptionalMessage_ERROR) IP (RCC) : Invalid parameter (HSICECFreq_Value)
2026-08-22 14:36:57,262 [INFO] ImportTextPane:234 - (OptionalMessage_ERROR) IP (RCC) : Parameter (PREFETCH_ENABLE) has Id (AdvancedSettings) currently not set
2026-08-22 14:36:57,431 [INFO] ApiDb:581 - Connected to CubeFinder SQLite database (/home/razam/.stmcufinder/plugins/mcufinder/mcu/cube-finder-db.db)
2026-08-22 14:36:57,470 [INFO] ApiDb:668 - CubeFinder database Data Model version=2.1
2026-08-22 14:36:57,470 [INFO] ApiDb:669 - CubeFinder database Configuration version=3.0.39
2026-08-22 14:36:57,470 [INFO] ApiDb:670 - CubeFinder database generation date=2025-06-24 (1750757100)
2026-08-22 14:36:57,470 [INFO] ApiDb:671 - CubeFinder database FW Pack versions=[FP-ATR-ASTRA1_V2.0.0, FP-SNS-FLIGHT1_V5.1.0, FP-SNS-MOTENV1_V5.0.0, FP-SNS-MOTENVWB1_V1.4.0, FP-SNS-SMARTAG2_V1.2.0, FP-SNS-STBOX1_V2.0.0, STM32Cube_FW_C0_V1.4.0, STM32Cube_FW_F4_V1.28.2, STM32Cube_FW_F7_V1.17.3, STM32Cube_FW_G0_V1.6.2, STM32Cube_FW_G4_V1.6.1, STM32Cube_FW_H5_V1.5.0, STM32Cube_FW_H7RS_V1.2.0, STM32Cube_FW_H7_V1.12.1, STM32Cube_FW_L0_V1.12.2, STM32Cube_FW_L4_V1.18.1, STM32Cube_FW_L5_V1.5.1, STM32Cube_FW_N6_V1.2.0, STM32Cube_FW_U0_V1.3.0, STM32Cube_FW_U3_V1.2.0, STM32Cube_FW_U5_V1.8.0, STM32Cube_FW_WB0_V1.3.0, STM32Cube_FW_WBA_V1.7.0, STM32Cube_FW_WB_V1.23.0, STM32Cube_FW_WL3_V1.2.0, STM32Cube_FW_WL_V1.3.1, X-CUBE-ALGOBUILD_V1.4.0, X-CUBE-ALS_V1.0.2, X-CUBE-AZRTOS-F4_V1.1.0, X-CUBE-AZRTOS-F7_V1.1.0, X-CUBE-AZRTOS-G0_V1.1.0, X-CUBE-AZRTOS-G4_V2.0.0, X-CUBE-AZRTOS-H7RS_V1.1.0, X-CUBE-AZRTOS-H7_V3.3.0, X-CUBE-AZRTOS-L4_V2.0.0, X-CUBE-AZRTOS-L5_V2.0.0, X-CUBE-AZRTOS-WB_V2.0.0, X-CUBE-AZRTOS-WL_V2.0.0, X-CUBE-BLE1_V7.1.0, X-CUBE-BLE2_V3.3.0, X-CUBE-BLEMGR_V4.0.0, X-CUBE-EEPRMA1_V5.1.0, X-CUBE-FREERTOS_V1.3.1, X-CUBE-GNSS1_V6.0.0, X-CUBE-MEMS1_V11.3.0, X-CUBE-NFC4_V3.0.0, X-CUBE-NFC7_V2.0.0, X-CUBE-SFXS2LP1_V4.0.0, X-CUBE-SUBG2_V5.0.0, X-CUBE-TOF1_V3.4.3]
2026-08-22 14:36:57,569 [INFO] DbBoardsSqlite:226 - include board P-NUCLEO-WB55-NUCLEO as a kit item of type 'Nucleo-64'
2026-08-22 14:36:57,569 [INFO] DbBoardsSqlite:226 - include board P-NUCLEO-WB55-USBDONGLE as a kit item of type 'Nucleo USB Dongle'
2026-08-22 14:36:57,569 [INFO] DbBoardsSqlite:226 - include board STEVAL-IDP005V1 as a kit item of type 'Evaluation Board'
2026-08-22 14:36:57,570 [INFO] DbBoardsSqlite:226 - include board STEVAL-IDP005V2 as a kit item of type 'Evaluation Board'
2026-08-22 14:36:57,618 [INFO] ApiDb:240 - Found 880 in-development CPN: [B-G473E-ZEST1S, B-WB1M-WPAN1, B-WBA5M-WPAN, B-WL5M-SUBG1, NUCLEO-C031C6, NUCLEO-C051C8, NUCLEO-C071RB, NUCLEO-C092RC, NUCLEO-H503RB, NUCLEO-H533RE, NUCLEO-H563ZI, NUCLEO-H7S3L8, NUCLEO-N657X0-Q, NUCLEO-U031R8, NUCLEO-U083RC, NUCLEO-U385RG-Q, NUCLEO-U545RE-Q, NUCLEO-U5A5ZJ-Q, NUCLEO-WB05KZ, NUCLEO-WB07CC, NUCLEO-WB09KE, NUCLEO-WBA52CG, NUCLEO-WBA55CG, NUCLEO-WL33CC1, NUCLEO-WL33CC2, STEVAL-PROTEUS1, STEVAL-SMARTAG2, STEVAL-STWINBX1, STM320518-EVAL, STM32C0116-DK, STM32C011D6Y3TR, STM32C011D6Y6TR, STM32C011F4P3, STM32C011F4P6, STM32C011F4U3, STM32C011F4U6TR, STM32C011F6P3, STM32C011F6P6, STM32C011F6U3, STM32C011F6U6TR, STM32C011J4M3, STM32C011J4M6, STM32C011J6M3, STM32C011J6M6, STM32C0316-DK, STM32C031C4T3, STM32C031C4T6, STM32C031C4U3, STM32C031C4U6, STM32C031C6T3, STM32C031C6T6, STM32C031C6U3, STM32C031C6U6, STM32C031F4P3, STM32C031F4P6, STM32C031F6P3, STM32C031F6P6, STM32C031G4U3, STM32C031G4U6, STM32C031G6U3, STM32C031G6U6, STM32C031K4T3, STM32C031K4T6, STM32C031K4U3, STM32C031K4U6, STM32C031K6T3, STM32C031K6T6, STM32C031K6U3, STM32C031K6U6, STM32C051C6T6, STM32C051C6U6, STM32C051C8T6, STM32C051C8U6, STM32C051D8Y6TR, STM32C051F6P6, STM32C051F8P6, STM32C051G6U6, STM32C051G8U6, STM32C051K6T6, STM32C051K6U6, STM32C051K8T6, STM32C071C8T6, STM32C071C8T6N, STM32C071C8U6, STM32C071C8U6N, STM32C071CBT6, STM32C071CBT6N, STM32C071CBU6, STM32C071CBU6N, STM32C071F8P6, STM32C071F8P6N, STM32C071FBP6, STM32C071FBP6N, STM32C071FBY6TR, STM32C071G8U6, STM32C071G8U6N, STM32C071GBU6, STM32C071GBU6N, STM32C071K8T6, STM32C071K8T6N, STM32C071K8U6, STM32C071K8U6N, STM32C071KBT6, STM32C071KBT6N, STM32C071KBU6, STM32C071KBU6N, STM32C071R8T6, STM32C071R8T6N, STM32C071RBI6N, STM32C071RBT6, STM32C071RBT6N, STM32C091CBT6, STM32C091CBU6, STM32C091CCT6, STM32C091CCU6, STM32C091ECY6TR, STM32C091FBP6, STM32C091FCP6, STM32C091GBU6, STM32C091GCU6, STM32C091KBT6, STM32C091KBU6, STM32C091KCT6, STM32C091KCU6, STM32C091RBT6, STM32C091RCI6, STM32C091RCT6, STM32C092CBT6, STM32C092CBU6, STM32C092CCT6, STM32C092CCU6, STM32C092ECY6TR, STM32C092FBP6, STM32C092FCP6, STM32C092GBU6, STM32C092GCU6, STM32C092KBT6, STM32C092KBU6, STM32C092KCT6, STM32C092KCU6, STM32C092RBT6, STM32C092RCI6, STM32C092RCT6, STM32G071K8TXN, STM32G071K8UXN, STM32G081GBU6N, STM32G081KBT6N, STM32G081KBUXN, STM32G0B1CCT6N, STM32G0B1KCT6, STM32G0B1NEY6TR, STM32G0B1RCT6N, STM32G0C1CCT6, STM32G0C1CCT6N, STM32G0C1CCU6N, STM32G0C1CET6N, STM32G0C1CEU6N, STM32G0C1KCT6, STM32G0C1NEY6TR, STM32G0C1RCI6N, STM32G0C1RCT6N, STM32G0C1REI6N, STM32G0C1RET6N, STM32G0C1VCI6, STM32G0C1VEI6, STM32G411C6T3, STM32G411C6T6, STM32G411C6U3, STM32G411C6U6, STM32G411C8T3, STM32G411C8T6, STM32G411C8U3, STM32G411C8U6, STM32G411CBT3, STM32G411CBT6, STM32G411CBU3, STM32G411CBU6, STM32G411K6T3, STM32G411K6T6, STM32G411K6U3, STM32G411K6U6, STM32G411K8T3, STM32G411K8T6, STM32G411K8U3, STM32G411K8U6, STM32G411KBT3, STM32G411KBT6, STM32G411KBU3, STM32G411KBU6, STM32G411M6T3, STM32G411M6T6, STM32G411M8T3, STM32G411M8T6, STM32G411MBT3, STM32G411MBT6, STM32G411R6T3, STM32G411R6T6, STM32G411R8T3, STM32G411R8T6, STM32G411RBT3, STM32G411RBT6, STM32G414CBT3, STM32G414CBT6, STM32G414CBU3, STM32G414CBU6, STM32G414CCT3, STM32G414CCT6, STM32G414CCU3, STM32G414CCU6, STM32G414MBT3, STM32G414MBT6, STM32G414MCT3, STM32G414MCT6, STM32G414RBT3, STM32G414RBT6, STM32G414RCT3, STM32G414RCT6, STM32G414VBT3, STM32G414VBT6, STM32G414VCT3, STM32G414VCT6, STM32G431CBT3Z, STM32G431RBT3Z, STM32G471CCT6, STM32G471CCU6, STM32G471CET3, STM32G471CET6, STM32G471CEU3, STM32G471CEU6, STM32G471MCT6, STM32G471MET3, STM32G471MET6, STM32G471MEY6TR, STM32G471QCT6, STM32G471QET3, STM32G471RCT6, STM32G471RET3, STM32G471RET6, STM32G471VCH6, STM32G471VCI6, STM32G471VCT6, STM32G471VEH3, STM32G471VEH6, STM32G471VEI3, STM32G471VEI6, STM32G471VET3, STM32G471VET6, STM32G473QET3Z, STM32G473RET3Z, STM32G474CCT6, STM32G491RET3Z, STM32H503CBT6, STM32H503CBU6, STM32H503EBY6TR, STM32H503KBU6, STM32H503RBT6, STM32H523CCT6, STM32H523CCU6, STM32H523CET6, STM32H523CEU6, STM32H523HEY6TR, STM32H523RCT6, STM32H523RET6, STM32H523VCI6, STM32H523VCT6, STM32H523VEI6, STM32H523VET6, STM32H523ZCJ6, STM32H523ZCT6, STM32H523ZEJ6, STM32H523ZET6, STM32H533CET6, STM32H533CEU6, STM32H533HEY6TR, STM32H533RET6, STM32H533VEI6, STM32H533VET6, STM32H533ZEJ6, STM32H533ZET6, STM32H562AGI6, STM32H562AII6, STM32H562IGK6, STM32H562IGT6, STM32H562IIK6, STM32H562IIT6, STM32H562RGT6, STM32H562RGV6, STM32H562RIT6, STM32H562RIV6, STM32H562VGT6, STM32H562VIT6, STM32H562ZGT6, STM32H562ZIT6, STM32H563AGI6, STM32H563AII3Q, STM32H563AII6, STM32H563IGK6, STM32H563IGT6, STM32H563IIK3Q, STM32H563IIK6, STM32H563IIT3Q, STM32H563IIT6, STM32H563MIY3QTR, STM32H563RGT6, STM32H563RGV6, STM32H563RIT6, STM32H563RIV6, STM32H563VGT6, STM32H563VIT3Q, STM32H563VIT6, STM32H563ZGT6, STM32H563ZIT3Q, STM32H563ZIT6, STM32H573AII3Q, STM32H573AII6, STM32H573I-DK, STM32H573IIK3Q, STM32H573IIK6, STM32H573IIT3Q, STM32H573IIT6, STM32H573MIY3QTR, STM32H573RIT6, STM32H573RIV6, STM32H573VIT3Q, STM32H573VIT6, STM32H573ZIT3Q, STM32H573ZIT6, STM32H7R3A8I6, STM32H7R3I8K6, STM32H7R3I8T6, STM32H7R3L8H6, STM32H7R3L8H6H, STM32H7R3R8V6, STM32H7R3V8H6, STM32H7R3V8T6, STM32H7R3V8Y6TR, STM32H7R3Z8J6, STM32H7R3Z8T6, STM32H7R7A8I6, STM32H7R7I8K6, STM32H7R7I8T6, STM32H7R7L8H6, STM32H7R7L8H6H, STM32H7R7Z8J6, STM32H7S3A8I6, STM32H7S3I8K6, STM32H7S3I8T6, STM32H7S3L8H6, STM32H7S3L8H6H, STM32H7S3R8V6, STM32H7S3V8H6, STM32H7S3V8T6, STM32H7S3V8Y6TR, STM32H7S3Z8J6, STM32H7S3Z8T6, STM32H7S78-DK, STM32H7S7A8I6, STM32H7S7I8K6, STM32H7S7I8T6, STM32H7S7L8H6, STM32H7S7L8H6H, STM32H7S7Z8J6, STM32L4R5QGI6STR, STM32MP131AAE3, STM32MP131AAF3, STM32MP131AAG3, STM32MP131CAE3, STM32MP131CAF3, STM32MP131CAG3, STM32MP131DAE7, STM32MP131DAF7, STM32MP131DAG7, STM32MP131FAE7, STM32MP131FAF7, STM32MP131FAG7, STM32MP133AAE3, STM32MP133AAF3, STM32MP133AAG3, STM32MP133CAE3, STM32MP133CAF3, STM32MP133CAG3, STM32MP133DAE7, STM32MP133DAF7, STM32MP133DAG7, STM32MP133FAE7, STM32MP133FAF7, STM32MP133FAG7, STM32MP135AAE3, STM32MP135AAF3, STM32MP135AAG3, STM32MP135CAE3, STM32MP135CAF3, STM32MP135CAG3, STM32MP135DAE7, STM32MP135DAF7, STM32MP135DAG7, STM32MP135F-DK, STM32MP135FAE7, STM32MP135FAF7, STM32MP135FAF7T, STM32MP135FAF7U, STM32MP135FAG7, STM32MP211AAL3, STM32MP211AAM3, STM32MP211AAN3, STM32MP211AAO3, STM32MP211CAL3, STM32MP211CAM3, STM32MP211CAN3, STM32MP211CAO3, STM32MP211DAL3, STM32MP211DAM3, STM32MP211DAN3, STM32MP211DAO3, STM32MP211FAL3, STM32MP211FAM3, STM32MP211FAN3, STM32MP211FAO3, STM32MP213AAL3, STM32MP213AAM3, STM32MP213AAN3, STM32MP213AAO3, STM32MP213CAL3, STM32MP213CAM3, STM32MP213CAN3, STM32MP213CAO3, STM32MP213DAL3, STM32MP213DAM3, STM32MP213DAN3, STM32MP213DAO3, STM32MP213FAL3, STM32MP213FAM3, STM32MP213FAN3, STM32MP213FAO3, STM32MP215AAL3, STM32MP215AAM3, STM32MP215AAN3, STM32MP215AAO3, STM32MP215CAL3, STM32MP215CAM3, STM32MP215CAN3, STM32MP215CAO3, STM32MP215DAL3, STM32MP215DAM3, STM32MP215DAN3, STM32MP215DAO3, STM32MP215F-DK, STM32MP215FAL3, STM32MP215FAM3, STM32MP215FAN3, STM32MP215FAO3, STM32MP231AAJ3, STM32MP231AAK3, STM32MP231AAL3, STM32MP231CAJ3, STM32MP231CAK3, STM32MP231CAL3, STM32MP231DAJ3, STM32MP231DAK3, STM32MP231DAL3, STM32MP231FAJ3, STM32MP231FAK3, STM32MP231FAL3, STM32MP233AAJ3, STM32MP233AAK3, STM32MP233AAL3, STM32MP233CAJ3, STM32MP233CAK3, STM32MP233CAL3, STM32MP233DAJ3, STM32MP233DAK3, STM32MP233DAL3, STM32MP233FAJ3, STM32MP233FAK3, STM32MP233FAL3, STM32MP235AAJ3, STM32MP235AAK3, STM32MP235AAL3, STM32MP235CAJ3, STM32MP235CAK3, STM32MP235CAL3, STM32MP235DAJ3, STM32MP235DAK3, STM32MP235DAL3, STM32MP235FAJ3, STM32MP235FAK3, STM32MP235FAL3, STM32MP251AAI3, STM32MP251AAK3, STM32MP251AAL3, STM32MP251CAI3, STM32MP251CAK3, STM32MP251CAL3, STM32MP251DAI3, STM32MP251DAK3, STM32MP251DAL3, STM32MP251FAI3, STM32MP251FAK3, STM32MP251FAL3, STM32MP253AAI3, STM32MP253AAK3, STM32MP253AAL3, STM32MP253CAI3, STM32MP253CAK3, STM32MP253CAL3, STM32MP253DAI3, STM32MP253DAK3, STM32MP253DAL3, STM32MP253FAI3, STM32MP253FAK3, STM32MP253FAL3, STM32MP255AAI3, STM32MP255AAK3, STM32MP255AAL3, STM32MP255CAI3, STM32MP255CAK3, STM32MP255CAL3, STM32MP255DAI3, STM32MP255DAK3, STM32MP255DAL3, STM32MP255FAI3, STM32MP255FAK3, STM32MP255FAL3, STM32MP257AAI3, STM32MP257AAK3, STM32MP257AAL3, STM32MP257CAI3, STM32MP257CAK3, STM32MP257CAL3, STM32MP257DAI3, STM32MP257DAK3, STM32MP257DAL3, STM32MP257F-DK, STM32MP257F-EV1, STM32MP257FAI3, STM32MP257FAK3, STM32MP257FAL3, STM32N645A0H3Q, STM32N645B0H3Q, STM32N645I0H3Q, STM32N645L0H3Q, STM32N645X0H3Q, STM32N645Z0H3Q, STM32N647A0H3Q, STM32N647B0H3Q, STM32N647I0H3Q, STM32N647L0H3Q, STM32N647X0H3Q, STM32N647Z0H3Q, STM32N655A0H3Q, STM32N655B0H3Q, STM32N655I0H3Q, STM32N655L0H3Q, STM32N655X0H3Q, STM32N655Z0H3Q, STM32N6570-DK, STM32N657A0H3Q, STM32N657B0H3Q, STM32N657I0H3Q, STM32N657L0H3Q, STM32N657X0H3Q, STM32N657Z0H3Q, STM32U031C6T6, STM32U031C6U6, STM32U031C8T6, STM32U031C8U6, STM32U031F4P6, STM32U031F6P6, STM32U031F8P6, STM32U031G6Y6TR, STM32U031G8Y6TR, STM32U031K4U6, STM32U031K6U6, STM32U031K8U6, STM32U031R6I6, STM32U031R6T6, STM32U031R8I6, STM32U031R8T6, STM32U073C8T6, STM32U073C8U6, STM32U073CBT6, STM32U073CBU6, STM32U073CCT6, STM32U073CCU6, STM32U073H8Y6TR, STM32U073HBY6TR, STM32U073HCY6TR, STM32U073K8U6, STM32U073KBU6, STM32U073KCU6, STM32U073M8I6, STM32U073M8T6, STM32U073MBI6, STM32U073MBT6, STM32U073MCI6, STM32U073MCT6, STM32U073R8I6, STM32U073R8T6, STM32U073RBI6, STM32U073RBT6, STM32U073RCI6, STM32U073RCT6, STM32U083C-DK, STM32U083CCT6, STM32U083CCU6, STM32U083HCY6TR, STM32U083KCU6, STM32U083MCI6, STM32U083MCT6, STM32U083RCI6, STM32U083RCT6, STM32U375CET6, STM32U375CET6Q, STM32U375CEU6, STM32U375CEU6Q, STM32U375CEY6QTR, STM32U375CGT6, STM32U375CGT6Q, STM32U375CGU6, STM32U375CGU6Q, STM32U375CGY6QTR, STM32U375KEU6, STM32U375KGU6, STM32U375REI6, STM32U375REI6Q, STM32U375RET6, STM32U375RET6Q, STM32U375REY6GTR, STM32U375REY6QTR, STM32U375RGI6, STM32U375RGI6Q, STM32U375RGT6, STM32U375RGT6Q, STM32U375RGY6GTR, STM32U375RGY6QTR, STM32U375VEI6, STM32U375VEI6Q, STM32U375VET6, STM32U375VET6Q, STM32U375VGI6, STM32U375VGI6Q, STM32U375VGT6, STM32U375VGT6Q, STM32U385CGT6, STM32U385CGT6Q, STM32U385CGU6, STM32U385CGU6Q, STM32U385CGY6QTR, STM32U385KGU6, STM32U385RGI6, STM32U385RGI6Q, STM32U385RGT6, STM32U385RGT6Q, STM32U385RGY6GTR, STM32U385RGY6QTR, STM32U385VGI6, STM32U385VGI6Q, STM32U385VGT6, STM32U385VGT6Q, STM32U535CBT6, STM32U535CBT6Q, STM32U535CBU6, STM32U535CBU6Q, STM32U535CCT6, STM32U535CCT6Q, STM32U535CCU6, STM32U535CCU6Q, STM32U535CET6, STM32U535CET6Q, STM32U535CEU6, STM32U535CEU6Q, STM32U535JEY6QTR, STM32U535NCY6QTR, STM32U535NEY6QTR, STM32U535RBI6, STM32U535RBI6Q, STM32U535RBT6, STM32U535RBT6Q, STM32U535RCI6, STM32U535RCI6Q, STM32U535RCT6, STM32U535RCT6Q, STM32U535REI6, STM32U535REI6Q, STM32U535RET6, STM32U535RET6Q, STM32U535VCI6, STM32U535VCI6Q, STM32U535VCT6, STM32U535VCT6Q, STM32U535VEI6, STM32U535VEI6Q, STM32U535VET6, STM32U535VET6Q, STM32U545CET6, STM32U545CET6Q, STM32U545CEU6, STM32U545CEU6Q, STM32U545JEY6QTR, STM32U545NEY6QTR, STM32U545REI6, STM32U545REI6Q, STM32U545RET6, STM32U545RET6Q, STM32U545VEI6, STM32U545VEI6Q, STM32U545VET6, STM32U545VET6Q, STM32U595AIH6, STM32U595AIH6Q, STM32U595AJH6, STM32U595AJH6Q, STM32U595QII6, STM32U595QII6Q, STM32U595QJI6, STM32U595QJI6Q, STM32U595RIT6, STM32U595RIT6Q, STM32U595RJT6, STM32U595RJT6Q, STM32U595VIT6, STM32U595VIT6Q, STM32U595VJT6, STM32U595VJT6Q, STM32U595ZIT6, STM32U595ZIT6Q, STM32U595ZIY6QTR, STM32U595ZJT6, STM32U595ZJT6Q, STM32U595ZJY6QTR, STM32U599BJY6QTR, STM32U599NIH6Q, STM32U599NJH6Q, STM32U599VIT6Q, STM32U599VJT6, STM32U599VJT6Q, STM32U599ZIT6Q, STM32U599ZIY6QTR, STM32U599ZJT6Q, STM32U599ZJY6QTR, STM32U5A5AJH6, STM32U5A5AJH6Q, STM32U5A5QII3Q , STM32U5A5QJI6, STM32U5A5QJI6Q, STM32U5A5RJT6, STM32U5A5RJT6Q, STM32U5A5VJT6, STM32U5A5VJT6Q, STM32U5A5ZJT6, STM32U5A5ZJT6Q, STM32U5A5ZJY6QTR, STM32U5A9BJY6QTR, STM32U5A9J-DK, STM32U5A9NJH6Q, STM32U5A9VJT6Q, STM32U5A9ZJT6Q, STM32U5A9ZJY6QTR, STM32U5F7VIT6, STM32U5F7VIT6Q, STM32U5F7VJT6, STM32U5F7VJT6Q, STM32U5F9BJY6QTR, STM32U5F9NJH6Q, STM32U5F9VIT6Q, STM32U5F9VJT6Q, STM32U5F9ZIJ6QTR, STM32U5F9ZIT6Q, STM32U5F9ZJJ6QTR, STM32U5F9ZJT6Q, STM32U5G7VJT6, STM32U5G7VJT6Q, STM32U5G9BJY6QTR, STM32U5G9J-DK1, STM32U5G9J-DK2, STM32U5G9NJH6Q, STM32U5G9VJT6Q, STM32U5G9ZJJ6QTR, STM32U5G9ZJT6Q, STM32WB05KZV6TR, STM32WB05KZV7TR, STM32WB05TZF6TR, STM32WB05TZF7TR, STM32WB06CCF6TR, STM32WB06CCF7TR, STM32WB06CCV6TR, STM32WB06CCV7TR, STM32WB06KCV6TR, STM32WB06KCV7TR, STM32WB07CCF6TR, STM32WB07CCF7TR, STM32WB07CCV6TR, STM32WB07CCV7TR, STM32WB07KCV6TR, STM32WB07KCV7TR, STM32WB09KEV6TR, STM32WB09KEV7TR, STM32WB09TEF6TR, STM32WB09TEF7TR, STM32WB1MMCH6, STM32WBA50KGU6, STM32WBA50KGU6TR, STM32WBA52CEU6, STM32WBA52CEU6TR, STM32WBA52CEU7, STM32WBA52CEU7TR, STM32WBA52CGU6, STM32WBA52CGU6TR, STM32WBA52CGU6U, STM32WBA52CGU7, STM32WBA52CGU7TR, STM32WBA52KEU6, STM32WBA52KEU6TR, STM32WBA52KGU6, STM32WBA52KGU6TR, STM32WBA54CEU6, STM32WBA54CEU6TR, STM32WBA54CEU7, STM32WBA54CEU7TR, STM32WBA54CGU6, STM32WBA54CGU6TR, STM32WBA54CGU7, STM32WBA54CGU7TR, STM32WBA54KEU6, STM32WBA54KEU6TR, STM32WBA54KEU7, STM32WBA54KEU7TR, STM32WBA54KGU6, STM32WBA54KGU6TR, STM32WBA54KGU7, STM32WBA54KGU7TR, STM32WBA55CEU6, STM32WBA55CEU6TR, STM32WBA55CEU7, STM32WBA55CEU7TR, STM32WBA55CGU6, STM32WBA55CGU6TR, STM32WBA55CGU6U, STM32WBA55CGU7, STM32WBA55CGU7TR, STM32WBA55G-DK1, STM32WBA55HEF6, STM32WBA55HEF7, STM32WBA55HGF6, STM32WBA55HGF7, STM32WBA55UEI6, STM32WBA55UEI6TR, STM32WBA55UEI7, STM32WBA55UEI7TR, STM32WBA55UGI6, STM32WBA55UGI6TR, STM32WBA55UGI7, STM32WBA55UGI7TR, STM32WBA5MMGH6TR, STM32WBA62MGF6, STM32WBA62MIF6, STM32WBA65MGF7, STM32WBA65MIF6, STM32WBA65MIF7, STM32WL30K8V6, STM32WL30KBV6, STM32WL31C8V6, STM32WL31CBV6, STM32WL31K8V6, STM32WL31KBV6, STM32WL33C8V6, STM32WL33C8V6X, STM32WL33CBV6, STM32WL33CBV6X, STM32WL33CCV6, STM32WL33CCV6A, STM32WL33CCV6X, STM32WL33K8V7, STM32WL33K8V7X, STM32WL33KBV7 , STM32WL33KBV7X, STM32WL33KCV7, STM32WL33KCV7X, STM32WL5MOCH6, STM32WL5MOCH6TR]
2026-08-22 14:36:57,680 [INFO] BoardInfo:889 - No configuration file found for board P-NUCLEO-WB55
2026-08-22 14:36:57,681 [INFO] DbBoards:161 - Kit is not supported: P-NUCLEO-WB55
2026-08-22 14:36:57,682 [INFO] BoardInfo:889 - No configuration file found for board STEVAL-BFA001V1B
2026-08-22 14:36:57,682 [INFO] DbBoards:161 - Kit is not supported: STEVAL-BFA001V1B
2026-08-22 14:36:57,683 [INFO] BoardInfo:889 - No configuration file found for board STEVAL-BFA001V2B
2026-08-22 14:36:57,683 [INFO] DbBoards:161 - Kit is not supported: STEVAL-BFA001V2B
2026-08-22 14:36:57,736 [INFO] DbBoards:168 - Found 212 boards, 209 are supported
2026-08-22 14:36:57,736 [INFO] DbBoards:169 - Found 212 boards, 43 of them is supported for  Bsp
2026-08-22 14:36:57,738 [INFO] ApiDb:668 - CubeFinder database Data Model version=2.1
2026-08-22 14:36:57,738 [INFO] ApiDb:669 - CubeFinder database Configuration version=3.0.39
2026-08-22 14:36:57,738 [INFO] ApiDb:670 - CubeFinder database generation date=2025-06-24 (1750757100)
2026-08-22 14:36:57,738 [INFO] ApiDb:671 - CubeFinder database FW Pack versions=[FP-ATR-ASTRA1_V2.0.0, FP-SNS-FLIGHT1_V5.1.0, FP-SNS-MOTENV1_V5.0.0, FP-SNS-MOTENVWB1_V1.4.0, FP-SNS-SMARTAG2_V1.2.0, FP-SNS-STBOX1_V2.0.0, STM32Cube_FW_C0_V1.4.0, STM32Cube_FW_F4_V1.28.2, STM32Cube_FW_F7_V1.17.3, STM32Cube_FW_G0_V1.6.2, STM32Cube_FW_G4_V1.6.1, STM32Cube_FW_H5_V1.5.0, STM32Cube_FW_H7RS_V1.2.0, STM32Cube_FW_H7_V1.12.1, STM32Cube_FW_L0_V1.12.2, STM32Cube_FW_L4_V1.18.1, STM32Cube_FW_L5_V1.5.1, STM32Cube_FW_N6_V1.2.0, STM32Cube_FW_U0_V1.3.0, STM32Cube_FW_U3_V1.2.0, STM32Cube_FW_U5_V1.8.0, STM32Cube_FW_WB0_V1.3.0, STM32Cube_FW_WBA_V1.7.0, STM32Cube_FW_WB_V1.23.0, STM32Cube_FW_WL3_V1.2.0, STM32Cube_FW_WL_V1.3.1, X-CUBE-ALGOBUILD_V1.4.0, X-CUBE-ALS_V1.0.2, X-CUBE-AZRTOS-F4_V1.1.0, X-CUBE-AZRTOS-F7_V1.1.0, X-CUBE-AZRTOS-G0_V1.1.0, X-CUBE-AZRTOS-G4_V2.0.0, X-CUBE-AZRTOS-H7RS_V1.1.0, X-CUBE-AZRTOS-H7_V3.3.0, X-CUBE-AZRTOS-L4_V2.0.0, X-CUBE-AZRTOS-L5_V2.0.0, X-CUBE-AZRTOS-WB_V2.0.0, X-CUBE-AZRTOS-WL_V2.0.0, X-CUBE-BLE1_V7.1.0, X-CUBE-BLE2_V3.3.0, X-CUBE-BLEMGR_V4.0.0, X-CUBE-EEPRMA1_V5.1.0, X-CUBE-FREERTOS_V1.3.1, X-CUBE-GNSS1_V6.0.0, X-CUBE-MEMS1_V11.3.0, X-CUBE-NFC4_V3.0.0, X-CUBE-NFC7_V2.0.0, X-CUBE-SFXS2LP1_V4.0.0, X-CUBE-SUBG2_V5.0.0, X-CUBE-TOF1_V3.4.3]
2026-08-22 14:36:59,155 [INFO] ApiDb:240 - Found 880 in-development CPN: [B-G473E-ZEST1S, B-WB1M-WPAN1, B-WBA5M-WPAN, B-WL5M-SUBG1, NUCLEO-C031C6, NUCLEO-C051C8, NUCLEO-C071RB, NUCLEO-C092RC, NUCLEO-H503RB, NUCLEO-H533RE, NUCLEO-H563ZI, NUCLEO-H7S3L8, NUCLEO-N657X0-Q, NUCLEO-U031R8, NUCLEO-U083RC, NUCLEO-U385RG-Q, NUCLEO-U545RE-Q, NUCLEO-U5A5ZJ-Q, NUCLEO-WB05KZ, NUCLEO-WB07CC, NUCLEO-WB09KE, NUCLEO-WBA52CG, NUCLEO-WBA55CG, NUCLEO-WL33CC1, NUCLEO-WL33CC2, STEVAL-PROTEUS1, STEVAL-SMARTAG2, STEVAL-STWINBX1, STM320518-EVAL, STM32C0116-DK, STM32C011D6Y3TR, STM32C011D6Y6TR, STM32C011F4P3, STM32C011F4P6, STM32C011F4U3, STM32C011F4U6TR, STM32C011F6P3, STM32C011F6P6, STM32C011F6U3, STM32C011F6U6TR, STM32C011J4M3, STM32C011J4M6, STM32C011J6M3, STM32C011J6M6, STM32C0316-DK, STM32C031C4T3, STM32C031C4T6, STM32C031C4U3, STM32C031C4U6, STM32C031C6T3, STM32C031C6T6, STM32C031C6U3, STM32C031C6U6, STM32C031F4P3, STM32C031F4P6, STM32C031F6P3, STM32C031F6P6, STM32C031G4U3, STM32C031G4U6, STM32C031G6U3, STM32C031G6U6, STM32C031K4T3, STM32C031K4T6, STM32C031K4U3, STM32C031K4U6, STM32C031K6T3, STM32C031K6T6, STM32C031K6U3, STM32C031K6U6, STM32C051C6T6, STM32C051C6U6, STM32C051C8T6, STM32C051C8U6, STM32C051D8Y6TR, STM32C051F6P6, STM32C051F8P6, STM32C051G6U6, STM32C051G8U6, STM32C051K6T6, STM32C051K6U6, STM32C051K8T6, STM32C071C8T6, STM32C071C8T6N, STM32C071C8U6, STM32C071C8U6N, STM32C071CBT6, STM32C071CBT6N, STM32C071CBU6, STM32C071CBU6N, STM32C071F8P6, STM32C071F8P6N, STM32C071FBP6, STM32C071FBP6N, STM32C071FBY6TR, STM32C071G8U6, STM32C071G8U6N, STM32C071GBU6, STM32C071GBU6N, STM32C071K8T6, STM32C071K8T6N, STM32C071K8U6, STM32C071K8U6N, STM32C071KBT6, STM32C071KBT6N, STM32C071KBU6, STM32C071KBU6N, STM32C071R8T6, STM32C071R8T6N, STM32C071RBI6N, STM32C071RBT6, STM32C071RBT6N, STM32C091CBT6, STM32C091CBU6, STM32C091CCT6, STM32C091CCU6, STM32C091ECY6TR, STM32C091FBP6, STM32C091FCP6, STM32C091GBU6, STM32C091GCU6, STM32C091KBT6, STM32C091KBU6, STM32C091KCT6, STM32C091KCU6, STM32C091RBT6, STM32C091RCI6, STM32C091RCT6, STM32C092CBT6, STM32C092CBU6, STM32C092CCT6, STM32C092CCU6, STM32C092ECY6TR, STM32C092FBP6, STM32C092FCP6, STM32C092GBU6, STM32C092GCU6, STM32C092KBT6, STM32C092KBU6, STM32C092KCT6, STM32C092KCU6, STM32C092RBT6, STM32C092RCI6, STM32C092RCT6, STM32G071K8TXN, STM32G071K8UXN, STM32G081GBU6N, STM32G081KBT6N, STM32G081KBUXN, STM32G0B1CCT6N, STM32G0B1KCT6, STM32G0B1NEY6TR, STM32G0B1RCT6N, STM32G0C1CCT6, STM32G0C1CCT6N, STM32G0C1CCU6N, STM32G0C1CET6N, STM32G0C1CEU6N, STM32G0C1KCT6, STM32G0C1NEY6TR, STM32G0C1RCI6N, STM32G0C1RCT6N, STM32G0C1REI6N, STM32G0C1RET6N, STM32G0C1VCI6, STM32G0C1VEI6, STM32G411C6T3, STM32G411C6T6, STM32G411C6U3, STM32G411C6U6, STM32G411C8T3, STM32G411C8T6, STM32G411C8U3, STM32G411C8U6, STM32G411CBT3, STM32G411CBT6, STM32G411CBU3, STM32G411CBU6, STM32G411K6T3, STM32G411K6T6, STM32G411K6U3, STM32G411K6U6, STM32G411K8T3, STM32G411K8T6, STM32G411K8U3, STM32G411K8U6, STM32G411KBT3, STM32G411KBT6, STM32G411KBU3, STM32G411KBU6, STM32G411M6T3, STM32G411M6T6, STM32G411M8T3, STM32G411M8T6, STM32G411MBT3, STM32G411MBT6, STM32G411R6T3, STM32G411R6T6, STM32G411R8T3, STM32G411R8T6, STM32G411RBT3, STM32G411RBT6, STM32G414CBT3, STM32G414CBT6, STM32G414CBU3, STM32G414CBU6, STM32G414CCT3, STM32G414CCT6, STM32G414CCU3, STM32G414CCU6, STM32G414MBT3, STM32G414MBT6, STM32G414MCT3, STM32G414MCT6, STM32G414RBT3, STM32G414RBT6, STM32G414RCT3, STM32G414RCT6, STM32G414VBT3, STM32G414VBT6, STM32G414VCT3, STM32G414VCT6, STM32G431CBT3Z, STM32G431RBT3Z, STM32G471CCT6, STM32G471CCU6, STM32G471CET3, STM32G471CET6, STM32G471CEU3, STM32G471CEU6, STM32G471MCT6, STM32G471MET3, STM32G471MET6, STM32G471MEY6TR, STM32G471QCT6, STM32G471QET3, STM32G471RCT6, STM32G471RET3, STM32G471RET6, STM32G471VCH6, STM32G471VCI6, STM32G471VCT6, STM32G471VEH3, STM32G471VEH6, STM32G471VEI3, STM32G471VEI6, STM32G471VET3, STM32G471VET6, STM32G473QET3Z, STM32G473RET3Z, STM32G474CCT6, STM32G491RET3Z, STM32H503CBT6, STM32H503CBU6, STM32H503EBY6TR, STM32H503KBU6, STM32H503RBT6, STM32H523CCT6, STM32H523CCU6, STM32H523CET6, STM32H523CEU6, STM32H523HEY6TR, STM32H523RCT6, STM32H523RET6, STM32H523VCI6, STM32H523VCT6, STM32H523VEI6, STM32H523VET6, STM32H523ZCJ6, STM32H523ZCT6, STM32H523ZEJ6, STM32H523ZET6, STM32H533CET6, STM32H533CEU6, STM32H533HEY6TR, STM32H533RET6, STM32H533VEI6, STM32H533VET6, STM32H533ZEJ6, STM32H533ZET6, STM32H562AGI6, STM32H562AII6, STM32H562IGK6, STM32H562IGT6, STM32H562IIK6, STM32H562IIT6, STM32H562RGT6, STM32H562RGV6, STM32H562RIT6, STM32H562RIV6, STM32H562VGT6, STM32H562VIT6, STM32H562ZGT6, STM32H562ZIT6, STM32H563AGI6, STM32H563AII3Q, STM32H563AII6, STM32H563IGK6, STM32H563IGT6, STM32H563IIK3Q, STM32H563IIK6, STM32H563IIT3Q, STM32H563IIT6, STM32H563MIY3QTR, STM32H563RGT6, STM32H563RGV6, STM32H563RIT6, STM32H563RIV6, STM32H563VGT6, STM32H563VIT3Q, STM32H563VIT6, STM32H563ZGT6, STM32H563ZIT3Q, STM32H563ZIT6, STM32H573AII3Q, STM32H573AII6, STM32H573I-DK, STM32H573IIK3Q, STM32H573IIK6, STM32H573IIT3Q, STM32H573IIT6, STM32H573MIY3QTR, STM32H573RIT6, STM32H573RIV6, STM32H573VIT3Q, STM32H573VIT6, STM32H573ZIT3Q, STM32H573ZIT6, STM32H7R3A8I6, STM32H7R3I8K6, STM32H7R3I8T6, STM32H7R3L8H6, STM32H7R3L8H6H, STM32H7R3R8V6, STM32H7R3V8H6, STM32H7R3V8T6, STM32H7R3V8Y6TR, STM32H7R3Z8J6, STM32H7R3Z8T6, STM32H7R7A8I6, STM32H7R7I8K6, STM32H7R7I8T6, STM32H7R7L8H6, STM32H7R7L8H6H, STM32H7R7Z8J6, STM32H7S3A8I6, STM32H7S3I8K6, STM32H7S3I8T6, STM32H7S3L8H6, STM32H7S3L8H6H, STM32H7S3R8V6, STM32H7S3V8H6, STM32H7S3V8T6, STM32H7S3V8Y6TR, STM32H7S3Z8J6, STM32H7S3Z8T6, STM32H7S78-DK, STM32H7S7A8I6, STM32H7S7I8K6, STM32H7S7I8T6, STM32H7S7L8H6, STM32H7S7L8H6H, STM32H7S7Z8J6, STM32L4R5QGI6STR, STM32MP131AAE3, STM32MP131AAF3, STM32MP131AAG3, STM32MP131CAE3, STM32MP131CAF3, STM32MP131CAG3, STM32MP131DAE7, STM32MP131DAF7, STM32MP131DAG7, STM32MP131FAE7, STM32MP131FAF7, STM32MP131FAG7, STM32MP133AAE3, STM32MP133AAF3, STM32MP133AAG3, STM32MP133CAE3, STM32MP133CAF3, STM32MP133CAG3, STM32MP133DAE7, STM32MP133DAF7, STM32MP133DAG7, STM32MP133FAE7, STM32MP133FAF7, STM32MP133FAG7, STM32MP135AAE3, STM32MP135AAF3, STM32MP135AAG3, STM32MP135CAE3, STM32MP135CAF3, STM32MP135CAG3, STM32MP135DAE7, STM32MP135DAF7, STM32MP135DAG7, STM32MP135F-DK, STM32MP135FAE7, STM32MP135FAF7, STM32MP135FAF7T, STM32MP135FAF7U, STM32MP135FAG7, STM32MP211AAL3, STM32MP211AAM3, STM32MP211AAN3, STM32MP211AAO3, STM32MP211CAL3, STM32MP211CAM3, STM32MP211CAN3, STM32MP211CAO3, STM32MP211DAL3, STM32MP211DAM3, STM32MP211DAN3, STM32MP211DAO3, STM32MP211FAL3, STM32MP211FAM3, STM32MP211FAN3, STM32MP211FAO3, STM32MP213AAL3, STM32MP213AAM3, STM32MP213AAN3, STM32MP213AAO3, STM32MP213CAL3, STM32MP213CAM3, STM32MP213CAN3, STM32MP213CAO3, STM32MP213DAL3, STM32MP213DAM3, STM32MP213DAN3, STM32MP213DAO3, STM32MP213FAL3, STM32MP213FAM3, STM32MP213FAN3, STM32MP213FAO3, STM32MP215AAL3, STM32MP215AAM3, STM32MP215AAN3, STM32MP215AAO3, STM32MP215CAL3, STM32MP215CAM3, STM32MP215CAN3, STM32MP215CAO3, STM32MP215DAL3, STM32MP215DAM3, STM32MP215DAN3, STM32MP215DAO3, STM32MP215F-DK, STM32MP215FAL3, STM32MP215FAM3, STM32MP215FAN3, STM32MP215FAO3, STM32MP231AAJ3, STM32MP231AAK3, STM32MP231AAL3, STM32MP231CAJ3, STM32MP231CAK3, STM32MP231CAL3, STM32MP231DAJ3, STM32MP231DAK3, STM32MP231DAL3, STM32MP231FAJ3, STM32MP231FAK3, STM32MP231FAL3, STM32MP233AAJ3, STM32MP233AAK3, STM32MP233AAL3, STM32MP233CAJ3, STM32MP233CAK3, STM32MP233CAL3, STM32MP233DAJ3, STM32MP233DAK3, STM32MP233DAL3, STM32MP233FAJ3, STM32MP233FAK3, STM32MP233FAL3, STM32MP235AAJ3, STM32MP235AAK3, STM32MP235AAL3, STM32MP235CAJ3, STM32MP235CAK3, STM32MP235CAL3, STM32MP235DAJ3, STM32MP235DAK3, STM32MP235DAL3, STM32MP235FAJ3, STM32MP235FAK3, STM32MP235FAL3, STM32MP251AAI3, STM32MP251AAK3, STM32MP251AAL3, STM32MP251CAI3, STM32MP251CAK3, STM32MP251CAL3, STM32MP251DAI3, STM32MP251DAK3, STM32MP251DAL3, STM32MP251FAI3, STM32MP251FAK3, STM32MP251FAL3, STM32MP253AAI3, STM32MP253AAK3, STM32MP253AAL3, STM32MP253CAI3, STM32MP253CAK3, STM32MP253CAL3, STM32MP253DAI3, STM32MP253DAK3, STM32MP253DAL3, STM32MP253FAI3, STM32MP253FAK3, STM32MP253FAL3, STM32MP255AAI3, STM32MP255AAK3, STM32MP255AAL3, STM32MP255CAI3, STM32MP255CAK3, STM32MP255CAL3, STM32MP255DAI3, STM32MP255DAK3, STM32MP255DAL3, STM32MP255FAI3, STM32MP255FAK3, STM32MP255FAL3, STM32MP257AAI3, STM32MP257AAK3, STM32MP257AAL3, STM32MP257CAI3, STM32MP257CAK3, STM32MP257CAL3, STM32MP257DAI3, STM32MP257DAK3, STM32MP257DAL3, STM32MP257F-DK, STM32MP257F-EV1, STM32MP257FAI3, STM32MP257FAK3, STM32MP257FAL3, STM32N645A0H3Q, STM32N645B0H3Q, STM32N645I0H3Q, STM32N645L0H3Q, STM32N645X0H3Q, STM32N645Z0H3Q, STM32N647A0H3Q, STM32N647B0H3Q, STM32N647I0H3Q, STM32N647L0H3Q, STM32N647X0H3Q, STM32N647Z0H3Q, STM32N655A0H3Q, STM32N655B0H3Q, STM32N655I0H3Q, STM32N655L0H3Q, STM32N655X0H3Q, STM32N655Z0H3Q, STM32N6570-DK, STM32N657A0H3Q, STM32N657B0H3Q, STM32N657I0H3Q, STM32N657L0H3Q, STM32N657X0H3Q, STM32N657Z0H3Q, STM32U031C6T6, STM32U031C6U6, STM32U031C8T6, STM32U031C8U6, STM32U031F4P6, STM32U031F6P6, STM32U031F8P6, STM32U031G6Y6TR, STM32U031G8Y6TR, STM32U031K4U6, STM32U031K6U6, STM32U031K8U6, STM32U031R6I6, STM32U031R6T6, STM32U031R8I6, STM32U031R8T6, STM32U073C8T6, STM32U073C8U6, STM32U073CBT6, STM32U073CBU6, STM32U073CCT6, STM32U073CCU6, STM32U073H8Y6TR, STM32U073HBY6TR, STM32U073HCY6TR, STM32U073K8U6, STM32U073KBU6, STM32U073KCU6, STM32U073M8I6, STM32U073M8T6, STM32U073MBI6, STM32U073MBT6, STM32U073MCI6, STM32U073MCT6, STM32U073R8I6, STM32U073R8T6, STM32U073RBI6, STM32U073RBT6, STM32U073RCI6, STM32U073RCT6, STM32U083C-DK, STM32U083CCT6, STM32U083CCU6, STM32U083HCY6TR, STM32U083KCU6, STM32U083MCI6, STM32U083MCT6, STM32U083RCI6, STM32U083RCT6, STM32U375CET6, STM32U375CET6Q, STM32U375CEU6, STM32U375CEU6Q, STM32U375CEY6QTR, STM32U375CGT6, STM32U375CGT6Q, STM32U375CGU6, STM32U375CGU6Q, STM32U375CGY6QTR, STM32U375KEU6, STM32U375KGU6, STM32U375REI6, STM32U375REI6Q, STM32U375RET6, STM32U375RET6Q, STM32U375REY6GTR, STM32U375REY6QTR, STM32U375RGI6, STM32U375RGI6Q, STM32U375RGT6, STM32U375RGT6Q, STM32U375RGY6GTR, STM32U375RGY6QTR, STM32U375VEI6, STM32U375VEI6Q, STM32U375VET6, STM32U375VET6Q, STM32U375VGI6, STM32U375VGI6Q, STM32U375VGT6, STM32U375VGT6Q, STM32U385CGT6, STM32U385CGT6Q, STM32U385CGU6, STM32U385CGU6Q, STM32U385CGY6QTR, STM32U385KGU6, STM32U385RGI6, STM32U385RGI6Q, STM32U385RGT6, STM32U385RGT6Q, STM32U385RGY6GTR, STM32U385RGY6QTR, STM32U385VGI6, STM32U385VGI6Q, STM32U385VGT6, STM32U385VGT6Q, STM32U535CBT6, STM32U535CBT6Q, STM32U535CBU6, STM32U535CBU6Q, STM32U535CCT6, STM32U535CCT6Q, STM32U535CCU6, STM32U535CCU6Q, STM32U535CET6, STM32U535CET6Q, STM32U535CEU6, STM32U535CEU6Q, STM32U535JEY6QTR, STM32U535NCY6QTR, STM32U535NEY6QTR, STM32U535RBI6, STM32U535RBI6Q, STM32U535RBT6, STM32U535RBT6Q, STM32U535RCI6, STM32U535RCI6Q, STM32U535RCT6, STM32U535RCT6Q, STM32U535REI6, STM32U535REI6Q, STM32U535RET6, STM32U535RET6Q, STM32U535VCI6, STM32U535VCI6Q, STM32U535VCT6, STM32U535VCT6Q, STM32U535VEI6, STM32U535VEI6Q, STM32U535VET6, STM32U535VET6Q, STM32U545CET6, STM32U545CET6Q, STM32U545CEU6, STM32U545CEU6Q, STM32U545JEY6QTR, STM32U545NEY6QTR, STM32U545REI6, STM32U545REI6Q, STM32U545RET6, STM32U545RET6Q, STM32U545VEI6, STM32U545VEI6Q, STM32U545VET6, STM32U545VET6Q, STM32U595AIH6, STM32U595AIH6Q, STM32U595AJH6, STM32U595AJH6Q, STM32U595QII6, STM32U595QII6Q, STM32U595QJI6, STM32U595QJI6Q, STM32U595RIT6, STM32U595RIT6Q, STM32U595RJT6, STM32U595RJT6Q, STM32U595VIT6, STM32U595VIT6Q, STM32U595VJT6, STM32U595VJT6Q, STM32U595ZIT6, STM32U595ZIT6Q, STM32U595ZIY6QTR, STM32U595ZJT6, STM32U595ZJT6Q, STM32U595ZJY6QTR, STM32U599BJY6QTR, STM32U599NIH6Q, STM32U599NJH6Q, STM32U599VIT6Q, STM32U599VJT6, STM32U599VJT6Q, STM32U599ZIT6Q, STM32U599ZIY6QTR, STM32U599ZJT6Q, STM32U599ZJY6QTR, STM32U5A5AJH6, STM32U5A5AJH6Q, STM32U5A5QII3Q , STM32U5A5QJI6, STM32U5A5QJI6Q, STM32U5A5RJT6, STM32U5A5RJT6Q, STM32U5A5VJT6, STM32U5A5VJT6Q, STM32U5A5ZJT6, STM32U5A5ZJT6Q, STM32U5A5ZJY6QTR, STM32U5A9BJY6QTR, STM32U5A9J-DK, STM32U5A9NJH6Q, STM32U5A9VJT6Q, STM32U5A9ZJT6Q, STM32U5A9ZJY6QTR, STM32U5F7VIT6, STM32U5F7VIT6Q, STM32U5F7VJT6, STM32U5F7VJT6Q, STM32U5F9BJY6QTR, STM32U5F9NJH6Q, STM32U5F9VIT6Q, STM32U5F9VJT6Q, STM32U5F9ZIJ6QTR, STM32U5F9ZIT6Q, STM32U5F9ZJJ6QTR, STM32U5F9ZJT6Q, STM32U5G7VJT6, STM32U5G7VJT6Q, STM32U5G9BJY6QTR, STM32U5G9J-DK1, STM32U5G9J-DK2, STM32U5G9NJH6Q, STM32U5G9VJT6Q, STM32U5G9ZJJ6QTR, STM32U5G9ZJT6Q, STM32WB05KZV6TR, STM32WB05KZV7TR, STM32WB05TZF6TR, STM32WB05TZF7TR, STM32WB06CCF6TR, STM32WB06CCF7TR, STM32WB06CCV6TR, STM32WB06CCV7TR, STM32WB06KCV6TR, STM32WB06KCV7TR, STM32WB07CCF6TR, STM32WB07CCF7TR, STM32WB07CCV6TR, STM32WB07CCV7TR, STM32WB07KCV6TR, STM32WB07KCV7TR, STM32WB09KEV6TR, STM32WB09KEV7TR, STM32WB09TEF6TR, STM32WB09TEF7TR, STM32WB1MMCH6, STM32WBA50KGU6, STM32WBA50KGU6TR, STM32WBA52CEU6, STM32WBA52CEU6TR, STM32WBA52CEU7, STM32WBA52CEU7TR, STM32WBA52CGU6, STM32WBA52CGU6TR, STM32WBA52CGU6U, STM32WBA52CGU7, STM32WBA52CGU7TR, STM32WBA52KEU6, STM32WBA52KEU6TR, STM32WBA52KGU6, STM32WBA52KGU6TR, STM32WBA54CEU6, STM32WBA54CEU6TR, STM32WBA54CEU7, STM32WBA54CEU7TR, STM32WBA54CGU6, STM32WBA54CGU6TR, STM32WBA54CGU7, STM32WBA54CGU7TR, STM32WBA54KEU6, STM32WBA54KEU6TR, STM32WBA54KEU7, STM32WBA54KEU7TR, STM32WBA54KGU6, STM32WBA54KGU6TR, STM32WBA54KGU7, STM32WBA54KGU7TR, STM32WBA55CEU6, STM32WBA55CEU6TR, STM32WBA55CEU7, STM32WBA55CEU7TR, STM32WBA55CGU6, STM32WBA55CGU6TR, STM32WBA55CGU6U, STM32WBA55CGU7, STM32WBA55CGU7TR, STM32WBA55G-DK1, STM32WBA55HEF6, STM32WBA55HEF7, STM32WBA55HGF6, STM32WBA55HGF7, STM32WBA55UEI6, STM32WBA55UEI6TR, STM32WBA55UEI7, STM32WBA55UEI7TR, STM32WBA55UGI6, STM32WBA55UGI6TR, STM32WBA55UGI7, STM32WBA55UGI7TR, STM32WBA5MMGH6TR, STM32WBA62MGF6, STM32WBA62MIF6, STM32WBA65MGF7, STM32WBA65MIF6, STM32WBA65MIF7, STM32WL30K8V6, STM32WL30KBV6, STM32WL31C8V6, STM32WL31CBV6, STM32WL31K8V6, STM32WL31KBV6, STM32WL33C8V6, STM32WL33C8V6X, STM32WL33CBV6, STM32WL33CBV6X, STM32WL33CCV6, STM32WL33CCV6A, STM32WL33CCV6X, STM32WL33K8V7, STM32WL33K8V7X, STM32WL33KBV7 , STM32WL33KBV7X, STM32WL33KCV7, STM32WL33KCV7X, STM32WL5MOCH6, STM32WL5MOCH6TR]
2026-08-22 14:36:59,158 [INFO] DbMcus:218 - Found 4801 MCUs, 4801 are supported
2026-08-22 14:36:59,158 [INFO] ApiDb:414 - User favorites file not found: /home/razam/.stm32cubeide/favorites.mcus.txt
2026-08-22 14:36:59,158 [INFO] DbMcus:224 - Set 0 / 0 favorites MCUs
2026-08-22 14:36:59,398 [INFO] ApiDb:414 - User favorites file not found: /home/razam/.stm32cubeide/favorites.boards.txt
2026-08-22 14:36:59,398 [INFO] DbBoards:198 - Set 0 / 0 favorites Boards
2026-08-22 14:36:59,438 [INFO] UtilMem:75 - End LoadConfig() Used Memory: 381431328 Bytes (686817280)
2026-08-22 14:36:59,545 [WARN] ThirdParty:833 - waiting for thirdparty lock release [change project]
2026-08-22 14:36:59,546 [INFO] ThirdParty:835 - entering critical section [change project]
2026-08-22 14:36:59,546 [INFO] ThirdParty:1030 - CMSIS Pack Vendor :STMicroelectronics X-CUBE-AZRTOS-H7 3.5.0
2026-08-22 14:36:59,546 [INFO] ThirdParty:1030 - CMSIS Pack Vendor :STMicroelectronics X-CUBE-PM33A1 1.0.0
2026-08-22 14:36:59,546 [INFO] ThirdParty:1030 - CMSIS Pack Vendor :STMicroelectronics USBPD 4.1
2026-08-22 14:36:59,546 [INFO] ThirdParty:1030 - CMSIS Pack Vendor :STMicroelectronics X-CUBE-NFC9 1.0.0
2026-08-22 14:36:59,546 [INFO] ThirdParty:1030 - CMSIS Pack Vendor :STMicroelectronics USB_HOST 2.0.0
2026-08-22 14:36:59,546 [INFO] ThirdParty:1030 - CMSIS Pack Vendor :STMicroelectronics FP-ATR-ASTRA1 2.0.3
2026-08-22 14:36:59,546 [INFO] ThirdParty:1030 - CMSIS Pack Vendor :STMicroelectronics X-CUBE-AZRTOS-F4 1.1.0
2026-08-22 14:36:59,546 [INFO] ThirdParty:1030 - CMSIS Pack Vendor :STMicroelectronics LIBJPEG 8.0.0
2026-08-22 14:36:59,546 [INFO] ThirdParty:1030 - CMSIS Pack Vendor :STMicroelectronics FP-ATR-ASTRA1 2.0.2
2026-08-22 14:36:59,546 [INFO] ThirdParty:1030 - CMSIS Pack Vendor :STMicroelectronics X-CUBE-BLE1 7.1.0
2026-08-22 14:36:59,546 [INFO] ThirdParty:1030 - CMSIS Pack Vendor :wolfSSL I-CUBE-wolfMQTT 1.19.2
2026-08-22 14:36:59,546 [INFO] ThirdParty:1030 - CMSIS Pack Vendor :STMicroelectronics USB_DEVICE 3.0.0
2026-08-22 14:36:59,546 [INFO] ThirdParty:1030 - CMSIS Pack Vendor :STMicroelectronics X-CUBE-ISPU 2.1.0
2026-08-22 14:36:59,546 [INFO] ThirdParty:1030 - CMSIS Pack Vendor :STMicroelectronics X-CUBE-EEPRMA1 5.2.0
2026-08-22 14:36:59,546 [INFO] ThirdParty:1030 - CMSIS Pack Vendor :STMicroelectronics X-CUBE-IPS 3.2.0
2026-08-22 14:36:59,546 [INFO] ThirdParty:1030 - CMSIS Pack Vendor :STMicroelectronics X-CUBE-BLEMGR 4.1.0
2026-08-22 14:36:59,546 [INFO] ThirdParty:1030 - CMSIS Pack Vendor :STMicroelectronics eDS-WB_DPC_TT-BIDIR 2.1.1
2026-08-22 14:36:59,546 [INFO] ThirdParty:1030 - CMSIS Pack Vendor :STMicroelectronics X-CUBE-AZRTOS-WB 2.0.0
2026-08-22 14:36:59,546 [INFO] ThirdParty:1030 - CMSIS Pack Vendor :STMicroelectronics X-CUBE-NFC12 1.0.0
2026-08-22 14:36:59,546 [INFO] ThirdParty:1030 - CMSIS Pack Vendor :STMicroelectronics X-CUBE-AZRTOS-F7 1.1.0
2026-08-22 14:36:59,546 [INFO] ThirdParty:1030 - CMSIS Pack Vendor :STMicroelectronics X-CUBE-AZRTOS-L5 2.0.0
2026-08-22 14:36:59,546 [INFO] ThirdParty:1030 - CMSIS Pack Vendor :STMicroelectronics USB_DEVICE 2.0.0
2026-08-22 14:36:59,546 [INFO] ThirdParty:1030 - CMSIS Pack Vendor :STMicroelectronics X-CUBE-FREERTOS 1.6.0
2026-08-22 14:36:59,546 [INFO] ThirdParty:1030 - CMSIS Pack Vendor :STMicroelectronics FP-SNS-STAIOTCFT 1.1.0
2026-08-22 14:36:59,546 [INFO] ThirdParty:1030 - CMSIS Pack Vendor :quantropi X-CUBE-qispace-sdk-base 2.1.0
2026-08-22 14:36:59,546 [INFO] ThirdParty:1030 - CMSIS Pack Vendor :STMicroelectronics X-CUBE-STSE01 2.0.0
2026-08-22 14:36:59,546 [INFO] ThirdParty:1030 - CMSIS Pack Vendor :STMicroelectronics X-CUBE-ALGOBUILD 1.5.0
2026-08-22 14:36:59,546 [INFO] ThirdParty:1030 - CMSIS Pack Vendor :STMicroelectronics FP-SNS-MOTENV1 5.1.0
2026-08-22 14:36:59,546 [INFO] ThirdParty:1030 - CMSIS Pack Vendor :STMicroelectronics FreeRTOS 0.0.1
2026-08-22 14:36:59,546 [INFO] ThirdParty:1030 - CMSIS Pack Vendor :STMicroelectronics X-CUBE-AZRTOS-H7RS 1.3.0
2026-08-22 14:36:59,546 [INFO] ThirdParty:1030 - CMSIS Pack Vendor :STMicroelectronics X-CUBE-AZRTOS-G0 1.1.0
2026-08-22 14:36:59,546 [INFO] ThirdParty:1030 - CMSIS Pack Vendor :STMicroelectronics X-CUBE-NFC4 3.0.0
2026-08-22 14:36:59,546 [INFO] ThirdParty:1030 - CMSIS Pack Vendor :STMicroelectronics X-CUBE-SUBG2 5.0.0
2026-08-22 14:36:59,546 [INFO] ThirdParty:1030 - CMSIS Pack Vendor :STMicroelectronics STM32_WPAN 1.0.0
2026-08-22 14:36:59,546 [INFO] ThirdParty:1030 - CMSIS Pack Vendor :STMicroelectronics eDS-WB_DPC_VIENNA 1.2.0
2026-08-22 14:36:59,546 [INFO] ThirdParty:1030 - CMSIS Pack Vendor :EmbeddedOffice I-CUBE-FS-RTOS 1.0.1
2026-08-22 14:36:59,546 [INFO] ThirdParty:1030 - CMSIS Pack Vendor :STMicroelectronics lwIP 2.0.3
2026-08-22 14:36:59,546 [INFO] ThirdParty:1030 - CMSIS Pack Vendor :WES I-CUBE-Cesium 1.4.0
2026-08-22 14:36:59,546 [INFO] ThirdParty:1030 - CMSIS Pack Vendor :STMicroelectronics X-CUBE-MEMS1 13.0.0
2026-08-22 14:36:59,546 [INFO] ThirdParty:1030 - CMSIS Pack Vendor :STMicroelectronics eDS-WB_DPC_3PH2L-BIDIR 1.1.1
2026-08-22 14:36:59,546 [INFO] ThirdParty:1030 - CMSIS Pack Vendor :STMicroelectronics USB_HOST 1.0.0
2026-08-22 14:36:59,546 [INFO] ThirdParty:1030 - CMSIS Pack Vendor :STMicroelectronics X-CUBE-AZRTOS-G4 2.0.0
2026-08-22 14:36:59,546 [INFO] ThirdParty:1030 - CMSIS Pack Vendor :STMicroelectronics PDM2PCM 3.1.0
2026-08-22 14:36:59,546 [INFO] ThirdParty:1030 - CMSIS Pack Vendor :STMicroelectronics PDM2PCM 3.3.0
2026-08-22 14:36:59,546 [INFO] ThirdParty:1030 - CMSIS Pack Vendor :wolfSSL I-CUBE-wolfTPM 3.8.0
2026-08-22 14:36:59,546 [INFO] ThirdParty:1030 - CMSIS Pack Vendor :STMicroelectronics X-CUBE-DISPLAY 3.0.0
2026-08-22 14:36:59,546 [INFO] ThirdParty:1030 - CMSIS Pack Vendor :wolfSSL I-CUBE-wolfSSH 1.4.20
2026-08-22 14:36:59,546 [INFO] ThirdParty:1030 - CMSIS Pack Vendor :STMicroelectronics X-CUBE-NFC7 2.0.0
2026-08-22 14:36:59,546 [INFO] ThirdParty:1030 - CMSIS Pack Vendor :STMicroelectronics X-CUBE-GNSS1 7.1.1
2026-08-22 14:36:59,546 [INFO] ThirdParty:1030 - CMSIS Pack Vendor :STMicroelectronics FP-SNS-MOTENVWB1 1.5.0
2026-08-22 14:36:59,546 [INFO] ThirdParty:1030 - CMSIS Pack Vendor :STMicroelectronics X-CUBE-TCPP 4.2.0
2026-08-22 14:36:59,546 [INFO] ThirdParty:1030 - CMSIS Pack Vendor :RealThread X-CUBE-RT-Thread_Nano 4.1.1
2026-08-22 14:36:59,546 [INFO] ThirdParty:1030 - CMSIS Pack Vendor :wolfSSL I-CUBE-wolfSSL 5.9.1
2026-08-22 14:36:59,546 [INFO] ThirdParty:1030 - CMSIS Pack Vendor :STMicroelectronics FP-ATR-SIGFOX1 3.2.0
2026-08-22 14:36:59,546 [INFO] ThirdParty:1030 - CMSIS Pack Vendor :STMicroelectronics X-CUBE-NFC10 1.0.0
2026-08-22 14:36:59,546 [INFO] ThirdParty:1030 - CMSIS Pack Vendor :STMicroelectronics HAL Drivers 0.0.0
2026-08-22 14:36:59,546 [INFO] ThirdParty:1030 - CMSIS Pack Vendor :STMicroelectronics X-CUBE-FREERTOS 1.5.0
2026-08-22 14:36:59,546 [INFO] ThirdParty:1030 - CMSIS Pack Vendor :STMicroelectronics MBEDTLS 2.16.2
2026-08-22 14:36:59,546 [INFO] ThirdParty:1030 - CMSIS Pack Vendor :STMicroelectronics X-CUBE-ST60 1.1.0
2026-08-22 14:36:59,546 [INFO] ThirdParty:1030 - CMSIS Pack Vendor :STMicroelectronics X-CUBE-ALS 1.0.2
2026-08-22 14:36:59,547 [INFO] ThirdParty:1030 - CMSIS Pack Vendor :emotas I-CUBE-CANOPEN 1.3.0
2026-08-22 14:36:59,547 [INFO] ThirdParty:1030 - CMSIS Pack Vendor :STMicroelectronics MBEDTLS 2.14.1
2026-08-22 14:36:59,547 [INFO] ThirdParty:1030 - CMSIS Pack Vendor :ITTIA_DB I-CUBE-ITTIADB 8.9.0
2026-08-22 14:36:59,547 [INFO] ThirdParty:1030 - CMSIS Pack Vendor :Cesanta I-CUBE-Mongoose 7.21.7
2026-08-22 14:36:59,547 [INFO] ThirdParty:1030 - CMSIS Pack Vendor :STMicroelectronics X-CUBE-TOUCHGFX 4.26.1
2026-08-22 14:36:59,547 [INFO] ThirdParty:1030 - CMSIS Pack Vendor :STMicroelectronics X-CUBE-NFC6 3.2.0
2026-08-22 14:36:59,547 [INFO] ThirdParty:1030 - CMSIS Pack Vendor :STMicroelectronics FP-SNS-STBOX1 2.1.0
2026-08-22 14:36:59,547 [INFO] ThirdParty:1030 - CMSIS Pack Vendor :STMicroelectronics X-CUBE-AI 10.2.1
2026-08-22 14:36:59,547 [INFO] ThirdParty:1030 - CMSIS Pack Vendor :STMicroelectronics ThreadX 1.0.0
2026-08-22 14:36:59,547 [INFO] ThirdParty:1030 - CMSIS Pack Vendor :STMicroelectronics FP-SNS-SMARTAG2 1.2.0
2026-08-22 14:36:59,547 [INFO] ThirdParty:1030 - CMSIS Pack Vendor :STMicroelectronics X-CUBE-MEMS1 12.1.0
2026-08-22 14:36:59,547 [INFO] ThirdParty:1030 - CMSIS Pack Vendor :STMicroelectronics FP-SNS-FLIGHT1 5.1.0
2026-08-22 14:36:59,547 [INFO] ThirdParty:1030 - CMSIS Pack Vendor :STMicroelectronics X-CUBE-AZRTOS-WL 2.0.0
2026-08-22 14:36:59,547 [INFO] ThirdParty:1030 - CMSIS Pack Vendor :SEGGER I-CUBE-embOS 1.3.1
2026-08-22 14:36:59,547 [INFO] ThirdParty:1030 - CMSIS Pack Vendor :STMicroelectronics X-CUBE-DPower 1.3.0
2026-08-22 14:36:59,547 [INFO] ThirdParty:1030 - CMSIS Pack Vendor :STMicroelectronics USB_DEVICE 1.0.0
2026-08-22 14:36:59,547 [INFO] ThirdParty:1030 - CMSIS Pack Vendor :STMicroelectronics X-CUBE-AZRTOS-H7RS 1.2.0
2026-08-22 14:36:59,547 [INFO] ThirdParty:1030 - CMSIS Pack Vendor :STMicroelectronics X-CUBE-AZRTOS-L4 2.0.0
2026-08-22 14:36:59,547 [INFO] ThirdParty:1030 - CMSIS Pack Vendor :STMicroelectronics ThreadX 0.0.2
2026-08-22 14:36:59,547 [INFO] ThirdParty:1030 - CMSIS Pack Vendor :STMicroelectronics lwIP 2.1.2
2026-08-22 14:36:59,547 [INFO] ThirdParty:1030 - CMSIS Pack Vendor :STMicroelectronics X-CUBE-SFXS2LP1 4.0.0
2026-08-22 14:36:59,547 [INFO] ThirdParty:1030 - CMSIS Pack Vendor :STMicroelectronics X-CUBE-BLE2 3.3.0
2026-08-22 14:36:59,547 [INFO] ThirdParty:1030 - CMSIS Pack Vendor :Avnet-IOTCONNECT X-CUBE-iotc-st67-sdk 1.0.0
2026-08-22 14:36:59,547 [INFO] ThirdParty:1030 - CMSIS Pack Vendor :STMicroelectronics X-CUBE-TOF1 3.4.3
2026-08-22 14:36:59,547 [INFO] ThirdParty:1030 - CMSIS Pack Vendor :Infineon AIROC-Wi-Fi-Bluetooth-STM32 1.8.0
2026-08-22 14:36:59,547 [INFO] ThirdParty:1030 - CMSIS Pack Vendor :STMicroelectronics X-CUBE-NFC13 1.0.0
2026-08-22 14:36:59,547 [INFO] ThirdParty:1030 - CMSIS Pack Vendor :STMicroelectronics PDM2PCM 3.2.0
2026-08-22 14:36:59,547 [INFO] ThirdParty:1030 - CMSIS Pack Vendor :STMicroelectronics X-CUBE-WB05N 2.1.0
2026-08-22 14:36:59,547 [INFO] ThirdParty:841 - exiting critical section [change project]
2026-08-22 14:36:59,793 [INFO] PinOutPanel:1589 - setPackage(No Configuration,No Configuration)
2026-08-22 14:36:59,794 [INFO] PinOutPanel:1589 - setPackage(STM32F072RBTx,LQFP64)
2026-08-22 14:37:00,355 [INFO] UtilMem:75 - Before build in PCC Used Memory: 237847264 Bytes (717225984)
2026-08-22 14:37:00,940 [INFO] UtilMem:75 - After build in PCC Used Memory: 453853920 Bytes (717225984)
2026-08-22 14:37:00,970 [INFO] IPUIPlugin:80 - create IPUIPlugin
2026-08-22 14:37:00,970 [INFO] IPUIPlugin:80 - create IPUIPlugin
2026-08-22 14:37:00,970 [INFO] IPUIPlugin:80 - create IPUIPlugin
2026-08-22 14:37:00,970 [INFO] IPUIPlugin:80 - create IPUIPlugin
2026-08-22 14:37:00,971 [INFO] IPUIPlugin:80 - create IPUIPlugin
2026-08-22 14:37:00,971 [INFO] IPUIPlugin:80 - create IPUIPlugin
2026-08-22 14:37:00,971 [INFO] IPUIPlugin:80 - create IPUIPlugin
2026-08-22 14:37:00,971 [INFO] IPUIPlugin:80 - create IPUIPlugin
2026-08-22 14:37:00,971 [INFO] IPUIPlugin:80 - create IPUIPlugin
2026-08-22 14:37:00,971 [INFO] IPUIPlugin:80 - create IPUIPlugin
2026-08-22 14:37:00,971 [INFO] IPUIPlugin:80 - create IPUIPlugin
2026-08-22 14:37:00,971 [INFO] IPUIPlugin:80 - create IPUIPlugin
2026-08-22 14:37:00,971 [INFO] IPUIPlugin:80 - create IPUIPlugin
2026-08-22 14:37:00,972 [INFO] IPUIPlugin:80 - create IPUIPlugin
2026-08-22 14:37:00,972 [INFO] IPUIPlugin:80 - create IPUIPlugin
2026-08-22 14:37:00,972 [INFO] IPUIPlugin:80 - create IPUIPlugin
2026-08-22 14:37:00,972 [INFO] IPUIPlugin:80 - create IPUIPlugin
2026-08-22 14:37:00,972 [INFO] IPUIPlugin:80 - create IPUIPlugin
2026-08-22 14:37:00,972 [INFO] IPUIPlugin:80 - create IPUIPlugin
2026-08-22 14:37:00,973 [INFO] IPUIPlugin:80 - create IPUIPlugin
2026-08-22 14:37:00,973 [INFO] IPUIPlugin:80 - create IPUIPlugin
2026-08-22 14:37:00,973 [INFO] IPUIPlugin:80 - create IPUIPlugin
2026-08-22 14:37:00,973 [INFO] IPUIPlugin:80 - create IPUIPlugin
2026-08-22 14:37:00,973 [INFO] IPUIPlugin:80 - create IPUIPlugin
2026-08-22 14:37:00,974 [INFO] IPUIPlugin:80 - create IPUIPlugin
2026-08-22 14:37:00,974 [INFO] IPUIPlugin:80 - create IPUIPlugin
2026-08-22 14:37:00,974 [INFO] IPUIPlugin:80 - create IPUIPlugin
2026-08-22 14:37:00,974 [INFO] IPUIPlugin:80 - create IPUIPlugin
2026-08-22 14:37:00,974 [INFO] IPUIPlugin:80 - create IPUIPlugin
2026-08-22 14:37:00,975 [INFO] IPUIPlugin:80 - create IPUIPlugin
2026-08-22 14:37:00,975 [INFO] IPUIPlugin:80 - create IPUIPlugin
2026-08-22 14:37:00,975 [INFO] IPUIPlugin:80 - create IPUIPlugin
2026-08-22 14:37:00,975 [INFO] IPUIPlugin:80 - create IPUIPlugin
2026-08-22 14:37:00,976 [INFO] IPUIPlugin:80 - create IPUIPlugin
2026-08-22 14:37:00,976 [INFO] IPUIPlugin:80 - create IPUIPlugin
2026-08-22 14:37:00,977 [INFO] IPUIPlugin:80 - create IPUIPlugin
2026-08-22 14:37:00,977 [INFO] IPUIPlugin:80 - create IPUIPlugin
2026-08-22 14:37:00,977 [INFO] IPUIPlugin:80 - create IPUIPlugin
2026-08-22 14:37:00,978 [INFO] IPUIPlugin:80 - create IPUIPlugin
2026-08-22 14:37:00,978 [INFO] IPUIPlugin:80 - create IPUIPlugin
2026-08-22 14:37:00,979 [INFO] IPUIPlugin:80 - create IPUIPlugin
2026-08-22 14:37:01,144 [INFO] CADModel:165 - CPN selected for project levelSTM32F072RBT6
2026-08-22 14:37:01,144 [INFO] CADModel:114 - Register for checkConnection events
2026-08-22 14:37:01,184 [INFO] OpenFileManager:386 - Restore cursor
2026-08-22 14:37:18,781 [ERROR] LogOutputStream:75 - [STDERR_REDIRECT] Aug 22, 2026 2:37:18 PM java.util.prefs.FileSystemPreferences checkLockFile0ErrorCode
2026-08-22 14:37:18,781 [ERROR] LogOutputStream:75 - [STDERR_REDIRECT] WARNING: Could not lock System prefs. Unix error code 2.
2026-08-22 14:37:18,781 [ERROR] LogOutputStream:75 - [STDERR_REDIRECT] 
2026-08-22 14:37:18,781 [ERROR] LogOutputStream:75 - [STDERR_REDIRECT] Aug 22, 2026 2:37:18 PM java.util.prefs.FileSystemPreferences syncWorld
2026-08-22 14:37:18,781 [ERROR] LogOutputStream:75 - [STDERR_REDIRECT] WARNING: Couldn't flush system prefs: java.util.prefs.BackingStoreException: Couldn't get file lock.
2026-08-22 14:37:18,781 [ERROR] LogOutputStream:75 - [STDERR_REDIRECT] 
2026-08-22 14:37:48,780 [ERROR] LogOutputStream:75 - [STDERR_REDIRECT] Aug 22, 2026 2:37:48 PM java.util.prefs.FileSystemPreferences checkLockFile0ErrorCode
2026-08-22 14:37:48,780 [ERROR] LogOutputStream:75 - [STDERR_REDIRECT] WARNING: Could not lock System prefs. Unix error code 2.
2026-08-22 14:37:48,780 [ERROR] LogOutputStream:75 - [STDERR_REDIRECT] 
2026-08-22 14:37:48,780 [ERROR] LogOutputStream:75 - [STDERR_REDIRECT] Aug 22, 2026 2:37:48 PM java.util.prefs.FileSystemPreferences syncWorld
2026-08-22 14:37:48,780 [ERROR] LogOutputStream:75 - [STDERR_REDIRECT] WARNING: Couldn't flush system prefs: java.util.prefs.BackingStoreException: Couldn't get file lock.
2026-08-22 14:37:48,780 [ERROR] LogOutputStream:75 - [STDERR_REDIRECT] 
2026-08-22 14:38:18,780 [ERROR] LogOutputStream:75 - [STDERR_REDIRECT] Aug 22, 2026 2:38:18 PM java.util.prefs.FileSystemPreferences checkLockFile0ErrorCode
2026-08-22 14:38:18,780 [ERROR] LogOutputStream:75 - [STDERR_REDIRECT] WARNING: Could not lock System prefs. Unix error code 2.
2026-08-22 14:38:18,780 [ERROR] LogOutputStream:75 - [STDERR_REDIRECT] 
2026-08-22 14:38:18,781 [ERROR] LogOutputStream:75 - [STDERR_REDIRECT] Aug 22, 2026 2:38:18 PM java.util.prefs.FileSystemPreferences syncWorld
2026-08-22 14:38:18,781 [ERROR] LogOutputStream:75 - [STDERR_REDIRECT] WARNING: Couldn't flush system prefs: java.util.prefs.BackingStoreException: Couldn't get file lock.
2026-08-22 14:38:18,781 [ERROR] LogOutputStream:75 - [STDERR_REDIRECT] 
2026-08-22 14:38:44,196 [INFO] NvicIntPanel:101 - NVIC parent = com.st.microxplorer.plugins.ip.nvic.MultiNvicIntPanel[,0,0,0x0,invalid,layout=javax.swing.BoxLayout,alignmentX=0.0,alignmentY=0.0,border=,flags=9,maximumSize=,minimumSize=,preferredSize=]
2026-08-22 14:38:48,781 [ERROR] LogOutputStream:75 - [STDERR_REDIRECT] Aug 22, 2026 2:38:48 PM java.util.prefs.FileSystemPreferences checkLockFile0ErrorCode
2026-08-22 14:38:48,781 [ERROR] LogOutputStream:75 - [STDERR_REDIRECT] WARNING: Could not lock System prefs. Unix error code 2.
2026-08-22 14:38:48,781 [ERROR] LogOutputStream:75 - [STDERR_REDIRECT] 
2026-08-22 14:38:48,781 [ERROR] LogOutputStream:75 - [STDERR_REDIRECT] Aug 22, 2026 2:38:48 PM java.util.prefs.FileSystemPreferences syncWorld
2026-08-22 14:38:48,781 [ERROR] LogOutputStream:75 - [STDERR_REDIRECT] WARNING: Couldn't flush system prefs: java.util.prefs.BackingStoreException: Couldn't get file lock.
2026-08-22 14:38:48,781 [ERROR] LogOutputStream:75 - [STDERR_REDIRECT] 
2026-08-22 14:39:00,086 [INFO] NvicIntPanel:101 - NVIC parent = com.st.microxplorer.plugins.ip.nvic.MultiNvicIntPanel[,0,0,0x0,invalid,layout=javax.swing.BoxLayout,alignmentX=0.0,alignmentY=0.0,border=,flags=9,maximumSize=,minimumSize=,preferredSize=]
2026-08-22 14:39:02,701 [INFO] UtilMem:75 - End SaveConfig() Used Memory: 832497160 Bytes (1032847360)
2026-08-22 14:39:18,783 [ERROR] LogOutputStream:75 - [STDERR_REDIRECT] Aug 22, 2026 2:39:18 PM java.util.prefs.FileSystemPreferences checkLockFile0ErrorCode
2026-08-22 14:39:18,783 [ERROR] LogOutputStream:75 - [STDERR_REDIRECT] WARNING: Could not lock System prefs. Unix error code 2.
2026-08-22 14:39:18,783 [ERROR] LogOutputStream:75 - [STDERR_REDIRECT] 
2026-08-22 14:39:18,783 [ERROR] LogOutputStream:75 - [STDERR_REDIRECT] Aug 22, 2026 2:39:18 PM java.util.prefs.FileSystemPreferences syncWorld
2026-08-22 14:39:18,783 [ERROR] LogOutputStream:75 - [STDERR_REDIRECT] WARNING: Couldn't flush system prefs: java.util.prefs.BackingStoreException: Couldn't get file lock.
2026-08-22 14:39:18,783 [ERROR] LogOutputStream:75 - [STDERR_REDIRECT] 
2026-08-22 14:39:25,722 [INFO] NvicIntPanel:101 - NVIC parent = com.st.microxplorer.plugins.ip.nvic.MultiNvicIntPanel[,0,0,0x0,invalid,layout=javax.swing.BoxLayout,alignmentX=0.0,alignmentY=0.0,border=,flags=9,maximumSize=,minimumSize=,preferredSize=]
2026-08-22 14:39:27,354 [INFO] UtilMem:75 - End SaveConfig() Used Memory: 750466336 Bytes (1032847360)
2026-08-22 14:39:29,879 [INFO] UtilMem:75 - End SaveConfig() Used Memory: 746993808 Bytes (1073741824)
2026-08-22 14:39:35,030 [INFO] UtilMem:75 - End SaveConfig() Used Memory: 836136464 Bytes (1073741824)
2026-08-22 14:39:35,411 [INFO] BlockDiagram:2775 - set Specific Code input for plugin: SPI
2026-08-22 14:39:35,411 [INFO] BlockDiagram:2775 - set Specific Code input for plugin: NVIC
2026-08-22 14:39:35,411 [INFO] BlockDiagram:2775 - set Specific Code input for plugin: USART
2026-08-22 14:39:35,411 [INFO] BlockDiagram:2775 - set Specific Code input for plugin: TIM1_8F0
2026-08-22 14:39:35,411 [INFO] BlockDiagram:2775 - set Specific Code input for plugin: SYS
2026-08-22 14:39:35,412 [INFO] BlockDiagram:2775 - set Specific Code input for plugin: GPIO
2026-08-22 14:39:35,412 [INFO] BlockDiagram:2775 - set Specific Code input for plugin: RCC
2026-08-22 14:39:35,412 [INFO] CodeGenerator:892 - code generatio: config db path: /home/razam/.stm32cubemx/databases/DB.6.0.30/db/
2026-08-22 14:39:35,602 [INFO] CodeEngine:265 - oldGeneratedFile, /home/razam/shayan/Uni/design_team/air/embedded-bootcamp/nucleof072rb/MXTmpFiles/license.tmp_save
2026-08-22 14:39:35,853 [INFO] CodeEngine:289 - Generated code: /home/razam/shayan/Uni/design_team/air/embedded-bootcamp/nucleof072rb/MXTmpFiles/license.tmp
2026-08-22 14:39:35,940 [INFO] CodeEngine:265 - oldGeneratedFile, /home/razam/shayan/Uni/design_team/air/embedded-bootcamp/nucleof072rb/Core/Src/gpio.c_save
2026-08-22 14:39:36,048 [INFO] CodeEngine:289 - Generated code: /home/razam/shayan/Uni/design_team/air/embedded-bootcamp/nucleof072rb/Core/Src/gpio.c
2026-08-22 14:39:36,049 [INFO] CodeEngine:265 - oldGeneratedFile, /home/razam/shayan/Uni/design_team/air/embedded-bootcamp/nucleof072rb/Core/Inc/gpio.h_save
2026-08-22 14:39:36,118 [INFO] CodeEngine:289 - Generated code: /home/razam/shayan/Uni/design_team/air/embedded-bootcamp/nucleof072rb/Core/Inc/gpio.h
2026-08-22 14:39:36,312 [INFO] CodeEngine:265 - oldGeneratedFile, /home/razam/shayan/Uni/design_team/air/embedded-bootcamp/nucleof072rb/Core/Src/spi.c_save
2026-08-22 14:39:36,393 [INFO] CodeEngine:289 - Generated code: /home/razam/shayan/Uni/design_team/air/embedded-bootcamp/nucleof072rb/Core/Src/spi.c
2026-08-22 14:39:36,394 [INFO] CodeEngine:265 - oldGeneratedFile, /home/razam/shayan/Uni/design_team/air/embedded-bootcamp/nucleof072rb/Core/Inc/spi.h_save
2026-08-22 14:39:36,429 [INFO] CodeEngine:289 - Generated code: /home/razam/shayan/Uni/design_team/air/embedded-bootcamp/nucleof072rb/Core/Inc/spi.h
2026-08-22 14:39:36,431 [INFO] CodeEngine:265 - oldGeneratedFile, /home/razam/shayan/Uni/design_team/air/embedded-bootcamp/nucleof072rb/Core/Src/tim.c_save
2026-08-22 14:39:36,484 [INFO] CodeEngine:289 - Generated code: /home/razam/shayan/Uni/design_team/air/embedded-bootcamp/nucleof072rb/Core/Src/tim.c
2026-08-22 14:39:36,485 [INFO] CodeEngine:265 - oldGeneratedFile, /home/razam/shayan/Uni/design_team/air/embedded-bootcamp/nucleof072rb/Core/Inc/tim.h_save
2026-08-22 14:39:36,521 [INFO] CodeEngine:289 - Generated code: /home/razam/shayan/Uni/design_team/air/embedded-bootcamp/nucleof072rb/Core/Inc/tim.h
2026-08-22 14:39:36,523 [INFO] CodeEngine:265 - oldGeneratedFile, /home/razam/shayan/Uni/design_team/air/embedded-bootcamp/nucleof072rb/Core/Src/usart.c_save
2026-08-22 14:39:36,567 [INFO] CodeEngine:289 - Generated code: /home/razam/shayan/Uni/design_team/air/embedded-bootcamp/nucleof072rb/Core/Src/usart.c
2026-08-22 14:39:36,568 [INFO] CodeEngine:265 - oldGeneratedFile, /home/razam/shayan/Uni/design_team/air/embedded-bootcamp/nucleof072rb/Core/Inc/usart.h_save
2026-08-22 14:39:36,594 [INFO] CodeEngine:289 - Generated code: /home/razam/shayan/Uni/design_team/air/embedded-bootcamp/nucleof072rb/Core/Inc/usart.h
2026-08-22 14:39:36,596 [INFO] CodeEngine:265 - oldGeneratedFile, /home/razam/shayan/Uni/design_team/air/embedded-bootcamp/nucleof072rb/Core/Src/stm32f0xx_it.c_save
2026-08-22 14:39:36,638 [INFO] CodeEngine:289 - Generated code: /home/razam/shayan/Uni/design_team/air/embedded-bootcamp/nucleof072rb/Core/Src/stm32f0xx_it.c
2026-08-22 14:39:36,639 [INFO] CodeEngine:265 - oldGeneratedFile, /home/razam/shayan/Uni/design_team/air/embedded-bootcamp/nucleof072rb/Core/Inc/stm32f0xx_it.h_save
2026-08-22 14:39:36,694 [INFO] CodeEngine:289 - Generated code: /home/razam/shayan/Uni/design_team/air/embedded-bootcamp/nucleof072rb/Core/Inc/stm32f0xx_it.h
2026-08-22 14:39:36,698 [INFO] CodeEngine:265 - oldGeneratedFile, /home/razam/shayan/Uni/design_team/air/embedded-bootcamp/nucleof072rb/Core/Src/stm32f0xx_hal_msp.c_save
2026-08-22 14:39:36,769 [INFO] CodeEngine:289 - Generated code: /home/razam/shayan/Uni/design_team/air/embedded-bootcamp/nucleof072rb/Core/Src/stm32f0xx_hal_msp.c
2026-08-22 14:39:36,771 [INFO] CodeEngine:265 - oldGeneratedFile, /home/razam/shayan/Uni/design_team/air/embedded-bootcamp/nucleof072rb/MXTmpFiles/system.tmp_save
2026-08-22 14:39:36,818 [INFO] CodeEngine:289 - Generated code: /home/razam/shayan/Uni/design_team/air/embedded-bootcamp/nucleof072rb/MXTmpFiles/system.tmp
2026-08-22 14:39:36,823 [INFO] CodeEngine:321 - oldGeneratedFile, /home/razam/shayan/Uni/design_team/air/embedded-bootcamp/nucleof072rb/Core/Inc/stm32f0xx_hal_conf.h_save
2026-08-22 14:39:36,858 [INFO] CodeEngine:345 - Generated code: /home/razam/shayan/Uni/design_team/air/embedded-bootcamp/nucleof072rb/Core/Inc/stm32f0xx_hal_conf.h
2026-08-22 14:39:36,870 [INFO] ApiDbMcu:532 - Load IP Config File for SPI1
2026-08-22 14:39:36,878 [INFO] ApiDbMcu:532 - Load IP Config File for TIM1
2026-08-22 14:39:36,881 [INFO] ApiDbMcu:532 - Load IP Config File for USART2
2026-08-22 14:39:36,882 [INFO] ApiDbMcu:532 - Load IP Config File for RCC
2026-08-22 14:39:36,885 [INFO] CodeEngine:265 - oldGeneratedFile, /home/razam/shayan/Uni/design_team/air/embedded-bootcamp/nucleof072rb/Core/Inc/main.h_save
2026-08-22 14:39:36,920 [INFO] CodeEngine:289 - Generated code: /home/razam/shayan/Uni/design_team/air/embedded-bootcamp/nucleof072rb/Core/Inc/main.h
2026-08-22 14:39:36,921 [INFO] CodeEngine:265 - oldGeneratedFile, /home/razam/shayan/Uni/design_team/air/embedded-bootcamp/nucleof072rb/Core/Src/main.c_save
2026-08-22 14:39:36,986 [INFO] CodeEngine:289 - Generated code: /home/razam/shayan/Uni/design_team/air/embedded-bootcamp/nucleof072rb/Core/Src/main.c
2026-08-22 14:39:37,214 [INFO] ProjectBuilder:3606 - Time for Copy HAL[1] : 13mS.
2026-08-22 14:39:37,217 [INFO] ProjectBuilder:5216 - Project Generator version: 4.7.0-B52
2026-08-22 14:39:37,326 [INFO] ConfigFileManager:1595 - The Die is : DIE448
2026-08-22 14:39:37,334 [INFO] ApiDbMcu:532 - Load IP Config File for FATFS
2026-08-22 14:39:37,342 [INFO] ApiDbMcu:532 - Load IP Config File for FREERTOS
2026-08-22 14:39:37,353 [INFO] ApiDbMcu:532 - Load IP Config File for TOUCHSENSING
2026-08-22 14:39:37,360 [INFO] ApiDbMcu:532 - Load IP Config File for USB_DEVICE
2026-08-22 14:39:37,596 [INFO] LogOutputStream:77 - [STDOUT_REDIRECT] 
2026-08-22 14:39:38,097 [INFO] ProjectBuilder:5496 - Time for Generating toolchain IDE Files: 880mS.
2026-08-22 14:39:38,098 [INFO] ProjectBuilder:3463 - Time for Copy CMSIS : 0mS.
2026-08-22 14:39:38,098 [INFO] ProjectBuilder:3463 - Time for Copy CMSIS : 0mS.
2026-08-22 14:39:42,921 [INFO] NvicIntPanel:101 - NVIC parent = com.st.microxplorer.plugins.ip.nvic.MultiNvicIntPanel[,0,0,0x0,invalid,layout=javax.swing.BoxLayout,alignmentX=0.0,alignmentY=0.0,border=,flags=9,maximumSize=,minimumSize=,preferredSize=]
2026-08-22 14:39:44,529 [INFO] UtilMem:75 - End SaveConfig() Used Memory: 744282656 Bytes (1073741824)
2026-08-22 14:39:45,865 [INFO] UtilMem:75 - End SaveConfig() Used Memory: 774495384 Bytes (1073741824)
2026-08-22 14:39:46,919 [INFO] UtilMem:75 - End SaveConfig() Used Memory: 863915392 Bytes (1073741824)
2026-08-22 14:39:46,980 [INFO] BlockDiagram:2775 - set Specific Code input for plugin: SPI
2026-08-22 14:39:46,981 [INFO] BlockDiagram:2775 - set Specific Code input for plugin: NVIC
2026-08-22 14:39:46,981 [INFO] BlockDiagram:2775 - set Specific Code input for plugin: USART
2026-08-22 14:39:46,981 [INFO] BlockDiagram:2775 - set Specific Code input for plugin: TIM1_8F0
2026-08-22 14:39:46,981 [INFO] BlockDiagram:2775 - set Specific Code input for plugin: SYS
2026-08-22 14:39:46,981 [INFO] BlockDiagram:2775 - set Specific Code input for plugin: GPIO
2026-08-22 14:39:46,981 [INFO] BlockDiagram:2775 - set Specific Code input for plugin: RCC
2026-08-22 14:39:46,982 [INFO] CodeGenerator:892 - code generatio: config db path: /home/razam/.stm32cubemx/databases/DB.6.0.30/db/
2026-08-22 14:39:47,029 [INFO] CodeEngine:265 - oldGeneratedFile, /home/razam/shayan/Uni/design_team/air/embedded-bootcamp/nucleof072rb/MXTmpFiles/license.tmp_save
2026-08-22 14:39:47,061 [INFO] CodeEngine:289 - Generated code: /home/razam/shayan/Uni/design_team/air/embedded-bootcamp/nucleof072rb/MXTmpFiles/license.tmp
2026-08-22 14:39:47,083 [INFO] CodeEngine:265 - oldGeneratedFile, /home/razam/shayan/Uni/design_team/air/embedded-bootcamp/nucleof072rb/Core/Src/gpio.c_save
2026-08-22 14:39:47,127 [INFO] CodeEngine:289 - Generated code: /home/razam/shayan/Uni/design_team/air/embedded-bootcamp/nucleof072rb/Core/Src/gpio.c
2026-08-22 14:39:47,128 [INFO] CodeEngine:265 - oldGeneratedFile, /home/razam/shayan/Uni/design_team/air/embedded-bootcamp/nucleof072rb/Core/Inc/gpio.h_save
2026-08-22 14:39:47,179 [INFO] CodeEngine:289 - Generated code: /home/razam/shayan/Uni/design_team/air/embedded-bootcamp/nucleof072rb/Core/Inc/gpio.h
2026-08-22 14:39:47,300 [INFO] CodeEngine:265 - oldGeneratedFile, /home/razam/shayan/Uni/design_team/air/embedded-bootcamp/nucleof072rb/Core/Src/spi.c_save
2026-08-22 14:39:47,352 [INFO] CodeEngine:289 - Generated code: /home/razam/shayan/Uni/design_team/air/embedded-bootcamp/nucleof072rb/Core/Src/spi.c
2026-08-22 14:39:47,353 [INFO] CodeEngine:265 - oldGeneratedFile, /home/razam/shayan/Uni/design_team/air/embedded-bootcamp/nucleof072rb/Core/Inc/spi.h_save
2026-08-22 14:39:47,390 [INFO] CodeEngine:289 - Generated code: /home/razam/shayan/Uni/design_team/air/embedded-bootcamp/nucleof072rb/Core/Inc/spi.h
2026-08-22 14:39:47,393 [INFO] CodeEngine:265 - oldGeneratedFile, /home/razam/shayan/Uni/design_team/air/embedded-bootcamp/nucleof072rb/Core/Src/tim.c_save
2026-08-22 14:39:47,457 [INFO] CodeEngine:289 - Generated code: /home/razam/shayan/Uni/design_team/air/embedded-bootcamp/nucleof072rb/Core/Src/tim.c
2026-08-22 14:39:47,459 [INFO] CodeEngine:265 - oldGeneratedFile, /home/razam/shayan/Uni/design_team/air/embedded-bootcamp/nucleof072rb/Core/Inc/tim.h_save
2026-08-22 14:39:47,489 [INFO] CodeEngine:289 - Generated code: /home/razam/shayan/Uni/design_team/air/embedded-bootcamp/nucleof072rb/Core/Inc/tim.h
2026-08-22 14:39:47,493 [INFO] CodeEngine:265 - oldGeneratedFile, /home/razam/shayan/Uni/design_team/air/embedded-bootcamp/nucleof072rb/Core/Src/usart.c_save
2026-08-22 14:39:47,554 [INFO] CodeEngine:289 - Generated code: /home/razam/shayan/Uni/design_team/air/embedded-bootcamp/nucleof072rb/Core/Src/usart.c
2026-08-22 14:39:47,556 [INFO] CodeEngine:265 - oldGeneratedFile, /home/razam/shayan/Uni/design_team/air/embedded-bootcamp/nucleof072rb/Core/Inc/usart.h_save
2026-08-22 14:39:47,590 [INFO] CodeEngine:289 - Generated code: /home/razam/shayan/Uni/design_team/air/embedded-bootcamp/nucleof072rb/Core/Inc/usart.h
2026-08-22 14:39:47,591 [INFO] CodeEngine:265 - oldGeneratedFile, /home/razam/shayan/Uni/design_team/air/embedded-bootcamp/nucleof072rb/Core/Src/stm32f0xx_it.c_save
2026-08-22 14:39:47,620 [INFO] CodeEngine:289 - Generated code: /home/razam/shayan/Uni/design_team/air/embedded-bootcamp/nucleof072rb/Core/Src/stm32f0xx_it.c
2026-08-22 14:39:47,621 [INFO] CodeEngine:265 - oldGeneratedFile, /home/razam/shayan/Uni/design_team/air/embedded-bootcamp/nucleof072rb/Core/Inc/stm32f0xx_it.h_save
2026-08-22 14:39:47,647 [INFO] CodeEngine:289 - Generated code: /home/razam/shayan/Uni/design_team/air/embedded-bootcamp/nucleof072rb/Core/Inc/stm32f0xx_it.h
2026-08-22 14:39:47,649 [INFO] CodeEngine:265 - oldGeneratedFile, /home/razam/shayan/Uni/design_team/air/embedded-bootcamp/nucleof072rb/Core/Src/stm32f0xx_hal_msp.c_save
2026-08-22 14:39:47,683 [INFO] CodeEngine:289 - Generated code: /home/razam/shayan/Uni/design_team/air/embedded-bootcamp/nucleof072rb/Core/Src/stm32f0xx_hal_msp.c
2026-08-22 14:39:47,685 [INFO] CodeEngine:265 - oldGeneratedFile, /home/razam/shayan/Uni/design_team/air/embedded-bootcamp/nucleof072rb/MXTmpFiles/system.tmp_save
2026-08-22 14:39:47,708 [INFO] CodeEngine:289 - Generated code: /home/razam/shayan/Uni/design_team/air/embedded-bootcamp/nucleof072rb/MXTmpFiles/system.tmp
2026-08-22 14:39:47,712 [INFO] CodeEngine:321 - oldGeneratedFile, /home/razam/shayan/Uni/design_team/air/embedded-bootcamp/nucleof072rb/Core/Inc/stm32f0xx_hal_conf.h_save
2026-08-22 14:39:47,738 [INFO] CodeEngine:345 - Generated code: /home/razam/shayan/Uni/design_team/air/embedded-bootcamp/nucleof072rb/Core/Inc/stm32f0xx_hal_conf.h
2026-08-22 14:39:47,746 [INFO] CodeEngine:265 - oldGeneratedFile, /home/razam/shayan/Uni/design_team/air/embedded-bootcamp/nucleof072rb/Core/Inc/main.h_save
2026-08-22 14:39:47,770 [INFO] CodeEngine:289 - Generated code: /home/razam/shayan/Uni/design_team/air/embedded-bootcamp/nucleof072rb/Core/Inc/main.h
2026-08-22 14:39:47,771 [INFO] CodeEngine:265 - oldGeneratedFile, /home/razam/shayan/Uni/design_team/air/embedded-bootcamp/nucleof072rb/Core/Src/main.c_save
2026-08-22 14:39:47,811 [INFO] CodeEngine:289 - Generated code: /home/razam/shayan/Uni/design_team/air/embedded-bootcamp/nucleof072rb/Core/Src/main.c
2026-08-22 14:39:47,922 [INFO] ProjectBuilder:3606 - Time for Copy HAL[1] : 12mS.
2026-08-22 14:39:47,924 [INFO] ProjectBuilder:5216 - Project Generator version: 4.7.0-B52
2026-08-22 14:39:47,967 [INFO] ConfigFileManager:1595 - The Die is : DIE448
2026-08-22 14:39:48,629 [INFO] ProjectBuilder:5496 - Time for Generating toolchain IDE Files: 704mS.
2026-08-22 14:39:48,629 [INFO] ProjectBuilder:3463 - Time for Copy CMSIS : 0mS.
2026-08-22 14:39:48,630 [INFO] ProjectBuilder:3463 - Time for Copy CMSIS : 0mS.
2026-08-22 14:39:48,784 [ERROR] LogOutputStream:75 - [STDERR_REDIRECT] Aug 22, 2026 2:39:48 PM java.util.prefs.FileSystemPreferences checkLockFile0ErrorCode
2026-08-22 14:39:48,784 [ERROR] LogOutputStream:75 - [STDERR_REDIRECT] WARNING: Could not lock System prefs. Unix error code 2.
2026-08-22 14:39:48,784 [ERROR] LogOutputStream:75 - [STDERR_REDIRECT] 
2026-08-22 14:39:48,785 [ERROR] LogOutputStream:75 - [STDERR_REDIRECT] Aug 22, 2026 2:39:48 PM java.util.prefs.FileSystemPreferences syncWorld
2026-08-22 14:39:48,785 [ERROR] LogOutputStream:75 - [STDERR_REDIRECT] WARNING: Couldn't flush system prefs: java.util.prefs.BackingStoreException: Couldn't get file lock.
2026-08-22 14:39:48,785 [ERROR] LogOutputStream:75 - [STDERR_REDIRECT] 
2026-08-22 14:40:18,783 [ERROR] LogOutputStream:75 - [STDERR_REDIRECT] Aug 22, 2026 2:40:18 PM java.util.prefs.FileSystemPreferences checkLockFile0ErrorCode
2026-08-22 14:40:18,783 [ERROR] LogOutputStream:75 - [STDERR_REDIRECT] WARNING: Could not lock System prefs. Unix error code 2.
2026-08-22 14:40:18,783 [ERROR] LogOutputStream:75 - [STDERR_REDIRECT] 
2026-08-22 14:40:18,783 [ERROR] LogOutputStream:75 - [STDERR_REDIRECT] Aug 22, 2026 2:40:18 PM java.util.prefs.FileSystemPreferences syncWorld
2026-08-22 14:40:18,783 [ERROR] LogOutputStream:75 - [STDERR_REDIRECT] WARNING: Couldn't flush system prefs: java.util.prefs.BackingStoreException: Couldn't get file lock.
2026-08-22 14:40:18,783 [ERROR] LogOutputStream:75 - [STDERR_REDIRECT] 
2026-08-22 14:40:48,782 [ERROR] LogOutputStream:75 - [STDERR_REDIRECT] Aug 22, 2026 2:40:48 PM java.util.prefs.FileSystemPreferences checkLockFile0ErrorCode
2026-08-22 14:40:48,782 [ERROR] LogOutputStream:75 - [STDERR_REDIRECT] WARNING: Could not lock System prefs. Unix error code 2.
2026-08-22 14:40:48,782 [ERROR] LogOutputStream:75 - [STDERR_REDIRECT] 
2026-08-22 14:40:48,783 [ERROR] LogOutputStream:75 - [STDERR_REDIRECT] Aug 22, 2026 2:40:48 PM java.util.prefs.FileSystemPreferences syncWorld
2026-08-22 14:40:48,783 [ERROR] LogOutputStream:75 - [STDERR_REDIRECT] WARNING: Couldn't flush system prefs: java.util.prefs.BackingStoreException: Couldn't get file lock.
2026-08-22 14:40:48,783 [ERROR] LogOutputStream:75 - [STDERR_REDIRECT] 
2026-08-22 14:41:18,390 [ERROR] LogOutputStream:75 - [STDERR_REDIRECT] 
2026-08-22 14:41:18,392 [ERROR] LogOutputStream:75 - [STDERR_REDIRECT] 
2026-08-22 14:41:57,949 [INFO] Activator:176 - 


2026-08-22 14:41:57,950 [INFO] Activator:177 - !SESSION log4j initialized
2026-08-22 14:42:01,518 [INFO] LogOutputStream:77 - [STDOUT_REDIRECT] 
2026-08-22 14:42:01,923 [INFO] ApplicationProperties:184 - Using Application install path: /opt/st/stm32cubeide_1.19.0/plugins/com.st.stm32cube.common.mx_6.15.0.202507011659
2026-08-22 14:42:01,934 [INFO] DbMcusXml:78 - Set database path to: /opt/st/stm32cubeide_1.19.0/plugins/com.st.stm32cube.common.mx_6.15.0.202507011659//db//mcu/
2026-08-22 14:42:01,934 [INFO] ApiDb:274 - Set plugin database path to: /opt/st/stm32cubeide_1.19.0/plugins/com.st.stm32cube.common.mx_6.15.0.202507011659//db//plugins/boardmanager/
2026-08-22 14:42:01,935 [WARN] ApiDb:259 - Overriding images path with different value:  => /opt/st/stm32cubeide_1.19.0/plugins/com.st.stm32cube.common.mx_6.15.0.202507011659//db//plugins/mcufinder/images/
2026-08-22 14:42:01,937 [INFO] ApiDb:250 - Set database path to: /home/razam/.stmcufinder/plugins/mcufinder//mcu/
2026-08-22 14:42:01,938 [INFO] DbMcusAds:125 - Set database path to: /home/razam/.stmcufinder/plugins/mcufinder//mcu/
2026-08-22 14:42:01,939 [INFO] CrossReferenceDbSqlite:203 - Set database path to: /home/razam/.stmcufinder/plugins/mcufinder//mcu/cs/
2026-08-22 14:42:02,030 [INFO] RulesReader:64 - Compatibility file has been processed (317 Rules)
2026-08-22 14:42:02,068 [INFO] DbMcusXml:78 - Set database path to: /opt/st/stm32cubeide_1.19.0/plugins/com.st.stm32cube.common.mx_6.15.0.202507011659//db//mcu/
2026-08-22 14:42:02,068 [INFO] ApiDb:274 - Set plugin database path to: /opt/st/stm32cubeide_1.19.0/plugins/com.st.stm32cube.common.mx_6.15.0.202507011659//db//plugins/boardmanager/
2026-08-22 14:42:02,068 [INFO] ApiDb:261 - Set plugin images path to: /opt/st/stm32cubeide_1.19.0/plugins/com.st.stm32cube.common.mx_6.15.0.202507011659//db//plugins/mcufinder/images/
2026-08-22 14:42:02,068 [WARN] DbFile:41 - Overriding database path with different value: /home/razam/.stmcufinder/plugins/mcufinder/ => /home/razam/.stmcufinder/plugins/mcufinder
2026-08-22 14:42:02,068 [INFO] ApiDb:250 - Set database path to: /home/razam/.stmcufinder/plugins/mcufinder//mcu/
2026-08-22 14:42:02,068 [WARN] DbFile:41 - Overriding database path with different value: /home/razam/.stmcufinder/plugins/mcufinder/ => /home/razam/.stmcufinder/plugins/mcufinder
2026-08-22 14:42:02,068 [INFO] DbMcusAds:125 - Set database path to: /home/razam/.stmcufinder/plugins/mcufinder//mcu/
2026-08-22 14:42:02,068 [WARN] DbFile:41 - Overriding database path with different value: /home/razam/.stmcufinder/plugins/mcufinder/ => /home/razam/.stmcufinder/plugins/mcufinder
2026-08-22 14:42:02,068 [WARN] DbFile:41 - Overriding database path with different value: /home/razam/.stmcufinder/plugins/mcufinder/ => /home/razam/.stmcufinder/plugins/mcufinder
2026-08-22 14:42:02,068 [INFO] CrossReferenceDbSqlite:203 - Set database path to: /home/razam/.stmcufinder/plugins/mcufinder//mcu/cs/
2026-08-22 14:42:02,115 [INFO] MainPanel:274 - HeapMemory: 268435456
2026-08-22 14:42:02,211 [INFO] DbMcusXml:78 - Set database path to: /opt/st/stm32cubeide_1.19.0/plugins/com.st.stm32cube.common.mx_6.15.0.202507011659//db//mcu/
2026-08-22 14:42:02,211 [INFO] ApiDb:274 - Set plugin database path to: /opt/st/stm32cubeide_1.19.0/plugins/com.st.stm32cube.common.mx_6.15.0.202507011659//db//plugins/boardmanager/
2026-08-22 14:42:02,211 [INFO] ApiDb:261 - Set plugin images path to: /opt/st/stm32cubeide_1.19.0/plugins/com.st.stm32cube.common.mx_6.15.0.202507011659//db//plugins/mcufinder/images/
2026-08-22 14:42:02,211 [WARN] DbFile:41 - Overriding database path with different value: /home/razam/.stmcufinder/plugins/mcufinder/ => /home/razam/.stmcufinder/plugins/mcufinder
2026-08-22 14:42:02,211 [INFO] ApiDb:250 - Set database path to: /home/razam/.stmcufinder/plugins/mcufinder//mcu/
2026-08-22 14:42:02,211 [WARN] DbFile:41 - Overriding database path with different value: /home/razam/.stmcufinder/plugins/mcufinder/ => /home/razam/.stmcufinder/plugins/mcufinder
2026-08-22 14:42:02,211 [INFO] DbMcusAds:125 - Set database path to: /home/razam/.stmcufinder/plugins/mcufinder//mcu/
2026-08-22 14:42:02,211 [WARN] DbFile:41 - Overriding database path with different value: /home/razam/.stmcufinder/plugins/mcufinder/ => /home/razam/.stmcufinder/plugins/mcufinder
2026-08-22 14:42:02,212 [WARN] DbFile:41 - Overriding database path with different value: /home/razam/.stmcufinder/plugins/mcufinder/ => /home/razam/.stmcufinder/plugins/mcufinder
2026-08-22 14:42:02,212 [INFO] CrossReferenceDbSqlite:203 - Set database path to: /home/razam/.stmcufinder/plugins/mcufinder//mcu/cs/
2026-08-22 14:42:02,220 [INFO] ApplicationProperties:184 - Using Application install path: /opt/st/stm32cubeide_1.19.0/plugins/com.st.stm32cube.common.mx_6.15.0.202507011659
2026-08-22 14:42:02,221 [INFO] PluginManage:196 - Search for loadable plugins [exclusion list=, ]
2026-08-22 14:42:02,222 [INFO] PluginManage:310 - Check plugin analytics
2026-08-22 14:42:02,350 [INFO] AnalyticsPlugin:253 - Accepted Software Licenses: 
2026-08-22 14:42:02,350 [INFO] AnalyticsPlugin:255 - Accepted CMSIS Pack Licenses: 
2026-08-22 14:42:02,350 [INFO] AnalyticsPlugin:257 - Accepted Firmware Licenses: 
2026-08-22 14:42:02,351 [INFO] PluginManage:359 - Loaded plugin analytics (category:tool,tabindex:-1)
2026-08-22 14:42:02,352 [INFO] PluginManage:310 - Check plugin cadmodel
2026-08-22 14:42:02,356 [INFO] CADModel:105 - Init CAD model plugin
2026-08-22 14:42:02,357 [INFO] PluginManage:359 - Loaded plugin cadmodel (category:power,tabindex:5)
2026-08-22 14:42:02,357 [INFO] PluginManage:310 - Check plugin clock
2026-08-22 14:42:02,364 [INFO] PluginManage:359 - Loaded plugin clock (category:base,tabindex:2)
2026-08-22 14:42:02,365 [INFO] PluginManage:310 - Check plugin ddr
2026-08-22 14:42:02,367 [INFO] PluginManage:359 - Loaded plugin ddr (category:tool,tabindex:6)
2026-08-22 14:42:02,367 [INFO] PluginManage:310 - Check plugin filemanager
2026-08-22 14:42:02,461 [INFO] PluginManage:359 - Loaded plugin filemanager (category:base,tabindex:10)
2026-08-22 14:42:02,461 [INFO] PluginManage:310 - Check plugin ipmanager
2026-08-22 14:42:02,466 [INFO] PluginManage:359 - Loaded plugin ipmanager (category:base,tabindex:5)
2026-08-22 14:42:02,466 [INFO] PluginManage:310 - Check plugin lpbam
2026-08-22 14:42:02,473 [INFO] PluginManage:359 - Loaded plugin lpbam (category:base,tabindex:0)
2026-08-22 14:42:02,473 [INFO] PluginManage:310 - Check plugin memorymap
2026-08-22 14:42:02,485 [INFO] PluginManage:359 - Loaded plugin memorymap (category:base,tabindex:4)
2026-08-22 14:42:02,485 [INFO] PluginManage:310 - Check plugin pinoutandconfiguration
2026-08-22 14:42:02,491 [INFO] PluginManage:359 - Loaded plugin pinoutandconfiguration (category:base,tabindex:1)
2026-08-22 14:42:02,491 [INFO] PluginManage:310 - Check plugin pinoutconfig
2026-08-22 14:42:02,544 [WARN] SupportedApi:132 - Cannot load RTOS API schema: s4s-elt-must-match.1: The content of 'definitions' must match (annotation?, (simpleType | complexType)?, (unique | key | keyref)*)). A problem was found starting at: attribute.
2026-08-22 14:42:02,633 [INFO] PluginManage:359 - Loaded plugin pinoutconfig (category:base,tabindex:0)
2026-08-22 14:42:02,633 [INFO] PluginManage:310 - Check plugin power
2026-08-22 14:42:02,645 [INFO] PluginManage:359 - Loaded plugin power (category:power,tabindex:4)
2026-08-22 14:42:02,645 [INFO] PluginManage:310 - Check plugin projectmanager
2026-08-22 14:42:02,657 [INFO] PluginManage:359 - Loaded plugin projectmanager (category:projectmanager,tabindex:4)
2026-08-22 14:42:02,658 [INFO] PluginManage:310 - Check plugin rif
2026-08-22 14:42:02,666 [INFO] PluginManage:359 - Loaded plugin rif (category:base,tabindex:3)
2026-08-22 14:42:02,667 [INFO] PluginManage:310 - Check plugin thirdparty
2026-08-22 14:42:02,788 [INFO] PluginManage:359 - Loaded plugin thirdparty (category:base,tabindex:-1)
2026-08-22 14:42:02,788 [INFO] PluginManage:310 - Check plugin tools
2026-08-22 14:42:02,787 [WARN] IntegrityCheckThread:84 - waiting for thirdparty lock release [integrity check]
2026-08-22 14:42:02,788 [INFO] IntegrityCheckThread:86 - entering critical section [integrity check]
2026-08-22 14:42:02,789 [INFO] ThirdPartyUpdaterWithRetryManager:70 - Updater plugin not ready yet. [1/15]
2026-08-22 14:42:02,791 [INFO] PluginManage:359 - Loaded plugin tools (category:base,tabindex:7)
2026-08-22 14:42:02,791 [INFO] PluginManage:310 - Check plugin tutovideos
2026-08-22 14:42:03,185 [INFO] PluginManage:359 - Loaded plugin tutovideos (category:base,tabindex:-1)
2026-08-22 14:42:03,186 [INFO] PluginManage:310 - Check plugin updater
2026-08-22 14:42:03,297 [INFO] PluginManage:359 - Loaded plugin updater (category:base,tabindex:12)
2026-08-22 14:42:03,298 [INFO] PluginManage:310 - Check plugin userauth
2026-08-22 14:42:03,315 [INFO] UserAuth:118 - Init User Auth plugin
2026-08-22 14:42:03,325 [INFO] PluginManage:359 - Loaded plugin userauth (category:base,tabindex:14)
2026-08-22 14:42:03,335 [INFO] PluginManage:283 - PluginManage : Loaded plugins [18]
2026-08-22 14:42:03,873 [INFO] PinOutPanel:1589 - setPackage(No Configuration,No Configuration)
2026-08-22 14:42:03,952 [INFO] CADModel:165 - CPN selected for project level
2026-08-22 14:42:03,953 [INFO] CADModel:114 - Register for checkConnection events
2026-08-22 14:42:03,983 [INFO] IPUIPlugin:80 - create IPUIPlugin
2026-08-22 14:42:03,984 [INFO] PluginManager:220 - loadIPPluginJar : add adc
2026-08-22 14:42:03,988 [INFO] IPUIPlugin:80 - create IPUIPlugin
2026-08-22 14:42:03,989 [INFO] PluginManager:220 - loadIPPluginJar : add aes
2026-08-22 14:42:03,995 [INFO] IPUIPlugin:80 - create IPUIPlugin
2026-08-22 14:42:03,996 [INFO] PluginManager:220 - loadIPPluginJar : add can
2026-08-22 14:42:03,998 [INFO] IPUIPlugin:80 - create IPUIPlugin
2026-08-22 14:42:03,998 [INFO] PluginManager:220 - loadIPPluginJar : add comp
2026-08-22 14:42:04,002 [INFO] IPUIPlugin:80 - create IPUIPlugin
2026-08-22 14:42:04,002 [INFO] PluginManager:220 - loadIPPluginJar : add cryp
2026-08-22 14:42:04,006 [INFO] IPUIPlugin:80 - create IPUIPlugin
2026-08-22 14:42:04,007 [INFO] PluginManager:220 - loadIPPluginJar : add ddr_ctrl_phy
2026-08-22 14:42:04,009 [INFO] IPUIPlugin:80 - create IPUIPlugin
2026-08-22 14:42:04,009 [INFO] PluginManager:220 - loadIPPluginJar : add dfsdm
2026-08-22 14:42:04,015 [INFO] IPUIPlugin:80 - create IPUIPlugin
2026-08-22 14:42:04,016 [INFO] PluginManager:220 - loadIPPluginJar : add dma
2026-08-22 14:42:04,021 [INFO] IPUIPlugin:80 - create IPUIPlugin
2026-08-22 14:42:04,021 [INFO] PluginManager:220 - loadIPPluginJar : add dma3
2026-08-22 14:42:04,024 [INFO] IPUIPlugin:80 - create IPUIPlugin
2026-08-22 14:42:04,024 [INFO] PluginManager:220 - loadIPPluginJar : add extmemmanager
2026-08-22 14:42:04,026 [INFO] IPUIPlugin:80 - create IPUIPlugin
2026-08-22 14:42:04,026 [INFO] PluginManager:220 - loadIPPluginJar : add fatfs
2026-08-22 14:42:04,030 [INFO] IPUIPlugin:80 - create IPUIPlugin
2026-08-22 14:42:04,031 [INFO] PluginManager:220 - loadIPPluginJar : add fmc
2026-08-22 14:42:04,039 [INFO] IPUIPlugin:80 - create IPUIPlugin
2026-08-22 14:42:04,040 [INFO] PluginManager:220 - loadIPPluginJar : add freertos
2026-08-22 14:42:04,041 [INFO] IPUIPlugin:80 - create IPUIPlugin
2026-08-22 14:42:04,042 [INFO] PluginManager:220 - loadIPPluginJar : add genericplugin
2026-08-22 14:42:04,044 [INFO] IPUIPlugin:80 - create IPUIPlugin
2026-08-22 14:42:04,044 [INFO] PluginManager:220 - loadIPPluginJar : add gfxmmu
2026-08-22 14:42:04,053 [INFO] IPUIPlugin:80 - create IPUIPlugin
2026-08-22 14:42:04,054 [INFO] PluginManager:220 - loadIPPluginJar : add gic
2026-08-22 14:42:04,058 [INFO] IPUIPlugin:80 - create IPUIPlugin
2026-08-22 14:42:04,059 [INFO] PluginManager:220 - loadIPPluginJar : add gpio
2026-08-22 14:42:04,062 [INFO] IPUIPlugin:80 - create IPUIPlugin
2026-08-22 14:42:04,062 [INFO] PluginManager:220 - loadIPPluginJar : add gtzc
2026-08-22 14:42:04,065 [INFO] IPUIPlugin:80 - create IPUIPlugin
2026-08-22 14:42:04,065 [INFO] PluginManager:220 - loadIPPluginJar : add hash
2026-08-22 14:42:04,068 [INFO] IPUIPlugin:80 - create IPUIPlugin
2026-08-22 14:42:04,069 [INFO] PluginManager:220 - loadIPPluginJar : add i2c
2026-08-22 14:42:04,071 [INFO] IPUIPlugin:80 - create IPUIPlugin
2026-08-22 14:42:04,072 [INFO] PluginManager:220 - loadIPPluginJar : add i2s
2026-08-22 14:42:04,074 [INFO] IPUIPlugin:80 - create IPUIPlugin
2026-08-22 14:42:04,075 [INFO] PluginManager:220 - loadIPPluginJar : add i3c
2026-08-22 14:42:04,078 [INFO] IPUIPlugin:80 - create IPUIPlugin
2026-08-22 14:42:04,078 [INFO] PluginManager:220 - loadIPPluginJar : add ipddr
2026-08-22 14:42:04,087 [INFO] IPUIPlugin:80 - create IPUIPlugin
2026-08-22 14:42:04,087 [INFO] PluginManager:220 - loadIPPluginJar : add linkedlist
2026-08-22 14:42:04,090 [INFO] IPUIPlugin:80 - create IPUIPlugin
2026-08-22 14:42:04,090 [INFO] PluginManager:220 - loadIPPluginJar : add lorawan
2026-08-22 14:42:04,091 [INFO] IPUIPlugin:80 - create IPUIPlugin
2026-08-22 14:42:04,092 [INFO] PluginManager:220 - loadIPPluginJar : add ltdc
2026-08-22 14:42:04,098 [INFO] IPUIPlugin:80 - create IPUIPlugin
2026-08-22 14:42:04,099 [INFO] PluginManager:220 - loadIPPluginJar : add mdma
2026-08-22 14:42:04,103 [INFO] IPUIPlugin:80 - create IPUIPlugin
2026-08-22 14:42:04,104 [INFO] PluginManager:220 - loadIPPluginJar : add nvic
2026-08-22 14:42:04,107 [INFO] IPUIPlugin:80 - create IPUIPlugin
2026-08-22 14:42:04,107 [INFO] PluginManager:220 - loadIPPluginJar : add opamp
2026-08-22 14:42:04,110 [INFO] IPUIPlugin:80 - create IPUIPlugin
2026-08-22 14:42:04,111 [INFO] PluginManager:220 - loadIPPluginJar : add openamp
2026-08-22 14:42:04,114 [INFO] IPUIPlugin:80 - create IPUIPlugin
2026-08-22 14:42:04,114 [INFO] PluginManager:220 - loadIPPluginJar : add pdm2pcm
2026-08-22 14:42:04,122 [INFO] IPUIPlugin:80 - create IPUIPlugin
2026-08-22 14:42:04,125 [INFO] PluginManager:220 - loadIPPluginJar : add plateformsettings
2026-08-22 14:42:04,126 [INFO] IPUIPlugin:80 - create IPUIPlugin
2026-08-22 14:42:04,126 [INFO] PluginManager:220 - loadIPPluginJar : add quadspi
2026-08-22 14:42:04,128 [INFO] IPUIPlugin:80 - create IPUIPlugin
2026-08-22 14:42:04,128 [INFO] PluginManager:220 - loadIPPluginJar : add radio
2026-08-22 14:42:04,131 [INFO] IPUIPlugin:80 - create IPUIPlugin
2026-08-22 14:42:04,131 [INFO] PluginManager:220 - loadIPPluginJar : add resmgrutility
2026-08-22 14:42:04,134 [INFO] IPUIPlugin:80 - create IPUIPlugin
2026-08-22 14:42:04,134 [INFO] PluginManager:220 - loadIPPluginJar : add sai
2026-08-22 14:42:04,137 [INFO] IPUIPlugin:80 - create IPUIPlugin
2026-08-22 14:42:04,137 [INFO] PluginManager:220 - loadIPPluginJar : add spi
2026-08-22 14:42:04,143 [INFO] IPUIPlugin:80 - create IPUIPlugin
2026-08-22 14:42:04,144 [INFO] PluginManager:220 - loadIPPluginJar : add stm32_wpan
2026-08-22 14:42:04,145 [INFO] IPUIPlugin:80 - create IPUIPlugin
2026-08-22 14:42:04,145 [INFO] PluginManager:220 - loadIPPluginJar : add tim
2026-08-22 14:42:04,148 [INFO] IPUIPlugin:80 - create IPUIPlugin
2026-08-22 14:42:04,148 [INFO] PluginManager:220 - loadIPPluginJar : add touchsensing
2026-08-22 14:42:04,150 [INFO] IPUIPlugin:80 - create IPUIPlugin
2026-08-22 14:42:04,150 [INFO] PluginManager:220 - loadIPPluginJar : add tracer_emb
2026-08-22 14:42:04,152 [INFO] IPUIPlugin:80 - create IPUIPlugin
2026-08-22 14:42:04,153 [INFO] PluginManager:220 - loadIPPluginJar : add ts
2026-08-22 14:42:04,155 [INFO] IPUIPlugin:80 - create IPUIPlugin
2026-08-22 14:42:04,155 [INFO] PluginManager:220 - loadIPPluginJar : add tsc
2026-08-22 14:42:04,157 [INFO] IPUIPlugin:80 - create IPUIPlugin
2026-08-22 14:42:04,157 [INFO] PluginManager:220 - loadIPPluginJar : add ucpd
2026-08-22 14:42:04,159 [INFO] IPUIPlugin:80 - create IPUIPlugin
2026-08-22 14:42:04,159 [INFO] PluginManager:220 - loadIPPluginJar : add usart
2026-08-22 14:42:04,162 [INFO] IPUIPlugin:80 - create IPUIPlugin
2026-08-22 14:42:04,162 [INFO] PluginManager:220 - loadIPPluginJar : add usbx
2026-08-22 14:42:04,280 [FATAL] Updater:351 - Updater called before beeing initialized
2026-08-22 14:42:04,327 [INFO] RulesReader:64 - Compatibility file has been processed (317 Rules)
2026-08-22 14:42:04,344 [INFO] RulesReader:64 - Compatibility file has been processed (317 Rules)
2026-08-22 14:42:04,355 [INFO] CADModel:165 - CPN selected for project level
2026-08-22 14:42:04,356 [INFO] CADModel:114 - Register for checkConnection events
2026-08-22 14:42:04,356 [FATAL] Updater:351 - Updater called before beeing initialized
2026-08-22 14:42:04,356 [ERROR] CADModel:125 - Updater not yet initialized, retry later 
2026-08-22 14:42:04,608 [FATAL] Updater:351 - Updater called before beeing initialized
2026-08-22 14:42:04,611 [INFO] CADModel:165 - CPN selected for project level
2026-08-22 14:42:04,611 [INFO] CADModel:114 - Register for checkConnection events
2026-08-22 14:42:04,611 [FATAL] Updater:351 - Updater called before beeing initialized
2026-08-22 14:42:04,611 [ERROR] CADModel:125 - Updater not yet initialized, retry later 
2026-08-22 14:42:04,620 [FATAL] Updater:351 - Updater called before beeing initialized
2026-08-22 14:42:04,798 [FATAL] Updater:351 - Updater called before beeing initialized
2026-08-22 14:42:04,805 [INFO] DbMcusAds:53 - JSON generation date=Thu Sep 30 02:55:09 EDT 2021 (1632984909247)
2026-08-22 14:42:04,806 [FATAL] Updater:351 - Updater called before beeing initialized
2026-08-22 14:42:04,855 [WARN] DetailPanel:346 - Failed to get advertising image, set to default
2026-08-22 14:42:04,929 [FATAL] Updater:351 - Updater called before beeing initialized
2026-08-22 14:42:04,931 [FATAL] Updater:351 - Updater called before beeing initialized
2026-08-22 14:42:04,931 [FATAL] Updater:351 - Updater called before beeing initialized
2026-08-22 14:42:04,931 [WARN] DetailPanel:346 - Failed to get advertising image, set to default
2026-08-22 14:42:04,932 [FATAL] Updater:351 - Updater called before beeing initialized
2026-08-22 14:42:04,964 [ERROR] Updater:1198 - MainUpdater not yet initialized. External WinMGr cannot be set.
2026-08-22 14:42:04,967 [INFO] Updater:1134 - Updater Version found : 6.15.0
2026-08-22 14:42:04,990 [INFO] ApplicationProperties:184 - Using Application install path: /opt/st/stm32cubeide_1.19.0/plugins/com.st.stm32cube.common.mx_6.15.0.202507011659
2026-08-22 14:42:05,267 [INFO] MainUpdater:2872 - connection check result : 10
2026-08-22 14:42:05,268 [INFO] MainUpdater:289 - Updater Check For Update Now.
2026-08-22 14:42:05,268 [INFO] MicroXplorer:498 - Change Database Version : DB.6.0.150
2026-08-22 14:42:05,273 [INFO] McuFinderGlobals:63 - Set McuFinder mode to 2 (CubeIDE integrated)
2026-08-22 14:42:05,273 [INFO] UserAuth:171 - activating auth plugin
2026-08-22 14:42:05,276 [INFO] UserAuth:487 - Internet connection configuration mode: 1
2026-08-22 14:42:05,301 [INFO] JxBrowserEngine:152 - Initiate JxBrowser Engine with user profile folder
2026-08-22 14:42:05,495 [INFO] CheckServerUpdateThread:120 - End of CheckServer Thread
2026-08-22 14:42:06,209 [WARN] PackLoader:240 - Cannot read IP mode file for STMicroelectronics.X-CUBE-AZRTOS-H7.3.5.0
2026-08-22 14:42:06,238 [WARN] PackLoader:240 - Cannot read IP mode file for STMicroelectronics.FP-ATR-ASTRA1.2.0.3
2026-08-22 14:42:06,249 [WARN] PackLoader:240 - Cannot read IP mode file for STMicroelectronics.FP-ATR-ASTRA1.2.0.2
2026-08-22 14:42:06,265 [ERROR] Engine:466 - /home/razam/.stm32cubemx/thirdparties/pdsc/STMicroelectronics.X-CUBE-SMBUS.2.1.1.pdsc: PDSC version is not supported
2026-08-22 14:42:06,299 [WARN] PackLoader:240 - Cannot read IP mode file for STMicroelectronics.X-CUBE-AZRTOS-F7.1.1.0
2026-08-22 14:42:06,322 [WARN] PackLoader:240 - Cannot read IP mode file for STMicroelectronics.X-CUBE-FREERTOS.1.6.0
2026-08-22 14:42:06,344 [WARN] PackLoader:240 - Cannot read IP mode file for STMicroelectronics.FP-SNS-MOTENV1.5.1.0
2026-08-22 14:42:06,404 [WARN] PackLoader:240 - Cannot read IP mode file for STMicroelectronics.X-CUBE-AZRTOS-H7RS.1.3.0
2026-08-22 14:42:06,434 [WARN] PackLoader:240 - Cannot read IP mode file for WES.I-CUBE-Cesium.1.4.0
2026-08-22 14:42:06,450 [WARN] PackLoader:240 - Cannot read IP mode file for STMicroelectronics.X-CUBE-DISPLAY.3.0.0
2026-08-22 14:42:06,473 [WARN] PackLoader:240 - Cannot read IP mode file for STMicroelectronics.X-CUBE-GNSS1.7.1.1
2026-08-22 14:42:06,487 [WARN] PackLoader:240 - Cannot read IP mode file for STMicroelectronics.FP-SNS-MOTENVWB1.1.5.0
2026-08-22 14:42:06,496 [WARN] PackLoader:240 - Cannot read IP mode file for wolfSSL.I-CUBE-wolfSSL.5.9.1
2026-08-22 14:42:06,510 [WARN] PackLoader:240 - Cannot read IP mode file for STMicroelectronics.X-CUBE-NFC10.1.0.0
2026-08-22 14:42:06,523 [WARN] PackLoader:240 - Cannot read IP mode file for STMicroelectronics.X-CUBE-ST60.1.1.0
2026-08-22 14:42:06,537 [WARN] PackLoader:240 - Cannot read IP mode file for emotas.I-CUBE-CANOPEN.1.3.0
2026-08-22 14:42:06,545 [ERROR] Engine:466 - /home/razam/.stm32cubemx/thirdparties/pdsc/STMicroelectronics.X-CUBE-WBA.1.1.0.pdsc: PDSC version is not supported
2026-08-22 14:42:06,577 [WARN] PackLoader:240 - Cannot read IP mode file for STMicroelectronics.FP-SNS-STBOX1.2.1.0
2026-08-22 14:42:06,593 [WARN] PackLoader:240 - Cannot read IP mode file for STMicroelectronics.FP-SNS-SMARTAG2.1.2.0
2026-08-22 14:42:06,610 [WARN] PackLoader:240 - Cannot read IP mode file for STMicroelectronics.FP-SNS-FLIGHT1.5.1.0
2026-08-22 14:42:06,628 [INFO] WebApp:169 - Instantiating new browser for Auth
2026-08-22 14:42:06,636 [INFO] LogOutputStream:77 - [STDOUT_REDIRECT] 1 : Invalid condition id : UX_CORESTACK_Condition cause : null
2026-08-22 14:42:06,639 [INFO] LogOutputStream:77 - [STDOUT_REDIRECT] 1 : Invalid condition id : UX_CORESTACK_Condition cause : null
2026-08-22 14:42:06,641 [INFO] LogOutputStream:77 - [STDOUT_REDIRECT] 1 : Invalid condition id : UX_CORESTACK_Condition cause : null
2026-08-22 14:42:06,642 [INFO] LogOutputStream:77 - [STDOUT_REDIRECT] 1 : Invalid condition id : UX_CORESTACK_Condition cause : null
2026-08-22 14:42:06,643 [INFO] LogOutputStream:77 - [STDOUT_REDIRECT] 1 : Invalid condition id : UX_CORESTACK_Condition cause : null
2026-08-22 14:42:06,649 [WARN] PackLoader:240 - Cannot read IP mode file for STMicroelectronics.X-CUBE-AZRTOS-WL.2.0.0
2026-08-22 14:42:06,756 [WARN] PackLoader:240 - Cannot read IP mode file for STMicroelectronics.X-CUBE-AZRTOS-H7RS.1.2.0
2026-08-22 14:42:06,780 [WARN] PackLoader:240 - Cannot read IP mode file for STMicroelectronics.X-CUBE-BLE2.3.3.0
2026-08-22 14:42:06,849 [WARN] PackLoader:240 - Cannot read IP mode file for Infineon.AIROC-Wi-Fi-Bluetooth-STM32.1.8.0
2026-08-22 14:42:06,874 [WARN] PackLoader:240 - Cannot read IP mode file for STMicroelectronics.X-CUBE-NFC9.1.0.0
2026-08-22 14:42:06,891 [WARN] PackLoader:240 - Cannot read IP mode file for STMicroelectronics.X-CUBE-BLE1.7.1.0
2026-08-22 14:42:06,900 [WARN] PackLoader:240 - Cannot read IP mode file for wolfSSL.I-CUBE-wolfMQTT.1.19.2
2026-08-22 14:42:06,913 [WARN] PackLoader:240 - Cannot read IP mode file for STMicroelectronics.X-CUBE-EEPRMA1.5.2.0
2026-08-22 14:42:06,932 [WARN] PackLoader:240 - Cannot read IP mode file for STMicroelectronics.FP-SNS-STAIOTCFT.1.1.0
2026-08-22 14:42:06,962 [WARN] PackLoader:240 - Cannot read IP mode file for STMicroelectronics.X-CUBE-AZRTOS-G0.1.1.0
2026-08-22 14:42:06,977 [WARN] PackLoader:240 - Cannot read IP mode file for STMicroelectronics.X-CUBE-NFC4.3.0.0
2026-08-22 14:42:06,991 [WARN] PackLoader:240 - Cannot read IP mode file for EmbeddedOffice.I-CUBE-FS-RTOS.1.0.1
2026-08-22 14:42:06,997 [WARN] PackLoader:240 - Cannot read IP mode file for wolfSSL.I-CUBE-wolfTPM.3.8.0
2026-08-22 14:42:07,010 [WARN] PackLoader:240 - Cannot read IP mode file for STMicroelectronics.X-CUBE-TCPP.4.2.0
2026-08-22 14:42:07,023 [WARN] PackLoader:240 - Cannot read IP mode file for RealThread.X-CUBE-RT-Thread_Nano.4.1.1
2026-08-22 14:42:07,029 [WARN] PackLoader:240 - Cannot read IP mode file for STMicroelectronics.FP-ATR-SIGFOX1.3.2.0
2026-08-22 14:42:07,037 [WARN] PackLoader:240 - Cannot read IP mode file for STMicroelectronics.X-CUBE-FREERTOS.1.5.0
2026-08-22 14:42:07,043 [WARN] PackLoader:240 - Cannot read IP mode file for ITTIA_DB.I-CUBE-ITTIADB.8.9.0
2026-08-22 14:42:07,046 [WARN] PackLoader:240 - Cannot read IP mode file for Cesanta.I-CUBE-Mongoose.7.21.7
2026-08-22 14:42:07,052 [WARN] PackLoader:240 - Cannot read IP mode file for STMicroelectronics.X-CUBE-NFC6.3.2.0
2026-08-22 14:42:07,062 [WARN] PackLoader:240 - Cannot read IP mode file for STMicroelectronics.X-CUBE-AI.10.2.1
2026-08-22 14:42:07,135 [WARN] PackLoader:240 - Cannot read IP mode file for STMicroelectronics.X-CUBE-MEMS1.12.1.0
2026-08-22 14:42:07,350 [WARN] PackLoader:240 - Cannot read IP mode file for SEGGER.I-CUBE-embOS.1.3.1
2026-08-22 14:42:07,444 [WARN] PackLoader:240 - Cannot read IP mode file for STMicroelectronics.X-CUBE-NFC13.1.0.0
2026-08-22 14:42:07,454 [WARN] PackLoader:240 - Cannot read IP mode file for STMicroelectronics.X-CUBE-PM33A1.1.0.0
2026-08-22 14:42:07,471 [WARN] PackLoader:240 - Cannot read IP mode file for STMicroelectronics.X-CUBE-AZRTOS-F4.1.1.0
2026-08-22 14:42:07,477 [WARN] PackLoader:240 - Cannot read IP mode file for STMicroelectronics.X-CUBE-ISPU.2.1.0
2026-08-22 14:42:07,497 [WARN] PackLoader:240 - Cannot read IP mode file for STMicroelectronics.X-CUBE-IPS.3.2.0
2026-08-22 14:42:07,514 [WARN] PackLoader:240 - Cannot read IP mode file for STMicroelectronics.eDS-WB_DPC_TT-BIDIR.2.1.1
2026-08-22 14:42:07,521 [WARN] PackLoader:240 - Cannot read IP mode file for STMicroelectronics.X-CUBE-NFC12.1.0.0
2026-08-22 14:42:07,544 [WARN] PackLoader:240 - Cannot read IP mode file for STMicroelectronics.X-CUBE-AZRTOS-L5.2.0.0
2026-08-22 14:42:07,553 [WARN] PackLoader:240 - Cannot read IP mode file for STMicroelectronics.X-CUBE-ALGOBUILD.1.5.0
2026-08-22 14:42:07,557 [WARN] PackLoader:240 - Cannot read IP mode file for STMicroelectronics.eDS-WB_DPC_VIENNA.1.2.0
2026-08-22 14:42:07,590 [WARN] PackLoader:240 - Cannot read IP mode file for STMicroelectronics.X-CUBE-MEMS1.13.0.0
2026-08-22 14:42:07,693 [WARN] PackLoader:240 - Cannot read IP mode file for STMicroelectronics.eDS-WB_DPC_3PH2L-BIDIR.1.1.1
2026-08-22 14:42:07,702 [ERROR] Engine:466 - /home/razam/.stm32cubemx/thirdparties/pdsc/STMicroelectronics.X-CUBE-ST67W61.1.3.0.pdsc: PDSC version is not supported
2026-08-22 14:42:07,713 [WARN] PackLoader:240 - Cannot read IP mode file for STMicroelectronics.X-CUBE-TOUCHGFX.4.26.1
2026-08-22 14:42:07,724 [WARN] PackLoader:240 - Cannot read IP mode file for STMicroelectronics.X-CUBE-DPower.1.3.0
2026-08-22 14:42:07,802 [WARN] ConditionMgr:438 - getConditionDescription Invalid condition id : LAN8742 Phy interface Condition cause : null
2026-08-22 14:42:07,805 [WARN] PackLoader:240 - Cannot read IP mode file for STMicroelectronics.X-CUBE-AZRTOS-L4.2.0.0
2026-08-22 14:42:07,809 [WARN] ConditionMgr:1044 - genDependencies : Invalid condition id : LAN8742 Phy interface Condition cause : null
2026-08-22 14:42:07,810 [WARN] ConditionMgr:1044 - genDependencies : Invalid condition id : LAN8742 Phy interface Condition cause : null
2026-08-22 14:42:07,811 [WARN] ConditionMgr:1044 - genDependencies : Invalid condition id : LAN8742 Phy interface Condition cause : null
2026-08-22 14:42:07,832 [WARN] PackLoader:240 - Cannot read IP mode file for STMicroelectronics.X-CUBE-SFXS2LP1.4.0.0
2026-08-22 14:42:07,846 [WARN] PackLoader:240 - Cannot read IP mode file for STMicroelectronics.X-CUBE-WB05N.2.1.0
2026-08-22 14:42:07,867 [WARN] PackLoader:240 - Cannot read IP mode file for STMicroelectronics.X-CUBE-BLEMGR.4.1.0
2026-08-22 14:42:07,900 [WARN] ConditionMgr:438 - getConditionDescription Invalid condition id : UX DEVICE CLASS RTOS Condition cause : null
2026-08-22 14:42:07,901 [WARN] ConditionMgr:438 - getConditionDescription Invalid condition id : UX DEVICE CLASS RTOS Condition cause : null
2026-08-22 14:42:07,907 [WARN] PackLoader:240 - Cannot read IP mode file for STMicroelectronics.X-CUBE-AZRTOS-WB.2.0.0
2026-08-22 14:42:07,909 [WARN] ConditionMgr:1044 - genDependencies : Invalid condition id : UX DEVICE CLASS RTOS Condition cause : null
2026-08-22 14:42:07,909 [WARN] ConditionMgr:1044 - genDependencies : Invalid condition id : UX DEVICE CLASS RTOS Condition cause : null
2026-08-22 14:42:07,911 [WARN] ConditionMgr:1044 - genDependencies : Invalid condition id : UX DEVICE CLASS RTOS Condition cause : null
2026-08-22 14:42:07,912 [WARN] ConditionMgr:1044 - genDependencies : Invalid condition id : UX DEVICE CLASS RTOS Condition cause : null
2026-08-22 14:42:07,912 [WARN] ConditionMgr:1044 - genDependencies : Invalid condition id : UX DEVICE CLASS RTOS Condition cause : null
2026-08-22 14:42:07,923 [WARN] ConditionMgr:438 - getConditionDescription Invalid condition id : Cortex-A Device cause : null
2026-08-22 14:42:07,947 [WARN] ConditionMgr:1044 - genDependencies : Invalid condition id : Cortex-A Device cause : null
2026-08-22 14:42:07,948 [WARN] ConditionMgr:1044 - genDependencies : Invalid condition id : Cortex-A Device cause : null
2026-08-22 14:42:07,949 [WARN] ConditionMgr:1044 - genDependencies : Invalid condition id : Cortex-A Device cause : null
2026-08-22 14:42:07,964 [WARN] PackLoader:240 - Cannot read IP mode file for STMicroelectronics.X-CUBE-STSE01.2.0.0
2026-08-22 14:42:07,989 [WARN] PackLoader:240 - Cannot read IP mode file for STMicroelectronics.X-CUBE-SUBG2.5.0.0
2026-08-22 14:42:08,012 [WARN] PackLoader:240 - Cannot read IP mode file for STMicroelectronics.X-CUBE-AZRTOS-G4.2.0.0
2026-08-22 14:42:08,021 [WARN] PackLoader:240 - Cannot read IP mode file for wolfSSL.I-CUBE-wolfSSH.1.4.20
2026-08-22 14:42:08,029 [WARN] PackLoader:240 - Cannot read IP mode file for STMicroelectronics.X-CUBE-NFC7.2.0.0
2026-08-22 14:42:08,038 [ERROR] Engine:466 - /home/razam/.stm32cubemx/thirdparties/pdsc/STMicroelectronics.X-CUBE-BLEMGR.4.2.0.pdsc: PDSC version is not supported
2026-08-22 14:42:08,046 [WARN] PackLoader:240 - Cannot read IP mode file for STMicroelectronics.X-CUBE-ALS.1.0.2
2026-08-22 14:42:08,065 [WARN] PackLoader:240 - Cannot read IP mode file for STMicroelectronics.X-CUBE-TOF1.3.4.3
2026-08-22 14:42:08,093 [INFO] ThirdParty:978 - Integrity check success = true
2026-08-22 14:42:08,094 [INFO] IntegrityCheckThread:100 - exiting critical section [integrity check]
2026-08-22 14:42:08,094 [INFO] IntegrityCheckThread:103 - End integrity checks thread
2026-08-22 14:42:08,159 [INFO] WebApp:463 - Apply proxy settings
2026-08-22 14:42:08,160 [INFO] WebApp:548 - Chromium requires no authentication
2026-08-22 14:42:08,182 [INFO] WebApp:491 - Direct internet connection detected
2026-08-22 14:42:08,234 [INFO] WebApp:900 - Register for checkConnection events
2026-08-22 14:42:08,235 [INFO] WebApp:463 - Apply proxy settings
2026-08-22 14:42:08,236 [INFO] WebApp:548 - Chromium requires no authentication
2026-08-22 14:42:08,238 [INFO] WebApp:491 - Direct internet connection detected
2026-08-22 14:42:08,551 [INFO] WebApp:225 - Starting web application
2026-08-22 14:42:08,552 [INFO] WebApp:593 - Web application path used /opt/st/stm32cubeide_1.19.0/plugins/com.st.stm32cube.common.mx_6.15.0.202507011659/db/plugins/mcufinder/reactClient1/index.html
2026-08-22 14:42:09,058 [INFO] WebApp:191 - Connection restablished
2026-08-22 14:42:17,003 [INFO] McuFinderGlobals:63 - Set McuFinder mode to 2 (CubeIDE integrated)
2026-08-22 14:42:17,006 [INFO] MainUpdater:2872 - connection check result : 10
2026-08-22 14:42:17,007 [INFO] MainUpdater:2872 - connection check result : 10
2026-08-22 14:42:17,021 [INFO] MicroXplorer:468 - Change Database Path : 
2026-08-22 14:42:17,021 [INFO] MicroXplorer:498 - Change Database Version : DB.6.0.150
2026-08-22 14:42:17,026 [WARN] ThirdParty:871 - waiting for thirdparty lock release [close project]
2026-08-22 14:42:17,027 [INFO] ThirdParty:873 - entering critical section [close project]
2026-08-22 14:42:17,027 [INFO] ThirdParty:883 - exiting critical section [close project]
2026-08-22 14:42:17,029 [INFO] PinOutPanel:1589 - setPackage(No Configuration,No Configuration)
2026-08-22 14:42:17,030 [INFO] UtilMem:75 - Begin LoadConfig() Used Memory: 234040144 Bytes (308281344)
2026-08-22 14:42:17,034 [INFO] MicroXplorer:468 - Change Database Path : /home/razam/.stm32cubemx/databases/DB.6.0.30/db/
2026-08-22 14:42:17,034 [INFO] MicroXplorer:498 - Change Database Version : DB.6.0.30
2026-08-22 14:42:18,826 [INFO] OpenFileManager:355 - Change cursor
2026-08-22 14:42:18,837 [INFO] Mcu:2029 - Initializing MCU STM32F072R(8-B)Tx STM32F072RBTx STM32F072RBT6
2026-08-22 14:42:19,583 [INFO] Context:786 - Trying to add GPIOservice into a context  which must be forbidden
2026-08-22 14:42:19,884 [INFO] ImportTextPane:234 - (OptionalMessage_ERROR) Pin17 (VP_RIF_VS_RIF1) cannot be retrieved for this MCU
2026-08-22 14:42:19,950 [INFO] RtosManager:558 - Registered RTOS mode: class=CMSIS, group=RTOS, mode=CMSIS_V1, owner=FREERTOS
2026-08-22 14:42:19,950 [INFO] RtosManager:558 - Registered RTOS mode: class=CMSIS, group=RTOS2, mode=CMSIS_V2, owner=FREERTOS
2026-08-22 14:42:19,950 [INFO] RtosManager:558 - Registered RTOS mode: class=RTOS, group=Core, mode=CMSIS_V1, owner=FREERTOS
2026-08-22 14:42:19,950 [INFO] RtosManager:558 - Registered RTOS mode: class=RTOS, group=Core, mode=CMSIS_V2, owner=FREERTOS
2026-08-22 14:42:19,950 [WARN] ModelIntegratedComponent:184 - Missing modes for component STMicroelectronics:FreeRTOS:0.0.1:STMicroelectronics:RTOS:FreeRTOS:Core:::10.2.0:
2026-08-22 14:42:19,999 [WARN] ModelIntegratedComponent:63 - No mode defined for component null
2026-08-22 14:42:19,999 [WARN] ModelIntegratedComponent:63 - No mode defined for component null
2026-08-22 14:42:19,999 [WARN] ModelIntegratedComponent:63 - No mode defined for component null
2026-08-22 14:42:20,000 [WARN] ModelIntegratedComponent:63 - No mode defined for component null
2026-08-22 14:42:20,000 [WARN] ModelIntegratedComponent:63 - No mode defined for component null
2026-08-22 14:42:20,000 [WARN] ModelIntegratedComponent:63 - No mode defined for component null
2026-08-22 14:42:20,000 [WARN] ModelIntegratedComponent:63 - No mode defined for component null
2026-08-22 14:42:20,000 [WARN] ModelIntegratedComponent:63 - No mode defined for component null
2026-08-22 14:42:20,000 [WARN] ModelIntegratedComponent:63 - No mode defined for component null
2026-08-22 14:42:20,000 [WARN] ModelIntegratedComponent:63 - No mode defined for component null
2026-08-22 14:42:20,000 [WARN] ModelIntegratedComponent:63 - No mode defined for component null
2026-08-22 14:42:20,000 [WARN] ModelIntegratedComponent:63 - No mode defined for component null
2026-08-22 14:42:20,000 [WARN] ModelIntegratedComponent:63 - No mode defined for component null
2026-08-22 14:42:20,000 [WARN] ModelIntegratedComponent:63 - No mode defined for component null
2026-08-22 14:42:20,000 [WARN] ModelIntegratedComponent:63 - No mode defined for component null
2026-08-22 14:42:20,000 [WARN] ModelIntegratedComponent:63 - No mode defined for component null
2026-08-22 14:42:20,000 [WARN] ModelIntegratedComponent:63 - No mode defined for component null
2026-08-22 14:42:20,000 [WARN] ModelIntegratedComponent:63 - No mode defined for component null
2026-08-22 14:42:20,000 [WARN] ModelIntegratedComponent:63 - No mode defined for component null
2026-08-22 14:42:20,000 [WARN] ModelIntegratedComponent:63 - No mode defined for component null
2026-08-22 14:42:20,000 [WARN] ModelIntegratedComponent:63 - No mode defined for component null
2026-08-22 14:42:20,000 [WARN] ModelIntegratedComponent:63 - No mode defined for component null
2026-08-22 14:42:20,000 [WARN] ModelIntegratedComponent:63 - No mode defined for component null
2026-08-22 14:42:20,000 [WARN] ModelIntegratedComponent:63 - No mode defined for component null
2026-08-22 14:42:20,000 [WARN] ModelIntegratedComponent:63 - No mode defined for component null
2026-08-22 14:42:20,000 [WARN] ModelIntegratedComponent:63 - No mode defined for component null
2026-08-22 14:42:20,000 [WARN] ModelIntegratedComponent:63 - No mode defined for component null
2026-08-22 14:42:20,000 [WARN] ModelIntegratedComponent:63 - No mode defined for component null
2026-08-22 14:42:20,000 [WARN] ModelIntegratedComponent:63 - No mode defined for component null
2026-08-22 14:42:20,000 [WARN] ModelIntegratedComponent:63 - No mode defined for component null
2026-08-22 14:42:20,000 [WARN] ModelIntegratedComponent:63 - No mode defined for component null
2026-08-22 14:42:20,000 [WARN] ModelIntegratedComponent:63 - No mode defined for component null
2026-08-22 14:42:20,000 [WARN] ModelIntegratedComponent:63 - No mode defined for component null
2026-08-22 14:42:20,000 [WARN] ModelIntegratedComponent:63 - No mode defined for component null
2026-08-22 14:42:20,000 [WARN] ModelIntegratedComponent:63 - No mode defined for component null
2026-08-22 14:42:20,000 [WARN] ModelPack:524 - Component already loaded: STMicroelectronics:HAL Drivers:0.0.0:STMicroelectronics:Device:STMicro_Driver:XSPI:HAL::0.0.1:HAL_XSPI
2026-08-22 14:42:20,062 [INFO] ThirdPartyModel:298 - Start build external matchings
2026-08-22 14:42:20,352 [INFO] ThirdPartyModel:316 - End build external matchings
2026-08-22 14:42:20,362 [INFO] ImportTextPane:234 - (OptionalMessage_ERROR) IP (RCC) : Parameter (FLatency) has Id (AdvancedSettings) currently not set
2026-08-22 14:42:20,362 [INFO] ImportTextPane:234 - (OptionalMessage_ERROR) IP (RCC) : Invalid parameter (FamilyName)
2026-08-22 14:42:20,362 [INFO] ImportTextPane:234 - (OptionalMessage_ERROR) IP (RCC) : Invalid parameter (HSICECFreq_Value)
2026-08-22 14:42:20,363 [INFO] ImportTextPane:234 - (OptionalMessage_ERROR) IP (RCC) : Parameter (PREFETCH_ENABLE) has Id (AdvancedSettings) currently not set
2026-08-22 14:42:20,544 [INFO] ApiDb:581 - Connected to CubeFinder SQLite database (/home/razam/.stmcufinder/plugins/mcufinder/mcu/cube-finder-db.db)
2026-08-22 14:42:20,576 [INFO] ApiDb:668 - CubeFinder database Data Model version=2.1
2026-08-22 14:42:20,576 [INFO] ApiDb:669 - CubeFinder database Configuration version=3.0.39
2026-08-22 14:42:20,576 [INFO] ApiDb:670 - CubeFinder database generation date=2025-06-24 (1750757100)
2026-08-22 14:42:20,576 [INFO] ApiDb:671 - CubeFinder database FW Pack versions=[FP-ATR-ASTRA1_V2.0.0, FP-SNS-FLIGHT1_V5.1.0, FP-SNS-MOTENV1_V5.0.0, FP-SNS-MOTENVWB1_V1.4.0, FP-SNS-SMARTAG2_V1.2.0, FP-SNS-STBOX1_V2.0.0, STM32Cube_FW_C0_V1.4.0, STM32Cube_FW_F4_V1.28.2, STM32Cube_FW_F7_V1.17.3, STM32Cube_FW_G0_V1.6.2, STM32Cube_FW_G4_V1.6.1, STM32Cube_FW_H5_V1.5.0, STM32Cube_FW_H7RS_V1.2.0, STM32Cube_FW_H7_V1.12.1, STM32Cube_FW_L0_V1.12.2, STM32Cube_FW_L4_V1.18.1, STM32Cube_FW_L5_V1.5.1, STM32Cube_FW_N6_V1.2.0, STM32Cube_FW_U0_V1.3.0, STM32Cube_FW_U3_V1.2.0, STM32Cube_FW_U5_V1.8.0, STM32Cube_FW_WB0_V1.3.0, STM32Cube_FW_WBA_V1.7.0, STM32Cube_FW_WB_V1.23.0, STM32Cube_FW_WL3_V1.2.0, STM32Cube_FW_WL_V1.3.1, X-CUBE-ALGOBUILD_V1.4.0, X-CUBE-ALS_V1.0.2, X-CUBE-AZRTOS-F4_V1.1.0, X-CUBE-AZRTOS-F7_V1.1.0, X-CUBE-AZRTOS-G0_V1.1.0, X-CUBE-AZRTOS-G4_V2.0.0, X-CUBE-AZRTOS-H7RS_V1.1.0, X-CUBE-AZRTOS-H7_V3.3.0, X-CUBE-AZRTOS-L4_V2.0.0, X-CUBE-AZRTOS-L5_V2.0.0, X-CUBE-AZRTOS-WB_V2.0.0, X-CUBE-AZRTOS-WL_V2.0.0, X-CUBE-BLE1_V7.1.0, X-CUBE-BLE2_V3.3.0, X-CUBE-BLEMGR_V4.0.0, X-CUBE-EEPRMA1_V5.1.0, X-CUBE-FREERTOS_V1.3.1, X-CUBE-GNSS1_V6.0.0, X-CUBE-MEMS1_V11.3.0, X-CUBE-NFC4_V3.0.0, X-CUBE-NFC7_V2.0.0, X-CUBE-SFXS2LP1_V4.0.0, X-CUBE-SUBG2_V5.0.0, X-CUBE-TOF1_V3.4.3]
2026-08-22 14:42:20,611 [INFO] DbBoardsSqlite:226 - include board P-NUCLEO-WB55-NUCLEO as a kit item of type 'Nucleo-64'
2026-08-22 14:42:20,611 [INFO] DbBoardsSqlite:226 - include board P-NUCLEO-WB55-USBDONGLE as a kit item of type 'Nucleo USB Dongle'
2026-08-22 14:42:20,611 [INFO] DbBoardsSqlite:226 - include board STEVAL-IDP005V1 as a kit item of type 'Evaluation Board'
2026-08-22 14:42:20,611 [INFO] DbBoardsSqlite:226 - include board STEVAL-IDP005V2 as a kit item of type 'Evaluation Board'
2026-08-22 14:42:20,645 [INFO] ApiDb:240 - Found 880 in-development CPN: [B-G473E-ZEST1S, B-WB1M-WPAN1, B-WBA5M-WPAN, B-WL5M-SUBG1, NUCLEO-C031C6, NUCLEO-C051C8, NUCLEO-C071RB, NUCLEO-C092RC, NUCLEO-H503RB, NUCLEO-H533RE, NUCLEO-H563ZI, NUCLEO-H7S3L8, NUCLEO-N657X0-Q, NUCLEO-U031R8, NUCLEO-U083RC, NUCLEO-U385RG-Q, NUCLEO-U545RE-Q, NUCLEO-U5A5ZJ-Q, NUCLEO-WB05KZ, NUCLEO-WB07CC, NUCLEO-WB09KE, NUCLEO-WBA52CG, NUCLEO-WBA55CG, NUCLEO-WL33CC1, NUCLEO-WL33CC2, STEVAL-PROTEUS1, STEVAL-SMARTAG2, STEVAL-STWINBX1, STM320518-EVAL, STM32C0116-DK, STM32C011D6Y3TR, STM32C011D6Y6TR, STM32C011F4P3, STM32C011F4P6, STM32C011F4U3, STM32C011F4U6TR, STM32C011F6P3, STM32C011F6P6, STM32C011F6U3, STM32C011F6U6TR, STM32C011J4M3, STM32C011J4M6, STM32C011J6M3, STM32C011J6M6, STM32C0316-DK, STM32C031C4T3, STM32C031C4T6, STM32C031C4U3, STM32C031C4U6, STM32C031C6T3, STM32C031C6T6, STM32C031C6U3, STM32C031C6U6, STM32C031F4P3, STM32C031F4P6, STM32C031F6P3, STM32C031F6P6, STM32C031G4U3, STM32C031G4U6, STM32C031G6U3, STM32C031G6U6, STM32C031K4T3, STM32C031K4T6, STM32C031K4U3, STM32C031K4U6, STM32C031K6T3, STM32C031K6T6, STM32C031K6U3, STM32C031K6U6, STM32C051C6T6, STM32C051C6U6, STM32C051C8T6, STM32C051C8U6, STM32C051D8Y6TR, STM32C051F6P6, STM32C051F8P6, STM32C051G6U6, STM32C051G8U6, STM32C051K6T6, STM32C051K6U6, STM32C051K8T6, STM32C071C8T6, STM32C071C8T6N, STM32C071C8U6, STM32C071C8U6N, STM32C071CBT6, STM32C071CBT6N, STM32C071CBU6, STM32C071CBU6N, STM32C071F8P6, STM32C071F8P6N, STM32C071FBP6, STM32C071FBP6N, STM32C071FBY6TR, STM32C071G8U6, STM32C071G8U6N, STM32C071GBU6, STM32C071GBU6N, STM32C071K8T6, STM32C071K8T6N, STM32C071K8U6, STM32C071K8U6N, STM32C071KBT6, STM32C071KBT6N, STM32C071KBU6, STM32C071KBU6N, STM32C071R8T6, STM32C071R8T6N, STM32C071RBI6N, STM32C071RBT6, STM32C071RBT6N, STM32C091CBT6, STM32C091CBU6, STM32C091CCT6, STM32C091CCU6, STM32C091ECY6TR, STM32C091FBP6, STM32C091FCP6, STM32C091GBU6, STM32C091GCU6, STM32C091KBT6, STM32C091KBU6, STM32C091KCT6, STM32C091KCU6, STM32C091RBT6, STM32C091RCI6, STM32C091RCT6, STM32C092CBT6, STM32C092CBU6, STM32C092CCT6, STM32C092CCU6, STM32C092ECY6TR, STM32C092FBP6, STM32C092FCP6, STM32C092GBU6, STM32C092GCU6, STM32C092KBT6, STM32C092KBU6, STM32C092KCT6, STM32C092KCU6, STM32C092RBT6, STM32C092RCI6, STM32C092RCT6, STM32G071K8TXN, STM32G071K8UXN, STM32G081GBU6N, STM32G081KBT6N, STM32G081KBUXN, STM32G0B1CCT6N, STM32G0B1KCT6, STM32G0B1NEY6TR, STM32G0B1RCT6N, STM32G0C1CCT6, STM32G0C1CCT6N, STM32G0C1CCU6N, STM32G0C1CET6N, STM32G0C1CEU6N, STM32G0C1KCT6, STM32G0C1NEY6TR, STM32G0C1RCI6N, STM32G0C1RCT6N, STM32G0C1REI6N, STM32G0C1RET6N, STM32G0C1VCI6, STM32G0C1VEI6, STM32G411C6T3, STM32G411C6T6, STM32G411C6U3, STM32G411C6U6, STM32G411C8T3, STM32G411C8T6, STM32G411C8U3, STM32G411C8U6, STM32G411CBT3, STM32G411CBT6, STM32G411CBU3, STM32G411CBU6, STM32G411K6T3, STM32G411K6T6, STM32G411K6U3, STM32G411K6U6, STM32G411K8T3, STM32G411K8T6, STM32G411K8U3, STM32G411K8U6, STM32G411KBT3, STM32G411KBT6, STM32G411KBU3, STM32G411KBU6, STM32G411M6T3, STM32G411M6T6, STM32G411M8T3, STM32G411M8T6, STM32G411MBT3, STM32G411MBT6, STM32G411R6T3, STM32G411R6T6, STM32G411R8T3, STM32G411R8T6, STM32G411RBT3, STM32G411RBT6, STM32G414CBT3, STM32G414CBT6, STM32G414CBU3, STM32G414CBU6, STM32G414CCT3, STM32G414CCT6, STM32G414CCU3, STM32G414CCU6, STM32G414MBT3, STM32G414MBT6, STM32G414MCT3, STM32G414MCT6, STM32G414RBT3, STM32G414RBT6, STM32G414RCT3, STM32G414RCT6, STM32G414VBT3, STM32G414VBT6, STM32G414VCT3, STM32G414VCT6, STM32G431CBT3Z, STM32G431RBT3Z, STM32G471CCT6, STM32G471CCU6, STM32G471CET3, STM32G471CET6, STM32G471CEU3, STM32G471CEU6, STM32G471MCT6, STM32G471MET3, STM32G471MET6, STM32G471MEY6TR, STM32G471QCT6, STM32G471QET3, STM32G471RCT6, STM32G471RET3, STM32G471RET6, STM32G471VCH6, STM32G471VCI6, STM32G471VCT6, STM32G471VEH3, STM32G471VEH6, STM32G471VEI3, STM32G471VEI6, STM32G471VET3, STM32G471VET6, STM32G473QET3Z, STM32G473RET3Z, STM32G474CCT6, STM32G491RET3Z, STM32H503CBT6, STM32H503CBU6, STM32H503EBY6TR, STM32H503KBU6, STM32H503RBT6, STM32H523CCT6, STM32H523CCU6, STM32H523CET6, STM32H523CEU6, STM32H523HEY6TR, STM32H523RCT6, STM32H523RET6, STM32H523VCI6, STM32H523VCT6, STM32H523VEI6, STM32H523VET6, STM32H523ZCJ6, STM32H523ZCT6, STM32H523ZEJ6, STM32H523ZET6, STM32H533CET6, STM32H533CEU6, STM32H533HEY6TR, STM32H533RET6, STM32H533VEI6, STM32H533VET6, STM32H533ZEJ6, STM32H533ZET6, STM32H562AGI6, STM32H562AII6, STM32H562IGK6, STM32H562IGT6, STM32H562IIK6, STM32H562IIT6, STM32H562RGT6, STM32H562RGV6, STM32H562RIT6, STM32H562RIV6, STM32H562VGT6, STM32H562VIT6, STM32H562ZGT6, STM32H562ZIT6, STM32H563AGI6, STM32H563AII3Q, STM32H563AII6, STM32H563IGK6, STM32H563IGT6, STM32H563IIK3Q, STM32H563IIK6, STM32H563IIT3Q, STM32H563IIT6, STM32H563MIY3QTR, STM32H563RGT6, STM32H563RGV6, STM32H563RIT6, STM32H563RIV6, STM32H563VGT6, STM32H563VIT3Q, STM32H563VIT6, STM32H563ZGT6, STM32H563ZIT3Q, STM32H563ZIT6, STM32H573AII3Q, STM32H573AII6, STM32H573I-DK, STM32H573IIK3Q, STM32H573IIK6, STM32H573IIT3Q, STM32H573IIT6, STM32H573MIY3QTR, STM32H573RIT6, STM32H573RIV6, STM32H573VIT3Q, STM32H573VIT6, STM32H573ZIT3Q, STM32H573ZIT6, STM32H7R3A8I6, STM32H7R3I8K6, STM32H7R3I8T6, STM32H7R3L8H6, STM32H7R3L8H6H, STM32H7R3R8V6, STM32H7R3V8H6, STM32H7R3V8T6, STM32H7R3V8Y6TR, STM32H7R3Z8J6, STM32H7R3Z8T6, STM32H7R7A8I6, STM32H7R7I8K6, STM32H7R7I8T6, STM32H7R7L8H6, STM32H7R7L8H6H, STM32H7R7Z8J6, STM32H7S3A8I6, STM32H7S3I8K6, STM32H7S3I8T6, STM32H7S3L8H6, STM32H7S3L8H6H, STM32H7S3R8V6, STM32H7S3V8H6, STM32H7S3V8T6, STM32H7S3V8Y6TR, STM32H7S3Z8J6, STM32H7S3Z8T6, STM32H7S78-DK, STM32H7S7A8I6, STM32H7S7I8K6, STM32H7S7I8T6, STM32H7S7L8H6, STM32H7S7L8H6H, STM32H7S7Z8J6, STM32L4R5QGI6STR, STM32MP131AAE3, STM32MP131AAF3, STM32MP131AAG3, STM32MP131CAE3, STM32MP131CAF3, STM32MP131CAG3, STM32MP131DAE7, STM32MP131DAF7, STM32MP131DAG7, STM32MP131FAE7, STM32MP131FAF7, STM32MP131FAG7, STM32MP133AAE3, STM32MP133AAF3, STM32MP133AAG3, STM32MP133CAE3, STM32MP133CAF3, STM32MP133CAG3, STM32MP133DAE7, STM32MP133DAF7, STM32MP133DAG7, STM32MP133FAE7, STM32MP133FAF7, STM32MP133FAG7, STM32MP135AAE3, STM32MP135AAF3, STM32MP135AAG3, STM32MP135CAE3, STM32MP135CAF3, STM32MP135CAG3, STM32MP135DAE7, STM32MP135DAF7, STM32MP135DAG7, STM32MP135F-DK, STM32MP135FAE7, STM32MP135FAF7, STM32MP135FAF7T, STM32MP135FAF7U, STM32MP135FAG7, STM32MP211AAL3, STM32MP211AAM3, STM32MP211AAN3, STM32MP211AAO3, STM32MP211CAL3, STM32MP211CAM3, STM32MP211CAN3, STM32MP211CAO3, STM32MP211DAL3, STM32MP211DAM3, STM32MP211DAN3, STM32MP211DAO3, STM32MP211FAL3, STM32MP211FAM3, STM32MP211FAN3, STM32MP211FAO3, STM32MP213AAL3, STM32MP213AAM3, STM32MP213AAN3, STM32MP213AAO3, STM32MP213CAL3, STM32MP213CAM3, STM32MP213CAN3, STM32MP213CAO3, STM32MP213DAL3, STM32MP213DAM3, STM32MP213DAN3, STM32MP213DAO3, STM32MP213FAL3, STM32MP213FAM3, STM32MP213FAN3, STM32MP213FAO3, STM32MP215AAL3, STM32MP215AAM3, STM32MP215AAN3, STM32MP215AAO3, STM32MP215CAL3, STM32MP215CAM3, STM32MP215CAN3, STM32MP215CAO3, STM32MP215DAL3, STM32MP215DAM3, STM32MP215DAN3, STM32MP215DAO3, STM32MP215F-DK, STM32MP215FAL3, STM32MP215FAM3, STM32MP215FAN3, STM32MP215FAO3, STM32MP231AAJ3, STM32MP231AAK3, STM32MP231AAL3, STM32MP231CAJ3, STM32MP231CAK3, STM32MP231CAL3, STM32MP231DAJ3, STM32MP231DAK3, STM32MP231DAL3, STM32MP231FAJ3, STM32MP231FAK3, STM32MP231FAL3, STM32MP233AAJ3, STM32MP233AAK3, STM32MP233AAL3, STM32MP233CAJ3, STM32MP233CAK3, STM32MP233CAL3, STM32MP233DAJ3, STM32MP233DAK3, STM32MP233DAL3, STM32MP233FAJ3, STM32MP233FAK3, STM32MP233FAL3, STM32MP235AAJ3, STM32MP235AAK3, STM32MP235AAL3, STM32MP235CAJ3, STM32MP235CAK3, STM32MP235CAL3, STM32MP235DAJ3, STM32MP235DAK3, STM32MP235DAL3, STM32MP235FAJ3, STM32MP235FAK3, STM32MP235FAL3, STM32MP251AAI3, STM32MP251AAK3, STM32MP251AAL3, STM32MP251CAI3, STM32MP251CAK3, STM32MP251CAL3, STM32MP251DAI3, STM32MP251DAK3, STM32MP251DAL3, STM32MP251FAI3, STM32MP251FAK3, STM32MP251FAL3, STM32MP253AAI3, STM32MP253AAK3, STM32MP253AAL3, STM32MP253CAI3, STM32MP253CAK3, STM32MP253CAL3, STM32MP253DAI3, STM32MP253DAK3, STM32MP253DAL3, STM32MP253FAI3, STM32MP253FAK3, STM32MP253FAL3, STM32MP255AAI3, STM32MP255AAK3, STM32MP255AAL3, STM32MP255CAI3, STM32MP255CAK3, STM32MP255CAL3, STM32MP255DAI3, STM32MP255DAK3, STM32MP255DAL3, STM32MP255FAI3, STM32MP255FAK3, STM32MP255FAL3, STM32MP257AAI3, STM32MP257AAK3, STM32MP257AAL3, STM32MP257CAI3, STM32MP257CAK3, STM32MP257CAL3, STM32MP257DAI3, STM32MP257DAK3, STM32MP257DAL3, STM32MP257F-DK, STM32MP257F-EV1, STM32MP257FAI3, STM32MP257FAK3, STM32MP257FAL3, STM32N645A0H3Q, STM32N645B0H3Q, STM32N645I0H3Q, STM32N645L0H3Q, STM32N645X0H3Q, STM32N645Z0H3Q, STM32N647A0H3Q, STM32N647B0H3Q, STM32N647I0H3Q, STM32N647L0H3Q, STM32N647X0H3Q, STM32N647Z0H3Q, STM32N655A0H3Q, STM32N655B0H3Q, STM32N655I0H3Q, STM32N655L0H3Q, STM32N655X0H3Q, STM32N655Z0H3Q, STM32N6570-DK, STM32N657A0H3Q, STM32N657B0H3Q, STM32N657I0H3Q, STM32N657L0H3Q, STM32N657X0H3Q, STM32N657Z0H3Q, STM32U031C6T6, STM32U031C6U6, STM32U031C8T6, STM32U031C8U6, STM32U031F4P6, STM32U031F6P6, STM32U031F8P6, STM32U031G6Y6TR, STM32U031G8Y6TR, STM32U031K4U6, STM32U031K6U6, STM32U031K8U6, STM32U031R6I6, STM32U031R6T6, STM32U031R8I6, STM32U031R8T6, STM32U073C8T6, STM32U073C8U6, STM32U073CBT6, STM32U073CBU6, STM32U073CCT6, STM32U073CCU6, STM32U073H8Y6TR, STM32U073HBY6TR, STM32U073HCY6TR, STM32U073K8U6, STM32U073KBU6, STM32U073KCU6, STM32U073M8I6, STM32U073M8T6, STM32U073MBI6, STM32U073MBT6, STM32U073MCI6, STM32U073MCT6, STM32U073R8I6, STM32U073R8T6, STM32U073RBI6, STM32U073RBT6, STM32U073RCI6, STM32U073RCT6, STM32U083C-DK, STM32U083CCT6, STM32U083CCU6, STM32U083HCY6TR, STM32U083KCU6, STM32U083MCI6, STM32U083MCT6, STM32U083RCI6, STM32U083RCT6, STM32U375CET6, STM32U375CET6Q, STM32U375CEU6, STM32U375CEU6Q, STM32U375CEY6QTR, STM32U375CGT6, STM32U375CGT6Q, STM32U375CGU6, STM32U375CGU6Q, STM32U375CGY6QTR, STM32U375KEU6, STM32U375KGU6, STM32U375REI6, STM32U375REI6Q, STM32U375RET6, STM32U375RET6Q, STM32U375REY6GTR, STM32U375REY6QTR, STM32U375RGI6, STM32U375RGI6Q, STM32U375RGT6, STM32U375RGT6Q, STM32U375RGY6GTR, STM32U375RGY6QTR, STM32U375VEI6, STM32U375VEI6Q, STM32U375VET6, STM32U375VET6Q, STM32U375VGI6, STM32U375VGI6Q, STM32U375VGT6, STM32U375VGT6Q, STM32U385CGT6, STM32U385CGT6Q, STM32U385CGU6, STM32U385CGU6Q, STM32U385CGY6QTR, STM32U385KGU6, STM32U385RGI6, STM32U385RGI6Q, STM32U385RGT6, STM32U385RGT6Q, STM32U385RGY6GTR, STM32U385RGY6QTR, STM32U385VGI6, STM32U385VGI6Q, STM32U385VGT6, STM32U385VGT6Q, STM32U535CBT6, STM32U535CBT6Q, STM32U535CBU6, STM32U535CBU6Q, STM32U535CCT6, STM32U535CCT6Q, STM32U535CCU6, STM32U535CCU6Q, STM32U535CET6, STM32U535CET6Q, STM32U535CEU6, STM32U535CEU6Q, STM32U535JEY6QTR, STM32U535NCY6QTR, STM32U535NEY6QTR, STM32U535RBI6, STM32U535RBI6Q, STM32U535RBT6, STM32U535RBT6Q, STM32U535RCI6, STM32U535RCI6Q, STM32U535RCT6, STM32U535RCT6Q, STM32U535REI6, STM32U535REI6Q, STM32U535RET6, STM32U535RET6Q, STM32U535VCI6, STM32U535VCI6Q, STM32U535VCT6, STM32U535VCT6Q, STM32U535VEI6, STM32U535VEI6Q, STM32U535VET6, STM32U535VET6Q, STM32U545CET6, STM32U545CET6Q, STM32U545CEU6, STM32U545CEU6Q, STM32U545JEY6QTR, STM32U545NEY6QTR, STM32U545REI6, STM32U545REI6Q, STM32U545RET6, STM32U545RET6Q, STM32U545VEI6, STM32U545VEI6Q, STM32U545VET6, STM32U545VET6Q, STM32U595AIH6, STM32U595AIH6Q, STM32U595AJH6, STM32U595AJH6Q, STM32U595QII6, STM32U595QII6Q, STM32U595QJI6, STM32U595QJI6Q, STM32U595RIT6, STM32U595RIT6Q, STM32U595RJT6, STM32U595RJT6Q, STM32U595VIT6, STM32U595VIT6Q, STM32U595VJT6, STM32U595VJT6Q, STM32U595ZIT6, STM32U595ZIT6Q, STM32U595ZIY6QTR, STM32U595ZJT6, STM32U595ZJT6Q, STM32U595ZJY6QTR, STM32U599BJY6QTR, STM32U599NIH6Q, STM32U599NJH6Q, STM32U599VIT6Q, STM32U599VJT6, STM32U599VJT6Q, STM32U599ZIT6Q, STM32U599ZIY6QTR, STM32U599ZJT6Q, STM32U599ZJY6QTR, STM32U5A5AJH6, STM32U5A5AJH6Q, STM32U5A5QII3Q , STM32U5A5QJI6, STM32U5A5QJI6Q, STM32U5A5RJT6, STM32U5A5RJT6Q, STM32U5A5VJT6, STM32U5A5VJT6Q, STM32U5A5ZJT6, STM32U5A5ZJT6Q, STM32U5A5ZJY6QTR, STM32U5A9BJY6QTR, STM32U5A9J-DK, STM32U5A9NJH6Q, STM32U5A9VJT6Q, STM32U5A9ZJT6Q, STM32U5A9ZJY6QTR, STM32U5F7VIT6, STM32U5F7VIT6Q, STM32U5F7VJT6, STM32U5F7VJT6Q, STM32U5F9BJY6QTR, STM32U5F9NJH6Q, STM32U5F9VIT6Q, STM32U5F9VJT6Q, STM32U5F9ZIJ6QTR, STM32U5F9ZIT6Q, STM32U5F9ZJJ6QTR, STM32U5F9ZJT6Q, STM32U5G7VJT6, STM32U5G7VJT6Q, STM32U5G9BJY6QTR, STM32U5G9J-DK1, STM32U5G9J-DK2, STM32U5G9NJH6Q, STM32U5G9VJT6Q, STM32U5G9ZJJ6QTR, STM32U5G9ZJT6Q, STM32WB05KZV6TR, STM32WB05KZV7TR, STM32WB05TZF6TR, STM32WB05TZF7TR, STM32WB06CCF6TR, STM32WB06CCF7TR, STM32WB06CCV6TR, STM32WB06CCV7TR, STM32WB06KCV6TR, STM32WB06KCV7TR, STM32WB07CCF6TR, STM32WB07CCF7TR, STM32WB07CCV6TR, STM32WB07CCV7TR, STM32WB07KCV6TR, STM32WB07KCV7TR, STM32WB09KEV6TR, STM32WB09KEV7TR, STM32WB09TEF6TR, STM32WB09TEF7TR, STM32WB1MMCH6, STM32WBA50KGU6, STM32WBA50KGU6TR, STM32WBA52CEU6, STM32WBA52CEU6TR, STM32WBA52CEU7, STM32WBA52CEU7TR, STM32WBA52CGU6, STM32WBA52CGU6TR, STM32WBA52CGU6U, STM32WBA52CGU7, STM32WBA52CGU7TR, STM32WBA52KEU6, STM32WBA52KEU6TR, STM32WBA52KGU6, STM32WBA52KGU6TR, STM32WBA54CEU6, STM32WBA54CEU6TR, STM32WBA54CEU7, STM32WBA54CEU7TR, STM32WBA54CGU6, STM32WBA54CGU6TR, STM32WBA54CGU7, STM32WBA54CGU7TR, STM32WBA54KEU6, STM32WBA54KEU6TR, STM32WBA54KEU7, STM32WBA54KEU7TR, STM32WBA54KGU6, STM32WBA54KGU6TR, STM32WBA54KGU7, STM32WBA54KGU7TR, STM32WBA55CEU6, STM32WBA55CEU6TR, STM32WBA55CEU7, STM32WBA55CEU7TR, STM32WBA55CGU6, STM32WBA55CGU6TR, STM32WBA55CGU6U, STM32WBA55CGU7, STM32WBA55CGU7TR, STM32WBA55G-DK1, STM32WBA55HEF6, STM32WBA55HEF7, STM32WBA55HGF6, STM32WBA55HGF7, STM32WBA55UEI6, STM32WBA55UEI6TR, STM32WBA55UEI7, STM32WBA55UEI7TR, STM32WBA55UGI6, STM32WBA55UGI6TR, STM32WBA55UGI7, STM32WBA55UGI7TR, STM32WBA5MMGH6TR, STM32WBA62MGF6, STM32WBA62MIF6, STM32WBA65MGF7, STM32WBA65MIF6, STM32WBA65MIF7, STM32WL30K8V6, STM32WL30KBV6, STM32WL31C8V6, STM32WL31CBV6, STM32WL31K8V6, STM32WL31KBV6, STM32WL33C8V6, STM32WL33C8V6X, STM32WL33CBV6, STM32WL33CBV6X, STM32WL33CCV6, STM32WL33CCV6A, STM32WL33CCV6X, STM32WL33K8V7, STM32WL33K8V7X, STM32WL33KBV7 , STM32WL33KBV7X, STM32WL33KCV7, STM32WL33KCV7X, STM32WL5MOCH6, STM32WL5MOCH6TR]
2026-08-22 14:42:20,697 [INFO] BoardInfo:889 - No configuration file found for board P-NUCLEO-WB55
2026-08-22 14:42:20,697 [INFO] DbBoards:161 - Kit is not supported: P-NUCLEO-WB55
2026-08-22 14:42:20,699 [INFO] BoardInfo:889 - No configuration file found for board STEVAL-BFA001V1B
2026-08-22 14:42:20,699 [INFO] DbBoards:161 - Kit is not supported: STEVAL-BFA001V1B
2026-08-22 14:42:20,699 [INFO] BoardInfo:889 - No configuration file found for board STEVAL-BFA001V2B
2026-08-22 14:42:20,700 [INFO] DbBoards:161 - Kit is not supported: STEVAL-BFA001V2B
2026-08-22 14:42:20,749 [INFO] DbBoards:168 - Found 212 boards, 209 are supported
2026-08-22 14:42:20,750 [INFO] DbBoards:169 - Found 212 boards, 43 of them is supported for  Bsp
2026-08-22 14:42:20,752 [INFO] ApiDb:668 - CubeFinder database Data Model version=2.1
2026-08-22 14:42:20,752 [INFO] ApiDb:669 - CubeFinder database Configuration version=3.0.39
2026-08-22 14:42:20,752 [INFO] ApiDb:670 - CubeFinder database generation date=2025-06-24 (1750757100)
2026-08-22 14:42:20,752 [INFO] ApiDb:671 - CubeFinder database FW Pack versions=[FP-ATR-ASTRA1_V2.0.0, FP-SNS-FLIGHT1_V5.1.0, FP-SNS-MOTENV1_V5.0.0, FP-SNS-MOTENVWB1_V1.4.0, FP-SNS-SMARTAG2_V1.2.0, FP-SNS-STBOX1_V2.0.0, STM32Cube_FW_C0_V1.4.0, STM32Cube_FW_F4_V1.28.2, STM32Cube_FW_F7_V1.17.3, STM32Cube_FW_G0_V1.6.2, STM32Cube_FW_G4_V1.6.1, STM32Cube_FW_H5_V1.5.0, STM32Cube_FW_H7RS_V1.2.0, STM32Cube_FW_H7_V1.12.1, STM32Cube_FW_L0_V1.12.2, STM32Cube_FW_L4_V1.18.1, STM32Cube_FW_L5_V1.5.1, STM32Cube_FW_N6_V1.2.0, STM32Cube_FW_U0_V1.3.0, STM32Cube_FW_U3_V1.2.0, STM32Cube_FW_U5_V1.8.0, STM32Cube_FW_WB0_V1.3.0, STM32Cube_FW_WBA_V1.7.0, STM32Cube_FW_WB_V1.23.0, STM32Cube_FW_WL3_V1.2.0, STM32Cube_FW_WL_V1.3.1, X-CUBE-ALGOBUILD_V1.4.0, X-CUBE-ALS_V1.0.2, X-CUBE-AZRTOS-F4_V1.1.0, X-CUBE-AZRTOS-F7_V1.1.0, X-CUBE-AZRTOS-G0_V1.1.0, X-CUBE-AZRTOS-G4_V2.0.0, X-CUBE-AZRTOS-H7RS_V1.1.0, X-CUBE-AZRTOS-H7_V3.3.0, X-CUBE-AZRTOS-L4_V2.0.0, X-CUBE-AZRTOS-L5_V2.0.0, X-CUBE-AZRTOS-WB_V2.0.0, X-CUBE-AZRTOS-WL_V2.0.0, X-CUBE-BLE1_V7.1.0, X-CUBE-BLE2_V3.3.0, X-CUBE-BLEMGR_V4.0.0, X-CUBE-EEPRMA1_V5.1.0, X-CUBE-FREERTOS_V1.3.1, X-CUBE-GNSS1_V6.0.0, X-CUBE-MEMS1_V11.3.0, X-CUBE-NFC4_V3.0.0, X-CUBE-NFC7_V2.0.0, X-CUBE-SFXS2LP1_V4.0.0, X-CUBE-SUBG2_V5.0.0, X-CUBE-TOF1_V3.4.3]
2026-08-22 14:42:22,632 [INFO] ApiDb:240 - Found 880 in-development CPN: [B-G473E-ZEST1S, B-WB1M-WPAN1, B-WBA5M-WPAN, B-WL5M-SUBG1, NUCLEO-C031C6, NUCLEO-C051C8, NUCLEO-C071RB, NUCLEO-C092RC, NUCLEO-H503RB, NUCLEO-H533RE, NUCLEO-H563ZI, NUCLEO-H7S3L8, NUCLEO-N657X0-Q, NUCLEO-U031R8, NUCLEO-U083RC, NUCLEO-U385RG-Q, NUCLEO-U545RE-Q, NUCLEO-U5A5ZJ-Q, NUCLEO-WB05KZ, NUCLEO-WB07CC, NUCLEO-WB09KE, NUCLEO-WBA52CG, NUCLEO-WBA55CG, NUCLEO-WL33CC1, NUCLEO-WL33CC2, STEVAL-PROTEUS1, STEVAL-SMARTAG2, STEVAL-STWINBX1, STM320518-EVAL, STM32C0116-DK, STM32C011D6Y3TR, STM32C011D6Y6TR, STM32C011F4P3, STM32C011F4P6, STM32C011F4U3, STM32C011F4U6TR, STM32C011F6P3, STM32C011F6P6, STM32C011F6U3, STM32C011F6U6TR, STM32C011J4M3, STM32C011J4M6, STM32C011J6M3, STM32C011J6M6, STM32C0316-DK, STM32C031C4T3, STM32C031C4T6, STM32C031C4U3, STM32C031C4U6, STM32C031C6T3, STM32C031C6T6, STM32C031C6U3, STM32C031C6U6, STM32C031F4P3, STM32C031F4P6, STM32C031F6P3, STM32C031F6P6, STM32C031G4U3, STM32C031G4U6, STM32C031G6U3, STM32C031G6U6, STM32C031K4T3, STM32C031K4T6, STM32C031K4U3, STM32C031K4U6, STM32C031K6T3, STM32C031K6T6, STM32C031K6U3, STM32C031K6U6, STM32C051C6T6, STM32C051C6U6, STM32C051C8T6, STM32C051C8U6, STM32C051D8Y6TR, STM32C051F6P6, STM32C051F8P6, STM32C051G6U6, STM32C051G8U6, STM32C051K6T6, STM32C051K6U6, STM32C051K8T6, STM32C071C8T6, STM32C071C8T6N, STM32C071C8U6, STM32C071C8U6N, STM32C071CBT6, STM32C071CBT6N, STM32C071CBU6, STM32C071CBU6N, STM32C071F8P6, STM32C071F8P6N, STM32C071FBP6, STM32C071FBP6N, STM32C071FBY6TR, STM32C071G8U6, STM32C071G8U6N, STM32C071GBU6, STM32C071GBU6N, STM32C071K8T6, STM32C071K8T6N, STM32C071K8U6, STM32C071K8U6N, STM32C071KBT6, STM32C071KBT6N, STM32C071KBU6, STM32C071KBU6N, STM32C071R8T6, STM32C071R8T6N, STM32C071RBI6N, STM32C071RBT6, STM32C071RBT6N, STM32C091CBT6, STM32C091CBU6, STM32C091CCT6, STM32C091CCU6, STM32C091ECY6TR, STM32C091FBP6, STM32C091FCP6, STM32C091GBU6, STM32C091GCU6, STM32C091KBT6, STM32C091KBU6, STM32C091KCT6, STM32C091KCU6, STM32C091RBT6, STM32C091RCI6, STM32C091RCT6, STM32C092CBT6, STM32C092CBU6, STM32C092CCT6, STM32C092CCU6, STM32C092ECY6TR, STM32C092FBP6, STM32C092FCP6, STM32C092GBU6, STM32C092GCU6, STM32C092KBT6, STM32C092KBU6, STM32C092KCT6, STM32C092KCU6, STM32C092RBT6, STM32C092RCI6, STM32C092RCT6, STM32G071K8TXN, STM32G071K8UXN, STM32G081GBU6N, STM32G081KBT6N, STM32G081KBUXN, STM32G0B1CCT6N, STM32G0B1KCT6, STM32G0B1NEY6TR, STM32G0B1RCT6N, STM32G0C1CCT6, STM32G0C1CCT6N, STM32G0C1CCU6N, STM32G0C1CET6N, STM32G0C1CEU6N, STM32G0C1KCT6, STM32G0C1NEY6TR, STM32G0C1RCI6N, STM32G0C1RCT6N, STM32G0C1REI6N, STM32G0C1RET6N, STM32G0C1VCI6, STM32G0C1VEI6, STM32G411C6T3, STM32G411C6T6, STM32G411C6U3, STM32G411C6U6, STM32G411C8T3, STM32G411C8T6, STM32G411C8U3, STM32G411C8U6, STM32G411CBT3, STM32G411CBT6, STM32G411CBU3, STM32G411CBU6, STM32G411K6T3, STM32G411K6T6, STM32G411K6U3, STM32G411K6U6, STM32G411K8T3, STM32G411K8T6, STM32G411K8U3, STM32G411K8U6, STM32G411KBT3, STM32G411KBT6, STM32G411KBU3, STM32G411KBU6, STM32G411M6T3, STM32G411M6T6, STM32G411M8T3, STM32G411M8T6, STM32G411MBT3, STM32G411MBT6, STM32G411R6T3, STM32G411R6T6, STM32G411R8T3, STM32G411R8T6, STM32G411RBT3, STM32G411RBT6, STM32G414CBT3, STM32G414CBT6, STM32G414CBU3, STM32G414CBU6, STM32G414CCT3, STM32G414CCT6, STM32G414CCU3, STM32G414CCU6, STM32G414MBT3, STM32G414MBT6, STM32G414MCT3, STM32G414MCT6, STM32G414RBT3, STM32G414RBT6, STM32G414RCT3, STM32G414RCT6, STM32G414VBT3, STM32G414VBT6, STM32G414VCT3, STM32G414VCT6, STM32G431CBT3Z, STM32G431RBT3Z, STM32G471CCT6, STM32G471CCU6, STM32G471CET3, STM32G471CET6, STM32G471CEU3, STM32G471CEU6, STM32G471MCT6, STM32G471MET3, STM32G471MET6, STM32G471MEY6TR, STM32G471QCT6, STM32G471QET3, STM32G471RCT6, STM32G471RET3, STM32G471RET6, STM32G471VCH6, STM32G471VCI6, STM32G471VCT6, STM32G471VEH3, STM32G471VEH6, STM32G471VEI3, STM32G471VEI6, STM32G471VET3, STM32G471VET6, STM32G473QET3Z, STM32G473RET3Z, STM32G474CCT6, STM32G491RET3Z, STM32H503CBT6, STM32H503CBU6, STM32H503EBY6TR, STM32H503KBU6, STM32H503RBT6, STM32H523CCT6, STM32H523CCU6, STM32H523CET6, STM32H523CEU6, STM32H523HEY6TR, STM32H523RCT6, STM32H523RET6, STM32H523VCI6, STM32H523VCT6, STM32H523VEI6, STM32H523VET6, STM32H523ZCJ6, STM32H523ZCT6, STM32H523ZEJ6, STM32H523ZET6, STM32H533CET6, STM32H533CEU6, STM32H533HEY6TR, STM32H533RET6, STM32H533VEI6, STM32H533VET6, STM32H533ZEJ6, STM32H533ZET6, STM32H562AGI6, STM32H562AII6, STM32H562IGK6, STM32H562IGT6, STM32H562IIK6, STM32H562IIT6, STM32H562RGT6, STM32H562RGV6, STM32H562RIT6, STM32H562RIV6, STM32H562VGT6, STM32H562VIT6, STM32H562ZGT6, STM32H562ZIT6, STM32H563AGI6, STM32H563AII3Q, STM32H563AII6, STM32H563IGK6, STM32H563IGT6, STM32H563IIK3Q, STM32H563IIK6, STM32H563IIT3Q, STM32H563IIT6, STM32H563MIY3QTR, STM32H563RGT6, STM32H563RGV6, STM32H563RIT6, STM32H563RIV6, STM32H563VGT6, STM32H563VIT3Q, STM32H563VIT6, STM32H563ZGT6, STM32H563ZIT3Q, STM32H563ZIT6, STM32H573AII3Q, STM32H573AII6, STM32H573I-DK, STM32H573IIK3Q, STM32H573IIK6, STM32H573IIT3Q, STM32H573IIT6, STM32H573MIY3QTR, STM32H573RIT6, STM32H573RIV6, STM32H573VIT3Q, STM32H573VIT6, STM32H573ZIT3Q, STM32H573ZIT6, STM32H7R3A8I6, STM32H7R3I8K6, STM32H7R3I8T6, STM32H7R3L8H6, STM32H7R3L8H6H, STM32H7R3R8V6, STM32H7R3V8H6, STM32H7R3V8T6, STM32H7R3V8Y6TR, STM32H7R3Z8J6, STM32H7R3Z8T6, STM32H7R7A8I6, STM32H7R7I8K6, STM32H7R7I8T6, STM32H7R7L8H6, STM32H7R7L8H6H, STM32H7R7Z8J6, STM32H7S3A8I6, STM32H7S3I8K6, STM32H7S3I8T6, STM32H7S3L8H6, STM32H7S3L8H6H, STM32H7S3R8V6, STM32H7S3V8H6, STM32H7S3V8T6, STM32H7S3V8Y6TR, STM32H7S3Z8J6, STM32H7S3Z8T6, STM32H7S78-DK, STM32H7S7A8I6, STM32H7S7I8K6, STM32H7S7I8T6, STM32H7S7L8H6, STM32H7S7L8H6H, STM32H7S7Z8J6, STM32L4R5QGI6STR, STM32MP131AAE3, STM32MP131AAF3, STM32MP131AAG3, STM32MP131CAE3, STM32MP131CAF3, STM32MP131CAG3, STM32MP131DAE7, STM32MP131DAF7, STM32MP131DAG7, STM32MP131FAE7, STM32MP131FAF7, STM32MP131FAG7, STM32MP133AAE3, STM32MP133AAF3, STM32MP133AAG3, STM32MP133CAE3, STM32MP133CAF3, STM32MP133CAG3, STM32MP133DAE7, STM32MP133DAF7, STM32MP133DAG7, STM32MP133FAE7, STM32MP133FAF7, STM32MP133FAG7, STM32MP135AAE3, STM32MP135AAF3, STM32MP135AAG3, STM32MP135CAE3, STM32MP135CAF3, STM32MP135CAG3, STM32MP135DAE7, STM32MP135DAF7, STM32MP135DAG7, STM32MP135F-DK, STM32MP135FAE7, STM32MP135FAF7, STM32MP135FAF7T, STM32MP135FAF7U, STM32MP135FAG7, STM32MP211AAL3, STM32MP211AAM3, STM32MP211AAN3, STM32MP211AAO3, STM32MP211CAL3, STM32MP211CAM3, STM32MP211CAN3, STM32MP211CAO3, STM32MP211DAL3, STM32MP211DAM3, STM32MP211DAN3, STM32MP211DAO3, STM32MP211FAL3, STM32MP211FAM3, STM32MP211FAN3, STM32MP211FAO3, STM32MP213AAL3, STM32MP213AAM3, STM32MP213AAN3, STM32MP213AAO3, STM32MP213CAL3, STM32MP213CAM3, STM32MP213CAN3, STM32MP213CAO3, STM32MP213DAL3, STM32MP213DAM3, STM32MP213DAN3, STM32MP213DAO3, STM32MP213FAL3, STM32MP213FAM3, STM32MP213FAN3, STM32MP213FAO3, STM32MP215AAL3, STM32MP215AAM3, STM32MP215AAN3, STM32MP215AAO3, STM32MP215CAL3, STM32MP215CAM3, STM32MP215CAN3, STM32MP215CAO3, STM32MP215DAL3, STM32MP215DAM3, STM32MP215DAN3, STM32MP215DAO3, STM32MP215F-DK, STM32MP215FAL3, STM32MP215FAM3, STM32MP215FAN3, STM32MP215FAO3, STM32MP231AAJ3, STM32MP231AAK3, STM32MP231AAL3, STM32MP231CAJ3, STM32MP231CAK3, STM32MP231CAL3, STM32MP231DAJ3, STM32MP231DAK3, STM32MP231DAL3, STM32MP231FAJ3, STM32MP231FAK3, STM32MP231FAL3, STM32MP233AAJ3, STM32MP233AAK3, STM32MP233AAL3, STM32MP233CAJ3, STM32MP233CAK3, STM32MP233CAL3, STM32MP233DAJ3, STM32MP233DAK3, STM32MP233DAL3, STM32MP233FAJ3, STM32MP233FAK3, STM32MP233FAL3, STM32MP235AAJ3, STM32MP235AAK3, STM32MP235AAL3, STM32MP235CAJ3, STM32MP235CAK3, STM32MP235CAL3, STM32MP235DAJ3, STM32MP235DAK3, STM32MP235DAL3, STM32MP235FAJ3, STM32MP235FAK3, STM32MP235FAL3, STM32MP251AAI3, STM32MP251AAK3, STM32MP251AAL3, STM32MP251CAI3, STM32MP251CAK3, STM32MP251CAL3, STM32MP251DAI3, STM32MP251DAK3, STM32MP251DAL3, STM32MP251FAI3, STM32MP251FAK3, STM32MP251FAL3, STM32MP253AAI3, STM32MP253AAK3, STM32MP253AAL3, STM32MP253CAI3, STM32MP253CAK3, STM32MP253CAL3, STM32MP253DAI3, STM32MP253DAK3, STM32MP253DAL3, STM32MP253FAI3, STM32MP253FAK3, STM32MP253FAL3, STM32MP255AAI3, STM32MP255AAK3, STM32MP255AAL3, STM32MP255CAI3, STM32MP255CAK3, STM32MP255CAL3, STM32MP255DAI3, STM32MP255DAK3, STM32MP255DAL3, STM32MP255FAI3, STM32MP255FAK3, STM32MP255FAL3, STM32MP257AAI3, STM32MP257AAK3, STM32MP257AAL3, STM32MP257CAI3, STM32MP257CAK3, STM32MP257CAL3, STM32MP257DAI3, STM32MP257DAK3, STM32MP257DAL3, STM32MP257F-DK, STM32MP257F-EV1, STM32MP257FAI3, STM32MP257FAK3, STM32MP257FAL3, STM32N645A0H3Q, STM32N645B0H3Q, STM32N645I0H3Q, STM32N645L0H3Q, STM32N645X0H3Q, STM32N645Z0H3Q, STM32N647A0H3Q, STM32N647B0H3Q, STM32N647I0H3Q, STM32N647L0H3Q, STM32N647X0H3Q, STM32N647Z0H3Q, STM32N655A0H3Q, STM32N655B0H3Q, STM32N655I0H3Q, STM32N655L0H3Q, STM32N655X0H3Q, STM32N655Z0H3Q, STM32N6570-DK, STM32N657A0H3Q, STM32N657B0H3Q, STM32N657I0H3Q, STM32N657L0H3Q, STM32N657X0H3Q, STM32N657Z0H3Q, STM32U031C6T6, STM32U031C6U6, STM32U031C8T6, STM32U031C8U6, STM32U031F4P6, STM32U031F6P6, STM32U031F8P6, STM32U031G6Y6TR, STM32U031G8Y6TR, STM32U031K4U6, STM32U031K6U6, STM32U031K8U6, STM32U031R6I6, STM32U031R6T6, STM32U031R8I6, STM32U031R8T6, STM32U073C8T6, STM32U073C8U6, STM32U073CBT6, STM32U073CBU6, STM32U073CCT6, STM32U073CCU6, STM32U073H8Y6TR, STM32U073HBY6TR, STM32U073HCY6TR, STM32U073K8U6, STM32U073KBU6, STM32U073KCU6, STM32U073M8I6, STM32U073M8T6, STM32U073MBI6, STM32U073MBT6, STM32U073MCI6, STM32U073MCT6, STM32U073R8I6, STM32U073R8T6, STM32U073RBI6, STM32U073RBT6, STM32U073RCI6, STM32U073RCT6, STM32U083C-DK, STM32U083CCT6, STM32U083CCU6, STM32U083HCY6TR, STM32U083KCU6, STM32U083MCI6, STM32U083MCT6, STM32U083RCI6, STM32U083RCT6, STM32U375CET6, STM32U375CET6Q, STM32U375CEU6, STM32U375CEU6Q, STM32U375CEY6QTR, STM32U375CGT6, STM32U375CGT6Q, STM32U375CGU6, STM32U375CGU6Q, STM32U375CGY6QTR, STM32U375KEU6, STM32U375KGU6, STM32U375REI6, STM32U375REI6Q, STM32U375RET6, STM32U375RET6Q, STM32U375REY6GTR, STM32U375REY6QTR, STM32U375RGI6, STM32U375RGI6Q, STM32U375RGT6, STM32U375RGT6Q, STM32U375RGY6GTR, STM32U375RGY6QTR, STM32U375VEI6, STM32U375VEI6Q, STM32U375VET6, STM32U375VET6Q, STM32U375VGI6, STM32U375VGI6Q, STM32U375VGT6, STM32U375VGT6Q, STM32U385CGT6, STM32U385CGT6Q, STM32U385CGU6, STM32U385CGU6Q, STM32U385CGY6QTR, STM32U385KGU6, STM32U385RGI6, STM32U385RGI6Q, STM32U385RGT6, STM32U385RGT6Q, STM32U385RGY6GTR, STM32U385RGY6QTR, STM32U385VGI6, STM32U385VGI6Q, STM32U385VGT6, STM32U385VGT6Q, STM32U535CBT6, STM32U535CBT6Q, STM32U535CBU6, STM32U535CBU6Q, STM32U535CCT6, STM32U535CCT6Q, STM32U535CCU6, STM32U535CCU6Q, STM32U535CET6, STM32U535CET6Q, STM32U535CEU6, STM32U535CEU6Q, STM32U535JEY6QTR, STM32U535NCY6QTR, STM32U535NEY6QTR, STM32U535RBI6, STM32U535RBI6Q, STM32U535RBT6, STM32U535RBT6Q, STM32U535RCI6, STM32U535RCI6Q, STM32U535RCT6, STM32U535RCT6Q, STM32U535REI6, STM32U535REI6Q, STM32U535RET6, STM32U535RET6Q, STM32U535VCI6, STM32U535VCI6Q, STM32U535VCT6, STM32U535VCT6Q, STM32U535VEI6, STM32U535VEI6Q, STM32U535VET6, STM32U535VET6Q, STM32U545CET6, STM32U545CET6Q, STM32U545CEU6, STM32U545CEU6Q, STM32U545JEY6QTR, STM32U545NEY6QTR, STM32U545REI6, STM32U545REI6Q, STM32U545RET6, STM32U545RET6Q, STM32U545VEI6, STM32U545VEI6Q, STM32U545VET6, STM32U545VET6Q, STM32U595AIH6, STM32U595AIH6Q, STM32U595AJH6, STM32U595AJH6Q, STM32U595QII6, STM32U595QII6Q, STM32U595QJI6, STM32U595QJI6Q, STM32U595RIT6, STM32U595RIT6Q, STM32U595RJT6, STM32U595RJT6Q, STM32U595VIT6, STM32U595VIT6Q, STM32U595VJT6, STM32U595VJT6Q, STM32U595ZIT6, STM32U595ZIT6Q, STM32U595ZIY6QTR, STM32U595ZJT6, STM32U595ZJT6Q, STM32U595ZJY6QTR, STM32U599BJY6QTR, STM32U599NIH6Q, STM32U599NJH6Q, STM32U599VIT6Q, STM32U599VJT6, STM32U599VJT6Q, STM32U599ZIT6Q, STM32U599ZIY6QTR, STM32U599ZJT6Q, STM32U599ZJY6QTR, STM32U5A5AJH6, STM32U5A5AJH6Q, STM32U5A5QII3Q , STM32U5A5QJI6, STM32U5A5QJI6Q, STM32U5A5RJT6, STM32U5A5RJT6Q, STM32U5A5VJT6, STM32U5A5VJT6Q, STM32U5A5ZJT6, STM32U5A5ZJT6Q, STM32U5A5ZJY6QTR, STM32U5A9BJY6QTR, STM32U5A9J-DK, STM32U5A9NJH6Q, STM32U5A9VJT6Q, STM32U5A9ZJT6Q, STM32U5A9ZJY6QTR, STM32U5F7VIT6, STM32U5F7VIT6Q, STM32U5F7VJT6, STM32U5F7VJT6Q, STM32U5F9BJY6QTR, STM32U5F9NJH6Q, STM32U5F9VIT6Q, STM32U5F9VJT6Q, STM32U5F9ZIJ6QTR, STM32U5F9ZIT6Q, STM32U5F9ZJJ6QTR, STM32U5F9ZJT6Q, STM32U5G7VJT6, STM32U5G7VJT6Q, STM32U5G9BJY6QTR, STM32U5G9J-DK1, STM32U5G9J-DK2, STM32U5G9NJH6Q, STM32U5G9VJT6Q, STM32U5G9ZJJ6QTR, STM32U5G9ZJT6Q, STM32WB05KZV6TR, STM32WB05KZV7TR, STM32WB05TZF6TR, STM32WB05TZF7TR, STM32WB06CCF6TR, STM32WB06CCF7TR, STM32WB06CCV6TR, STM32WB06CCV7TR, STM32WB06KCV6TR, STM32WB06KCV7TR, STM32WB07CCF6TR, STM32WB07CCF7TR, STM32WB07CCV6TR, STM32WB07CCV7TR, STM32WB07KCV6TR, STM32WB07KCV7TR, STM32WB09KEV6TR, STM32WB09KEV7TR, STM32WB09TEF6TR, STM32WB09TEF7TR, STM32WB1MMCH6, STM32WBA50KGU6, STM32WBA50KGU6TR, STM32WBA52CEU6, STM32WBA52CEU6TR, STM32WBA52CEU7, STM32WBA52CEU7TR, STM32WBA52CGU6, STM32WBA52CGU6TR, STM32WBA52CGU6U, STM32WBA52CGU7, STM32WBA52CGU7TR, STM32WBA52KEU6, STM32WBA52KEU6TR, STM32WBA52KGU6, STM32WBA52KGU6TR, STM32WBA54CEU6, STM32WBA54CEU6TR, STM32WBA54CEU7, STM32WBA54CEU7TR, STM32WBA54CGU6, STM32WBA54CGU6TR, STM32WBA54CGU7, STM32WBA54CGU7TR, STM32WBA54KEU6, STM32WBA54KEU6TR, STM32WBA54KEU7, STM32WBA54KEU7TR, STM32WBA54KGU6, STM32WBA54KGU6TR, STM32WBA54KGU7, STM32WBA54KGU7TR, STM32WBA55CEU6, STM32WBA55CEU6TR, STM32WBA55CEU7, STM32WBA55CEU7TR, STM32WBA55CGU6, STM32WBA55CGU6TR, STM32WBA55CGU6U, STM32WBA55CGU7, STM32WBA55CGU7TR, STM32WBA55G-DK1, STM32WBA55HEF6, STM32WBA55HEF7, STM32WBA55HGF6, STM32WBA55HGF7, STM32WBA55UEI6, STM32WBA55UEI6TR, STM32WBA55UEI7, STM32WBA55UEI7TR, STM32WBA55UGI6, STM32WBA55UGI6TR, STM32WBA55UGI7, STM32WBA55UGI7TR, STM32WBA5MMGH6TR, STM32WBA62MGF6, STM32WBA62MIF6, STM32WBA65MGF7, STM32WBA65MIF6, STM32WBA65MIF7, STM32WL30K8V6, STM32WL30KBV6, STM32WL31C8V6, STM32WL31CBV6, STM32WL31K8V6, STM32WL31KBV6, STM32WL33C8V6, STM32WL33C8V6X, STM32WL33CBV6, STM32WL33CBV6X, STM32WL33CCV6, STM32WL33CCV6A, STM32WL33CCV6X, STM32WL33K8V7, STM32WL33K8V7X, STM32WL33KBV7 , STM32WL33KBV7X, STM32WL33KCV7, STM32WL33KCV7X, STM32WL5MOCH6, STM32WL5MOCH6TR]
2026-08-22 14:42:22,635 [INFO] DbMcus:218 - Found 4801 MCUs, 4801 are supported
2026-08-22 14:42:22,636 [INFO] ApiDb:414 - User favorites file not found: /home/razam/.stm32cubeide/favorites.mcus.txt
2026-08-22 14:42:22,636 [INFO] DbMcus:224 - Set 0 / 0 favorites MCUs
2026-08-22 14:42:23,012 [INFO] ApiDb:414 - User favorites file not found: /home/razam/.stm32cubeide/favorites.boards.txt
2026-08-22 14:42:23,012 [INFO] DbBoards:198 - Set 0 / 0 favorites Boards
2026-08-22 14:42:23,055 [INFO] UtilMem:75 - End LoadConfig() Used Memory: 272966952 Bytes (407896064)
2026-08-22 14:42:23,154 [WARN] ThirdParty:833 - waiting for thirdparty lock release [change project]
2026-08-22 14:42:23,154 [INFO] ThirdParty:835 - entering critical section [change project]
2026-08-22 14:42:23,154 [INFO] ThirdParty:1030 - CMSIS Pack Vendor :STMicroelectronics X-CUBE-AZRTOS-H7 3.5.0
2026-08-22 14:42:23,154 [INFO] ThirdParty:1030 - CMSIS Pack Vendor :STMicroelectronics X-CUBE-PM33A1 1.0.0
2026-08-22 14:42:23,154 [INFO] ThirdParty:1030 - CMSIS Pack Vendor :STMicroelectronics USBPD 4.1
2026-08-22 14:42:23,154 [INFO] ThirdParty:1030 - CMSIS Pack Vendor :STMicroelectronics X-CUBE-NFC9 1.0.0
2026-08-22 14:42:23,154 [INFO] ThirdParty:1030 - CMSIS Pack Vendor :STMicroelectronics USB_HOST 2.0.0
2026-08-22 14:42:23,154 [INFO] ThirdParty:1030 - CMSIS Pack Vendor :STMicroelectronics FP-ATR-ASTRA1 2.0.3
2026-08-22 14:42:23,154 [INFO] ThirdParty:1030 - CMSIS Pack Vendor :STMicroelectronics X-CUBE-AZRTOS-F4 1.1.0
2026-08-22 14:42:23,154 [INFO] ThirdParty:1030 - CMSIS Pack Vendor :STMicroelectronics LIBJPEG 8.0.0
2026-08-22 14:42:23,154 [INFO] ThirdParty:1030 - CMSIS Pack Vendor :STMicroelectronics FP-ATR-ASTRA1 2.0.2
2026-08-22 14:42:23,154 [INFO] ThirdParty:1030 - CMSIS Pack Vendor :STMicroelectronics X-CUBE-BLE1 7.1.0
2026-08-22 14:42:23,154 [INFO] ThirdParty:1030 - CMSIS Pack Vendor :wolfSSL I-CUBE-wolfMQTT 1.19.2
2026-08-22 14:42:23,154 [INFO] ThirdParty:1030 - CMSIS Pack Vendor :STMicroelectronics USB_DEVICE 3.0.0
2026-08-22 14:42:23,154 [INFO] ThirdParty:1030 - CMSIS Pack Vendor :STMicroelectronics X-CUBE-ISPU 2.1.0
2026-08-22 14:42:23,154 [INFO] ThirdParty:1030 - CMSIS Pack Vendor :STMicroelectronics X-CUBE-EEPRMA1 5.2.0
2026-08-22 14:42:23,154 [INFO] ThirdParty:1030 - CMSIS Pack Vendor :STMicroelectronics X-CUBE-IPS 3.2.0
2026-08-22 14:42:23,154 [INFO] ThirdParty:1030 - CMSIS Pack Vendor :STMicroelectronics X-CUBE-BLEMGR 4.1.0
2026-08-22 14:42:23,155 [INFO] ThirdParty:1030 - CMSIS Pack Vendor :STMicroelectronics eDS-WB_DPC_TT-BIDIR 2.1.1
2026-08-22 14:42:23,155 [INFO] ThirdParty:1030 - CMSIS Pack Vendor :STMicroelectronics X-CUBE-AZRTOS-WB 2.0.0
2026-08-22 14:42:23,155 [INFO] ThirdParty:1030 - CMSIS Pack Vendor :STMicroelectronics X-CUBE-NFC12 1.0.0
2026-08-22 14:42:23,155 [INFO] ThirdParty:1030 - CMSIS Pack Vendor :STMicroelectronics X-CUBE-AZRTOS-F7 1.1.0
2026-08-22 14:42:23,155 [INFO] ThirdParty:1030 - CMSIS Pack Vendor :STMicroelectronics X-CUBE-AZRTOS-L5 2.0.0
2026-08-22 14:42:23,155 [INFO] ThirdParty:1030 - CMSIS Pack Vendor :STMicroelectronics USB_DEVICE 2.0.0
2026-08-22 14:42:23,155 [INFO] ThirdParty:1030 - CMSIS Pack Vendor :STMicroelectronics X-CUBE-FREERTOS 1.6.0
2026-08-22 14:42:23,155 [INFO] ThirdParty:1030 - CMSIS Pack Vendor :STMicroelectronics FP-SNS-STAIOTCFT 1.1.0
2026-08-22 14:42:23,155 [INFO] ThirdParty:1030 - CMSIS Pack Vendor :quantropi X-CUBE-qispace-sdk-base 2.1.0
2026-08-22 14:42:23,155 [INFO] ThirdParty:1030 - CMSIS Pack Vendor :STMicroelectronics X-CUBE-STSE01 2.0.0
2026-08-22 14:42:23,155 [INFO] ThirdParty:1030 - CMSIS Pack Vendor :STMicroelectronics X-CUBE-ALGOBUILD 1.5.0
2026-08-22 14:42:23,155 [INFO] ThirdParty:1030 - CMSIS Pack Vendor :STMicroelectronics FP-SNS-MOTENV1 5.1.0
2026-08-22 14:42:23,155 [INFO] ThirdParty:1030 - CMSIS Pack Vendor :STMicroelectronics FreeRTOS 0.0.1
2026-08-22 14:42:23,155 [INFO] ThirdParty:1030 - CMSIS Pack Vendor :STMicroelectronics X-CUBE-AZRTOS-H7RS 1.3.0
2026-08-22 14:42:23,155 [INFO] ThirdParty:1030 - CMSIS Pack Vendor :STMicroelectronics X-CUBE-AZRTOS-G0 1.1.0
2026-08-22 14:42:23,155 [INFO] ThirdParty:1030 - CMSIS Pack Vendor :STMicroelectronics X-CUBE-NFC4 3.0.0
2026-08-22 14:42:23,155 [INFO] ThirdParty:1030 - CMSIS Pack Vendor :STMicroelectronics X-CUBE-SUBG2 5.0.0
2026-08-22 14:42:23,155 [INFO] ThirdParty:1030 - CMSIS Pack Vendor :STMicroelectronics STM32_WPAN 1.0.0
2026-08-22 14:42:23,155 [INFO] ThirdParty:1030 - CMSIS Pack Vendor :STMicroelectronics eDS-WB_DPC_VIENNA 1.2.0
2026-08-22 14:42:23,155 [INFO] ThirdParty:1030 - CMSIS Pack Vendor :EmbeddedOffice I-CUBE-FS-RTOS 1.0.1
2026-08-22 14:42:23,155 [INFO] ThirdParty:1030 - CMSIS Pack Vendor :STMicroelectronics lwIP 2.0.3
2026-08-22 14:42:23,155 [INFO] ThirdParty:1030 - CMSIS Pack Vendor :WES I-CUBE-Cesium 1.4.0
2026-08-22 14:42:23,155 [INFO] ThirdParty:1030 - CMSIS Pack Vendor :STMicroelectronics X-CUBE-MEMS1 13.0.0
2026-08-22 14:42:23,155 [INFO] ThirdParty:1030 - CMSIS Pack Vendor :STMicroelectronics eDS-WB_DPC_3PH2L-BIDIR 1.1.1
2026-08-22 14:42:23,155 [INFO] ThirdParty:1030 - CMSIS Pack Vendor :STMicroelectronics USB_HOST 1.0.0
2026-08-22 14:42:23,155 [INFO] ThirdParty:1030 - CMSIS Pack Vendor :STMicroelectronics X-CUBE-AZRTOS-G4 2.0.0
2026-08-22 14:42:23,155 [INFO] ThirdParty:1030 - CMSIS Pack Vendor :STMicroelectronics PDM2PCM 3.1.0
2026-08-22 14:42:23,155 [INFO] ThirdParty:1030 - CMSIS Pack Vendor :STMicroelectronics PDM2PCM 3.3.0
2026-08-22 14:42:23,155 [INFO] ThirdParty:1030 - CMSIS Pack Vendor :wolfSSL I-CUBE-wolfTPM 3.8.0
2026-08-22 14:42:23,155 [INFO] ThirdParty:1030 - CMSIS Pack Vendor :STMicroelectronics X-CUBE-DISPLAY 3.0.0
2026-08-22 14:42:23,155 [INFO] ThirdParty:1030 - CMSIS Pack Vendor :wolfSSL I-CUBE-wolfSSH 1.4.20
2026-08-22 14:42:23,155 [INFO] ThirdParty:1030 - CMSIS Pack Vendor :STMicroelectronics X-CUBE-NFC7 2.0.0
2026-08-22 14:42:23,155 [INFO] ThirdParty:1030 - CMSIS Pack Vendor :STMicroelectronics X-CUBE-GNSS1 7.1.1
2026-08-22 14:42:23,155 [INFO] ThirdParty:1030 - CMSIS Pack Vendor :STMicroelectronics FP-SNS-MOTENVWB1 1.5.0
2026-08-22 14:42:23,155 [INFO] ThirdParty:1030 - CMSIS Pack Vendor :STMicroelectronics X-CUBE-TCPP 4.2.0
2026-08-22 14:42:23,155 [INFO] ThirdParty:1030 - CMSIS Pack Vendor :RealThread X-CUBE-RT-Thread_Nano 4.1.1
2026-08-22 14:42:23,155 [INFO] ThirdParty:1030 - CMSIS Pack Vendor :wolfSSL I-CUBE-wolfSSL 5.9.1
2026-08-22 14:42:23,155 [INFO] ThirdParty:1030 - CMSIS Pack Vendor :STMicroelectronics FP-ATR-SIGFOX1 3.2.0
2026-08-22 14:42:23,155 [INFO] ThirdParty:1030 - CMSIS Pack Vendor :STMicroelectronics X-CUBE-NFC10 1.0.0
2026-08-22 14:42:23,155 [INFO] ThirdParty:1030 - CMSIS Pack Vendor :STMicroelectronics HAL Drivers 0.0.0
2026-08-22 14:42:23,155 [INFO] ThirdParty:1030 - CMSIS Pack Vendor :STMicroelectronics X-CUBE-FREERTOS 1.5.0
2026-08-22 14:42:23,155 [INFO] ThirdParty:1030 - CMSIS Pack Vendor :STMicroelectronics MBEDTLS 2.16.2
2026-08-22 14:42:23,155 [INFO] ThirdParty:1030 - CMSIS Pack Vendor :STMicroelectronics X-CUBE-ST60 1.1.0
2026-08-22 14:42:23,155 [INFO] ThirdParty:1030 - CMSIS Pack Vendor :STMicroelectronics X-CUBE-ALS 1.0.2
2026-08-22 14:42:23,155 [INFO] ThirdParty:1030 - CMSIS Pack Vendor :emotas I-CUBE-CANOPEN 1.3.0
2026-08-22 14:42:23,155 [INFO] ThirdParty:1030 - CMSIS Pack Vendor :STMicroelectronics MBEDTLS 2.14.1
2026-08-22 14:42:23,155 [INFO] ThirdParty:1030 - CMSIS Pack Vendor :ITTIA_DB I-CUBE-ITTIADB 8.9.0
2026-08-22 14:42:23,155 [INFO] ThirdParty:1030 - CMSIS Pack Vendor :Cesanta I-CUBE-Mongoose 7.21.7
2026-08-22 14:42:23,155 [INFO] ThirdParty:1030 - CMSIS Pack Vendor :STMicroelectronics X-CUBE-TOUCHGFX 4.26.1
2026-08-22 14:42:23,156 [INFO] ThirdParty:1030 - CMSIS Pack Vendor :STMicroelectronics X-CUBE-NFC6 3.2.0
2026-08-22 14:42:23,156 [INFO] ThirdParty:1030 - CMSIS Pack Vendor :STMicroelectronics FP-SNS-STBOX1 2.1.0
2026-08-22 14:42:23,156 [INFO] ThirdParty:1030 - CMSIS Pack Vendor :STMicroelectronics X-CUBE-AI 10.2.1
2026-08-22 14:42:23,156 [INFO] ThirdParty:1030 - CMSIS Pack Vendor :STMicroelectronics ThreadX 1.0.0
2026-08-22 14:42:23,156 [INFO] ThirdParty:1030 - CMSIS Pack Vendor :STMicroelectronics FP-SNS-SMARTAG2 1.2.0
2026-08-22 14:42:23,156 [INFO] ThirdParty:1030 - CMSIS Pack Vendor :STMicroelectronics X-CUBE-MEMS1 12.1.0
2026-08-22 14:42:23,156 [INFO] ThirdParty:1030 - CMSIS Pack Vendor :STMicroelectronics FP-SNS-FLIGHT1 5.1.0
2026-08-22 14:42:23,156 [INFO] ThirdParty:1030 - CMSIS Pack Vendor :STMicroelectronics X-CUBE-AZRTOS-WL 2.0.0
2026-08-22 14:42:23,156 [INFO] ThirdParty:1030 - CMSIS Pack Vendor :SEGGER I-CUBE-embOS 1.3.1
2026-08-22 14:42:23,156 [INFO] ThirdParty:1030 - CMSIS Pack Vendor :STMicroelectronics X-CUBE-DPower 1.3.0
2026-08-22 14:42:23,156 [INFO] ThirdParty:1030 - CMSIS Pack Vendor :STMicroelectronics USB_DEVICE 1.0.0
2026-08-22 14:42:23,156 [INFO] ThirdParty:1030 - CMSIS Pack Vendor :STMicroelectronics X-CUBE-AZRTOS-H7RS 1.2.0
2026-08-22 14:42:23,156 [INFO] ThirdParty:1030 - CMSIS Pack Vendor :STMicroelectronics X-CUBE-AZRTOS-L4 2.0.0
2026-08-22 14:42:23,156 [INFO] ThirdParty:1030 - CMSIS Pack Vendor :STMicroelectronics ThreadX 0.0.2
2026-08-22 14:42:23,156 [INFO] ThirdParty:1030 - CMSIS Pack Vendor :STMicroelectronics lwIP 2.1.2
2026-08-22 14:42:23,156 [INFO] ThirdParty:1030 - CMSIS Pack Vendor :STMicroelectronics X-CUBE-SFXS2LP1 4.0.0
2026-08-22 14:42:23,156 [INFO] ThirdParty:1030 - CMSIS Pack Vendor :STMicroelectronics X-CUBE-BLE2 3.3.0
2026-08-22 14:42:23,156 [INFO] ThirdParty:1030 - CMSIS Pack Vendor :Avnet-IOTCONNECT X-CUBE-iotc-st67-sdk 1.0.0
2026-08-22 14:42:23,156 [INFO] ThirdParty:1030 - CMSIS Pack Vendor :STMicroelectronics X-CUBE-TOF1 3.4.3
2026-08-22 14:42:23,156 [INFO] ThirdParty:1030 - CMSIS Pack Vendor :Infineon AIROC-Wi-Fi-Bluetooth-STM32 1.8.0
2026-08-22 14:42:23,156 [INFO] ThirdParty:1030 - CMSIS Pack Vendor :STMicroelectronics X-CUBE-NFC13 1.0.0
2026-08-22 14:42:23,156 [INFO] ThirdParty:1030 - CMSIS Pack Vendor :STMicroelectronics PDM2PCM 3.2.0
2026-08-22 14:42:23,156 [INFO] ThirdParty:1030 - CMSIS Pack Vendor :STMicroelectronics X-CUBE-WB05N 2.1.0
2026-08-22 14:42:23,156 [INFO] ThirdParty:841 - exiting critical section [change project]
2026-08-22 14:42:23,455 [INFO] PinOutPanel:1589 - setPackage(No Configuration,No Configuration)
2026-08-22 14:42:23,457 [INFO] PinOutPanel:1589 - setPackage(STM32F072RBTx,LQFP64)
2026-08-22 14:42:24,351 [INFO] UtilMem:75 - Before build in PCC Used Memory: 246903992 Bytes (407896064)
2026-08-22 14:42:25,399 [INFO] UtilMem:75 - After build in PCC Used Memory: 206047232 Bytes (407896064)
2026-08-22 14:42:25,443 [INFO] IPUIPlugin:80 - create IPUIPlugin
2026-08-22 14:42:25,445 [INFO] IPUIPlugin:80 - create IPUIPlugin
2026-08-22 14:42:25,446 [INFO] IPUIPlugin:80 - create IPUIPlugin
2026-08-22 14:42:25,446 [INFO] IPUIPlugin:80 - create IPUIPlugin
2026-08-22 14:42:25,447 [INFO] IPUIPlugin:80 - create IPUIPlugin
2026-08-22 14:42:25,447 [INFO] IPUIPlugin:80 - create IPUIPlugin
2026-08-22 14:42:25,448 [INFO] IPUIPlugin:80 - create IPUIPlugin
2026-08-22 14:42:25,448 [INFO] IPUIPlugin:80 - create IPUIPlugin
2026-08-22 14:42:25,448 [INFO] IPUIPlugin:80 - create IPUIPlugin
2026-08-22 14:42:25,448 [INFO] IPUIPlugin:80 - create IPUIPlugin
2026-08-22 14:42:25,449 [INFO] IPUIPlugin:80 - create IPUIPlugin
2026-08-22 14:42:25,449 [INFO] IPUIPlugin:80 - create IPUIPlugin
2026-08-22 14:42:25,449 [INFO] IPUIPlugin:80 - create IPUIPlugin
2026-08-22 14:42:25,449 [INFO] IPUIPlugin:80 - create IPUIPlugin
2026-08-22 14:42:25,449 [INFO] IPUIPlugin:80 - create IPUIPlugin
2026-08-22 14:42:25,450 [INFO] IPUIPlugin:80 - create IPUIPlugin
2026-08-22 14:42:25,450 [INFO] IPUIPlugin:80 - create IPUIPlugin
2026-08-22 14:42:25,450 [INFO] IPUIPlugin:80 - create IPUIPlugin
2026-08-22 14:42:25,450 [INFO] IPUIPlugin:80 - create IPUIPlugin
2026-08-22 14:42:25,451 [INFO] IPUIPlugin:80 - create IPUIPlugin
2026-08-22 14:42:25,452 [INFO] IPUIPlugin:80 - create IPUIPlugin
2026-08-22 14:42:25,452 [INFO] IPUIPlugin:80 - create IPUIPlugin
2026-08-22 14:42:25,453 [INFO] IPUIPlugin:80 - create IPUIPlugin
2026-08-22 14:42:25,453 [INFO] IPUIPlugin:80 - create IPUIPlugin
2026-08-22 14:42:25,453 [INFO] IPUIPlugin:80 - create IPUIPlugin
2026-08-22 14:42:25,454 [INFO] IPUIPlugin:80 - create IPUIPlugin
2026-08-22 14:42:25,454 [INFO] IPUIPlugin:80 - create IPUIPlugin
2026-08-22 14:42:25,454 [INFO] IPUIPlugin:80 - create IPUIPlugin
2026-08-22 14:42:25,455 [INFO] IPUIPlugin:80 - create IPUIPlugin
2026-08-22 14:42:25,455 [INFO] IPUIPlugin:80 - create IPUIPlugin
2026-08-22 14:42:25,455 [INFO] IPUIPlugin:80 - create IPUIPlugin
2026-08-22 14:42:25,456 [INFO] IPUIPlugin:80 - create IPUIPlugin
2026-08-22 14:42:25,456 [INFO] IPUIPlugin:80 - create IPUIPlugin
2026-08-22 14:42:25,457 [INFO] IPUIPlugin:80 - create IPUIPlugin
2026-08-22 14:42:25,457 [INFO] IPUIPlugin:80 - create IPUIPlugin
2026-08-22 14:42:25,457 [INFO] IPUIPlugin:80 - create IPUIPlugin
2026-08-22 14:42:25,458 [INFO] IPUIPlugin:80 - create IPUIPlugin
2026-08-22 14:42:25,458 [INFO] IPUIPlugin:80 - create IPUIPlugin
2026-08-22 14:42:25,459 [INFO] IPUIPlugin:80 - create IPUIPlugin
2026-08-22 14:42:25,459 [INFO] IPUIPlugin:80 - create IPUIPlugin
2026-08-22 14:42:25,460 [INFO] IPUIPlugin:80 - create IPUIPlugin
2026-08-22 14:42:25,804 [INFO] CADModel:165 - CPN selected for project levelSTM32F072RBT6
2026-08-22 14:42:25,804 [INFO] CADModel:114 - Register for checkConnection events
2026-08-22 14:42:25,845 [INFO] OpenFileManager:386 - Restore cursor
2026-08-22 14:42:31,259 [ERROR] LogOutputStream:75 - [STDERR_REDIRECT] Aug 22, 2026 2:42:31 PM java.util.prefs.FileSystemPreferences checkLockFile0ErrorCode
2026-08-22 14:42:31,259 [ERROR] LogOutputStream:75 - [STDERR_REDIRECT] WARNING: Could not lock System prefs. Unix error code 2.
2026-08-22 14:42:31,259 [ERROR] LogOutputStream:75 - [STDERR_REDIRECT] 
2026-08-22 14:42:31,260 [ERROR] LogOutputStream:75 - [STDERR_REDIRECT] Aug 22, 2026 2:42:31 PM java.util.prefs.FileSystemPreferences syncWorld
2026-08-22 14:42:31,260 [ERROR] LogOutputStream:75 - [STDERR_REDIRECT] WARNING: Couldn't flush system prefs: java.util.prefs.BackingStoreException: Couldn't get file lock.
2026-08-22 14:42:31,260 [ERROR] LogOutputStream:75 - [STDERR_REDIRECT] 
2026-08-22 14:42:47,679 [ERROR] LogOutputStream:75 - [STDERR_REDIRECT] 
2026-08-22 14:42:47,680 [ERROR] LogOutputStream:75 - [STDERR_REDIRECT] 
