2025-07-26 14:09:02,879 [INFO] Activator:176 - 


2025-07-26 14:09:02,886 [INFO] Activator:177 - !SESSION log4j initialized
2025-07-26 14:09:04,490 [INFO] LogOutputStream:77 - [STDOUT_REDIRECT] 
2025-07-26 14:09:07,317 [ERROR] LogOutputStream:75 - [STDERR_REDIRECT] 
2025-07-26 14:09:09,708 [INFO] LogOutputStream:77 - [STDOUT_REDIRECT] 
2025-07-26 14:09:12,146 [INFO] ApplicationProperties:184 - Using Application install path: /Applications/STM32CubeIDE.app/Contents/Eclipse/plugins/com.st.stm32cube.common.mx_6.12.1.202409122256
2025-07-26 14:09:12,162 [INFO] DbMcusXml:78 - Set database path to: /Applications/STM32CubeIDE.app/Contents/Eclipse/plugins/com.st.stm32cube.common.mx_6.12.1.202409122256//db//mcu/
2025-07-26 14:09:12,162 [INFO] ApiDb:274 - Set plugin database path to: /Applications/STM32CubeIDE.app/Contents/Eclipse/plugins/com.st.stm32cube.common.mx_6.12.1.202409122256//db//plugins/boardmanager/
2025-07-26 14:09:12,164 [WARN] ApiDb:259 - Overriding images path with different value:  => /Applications/STM32CubeIDE.app/Contents/Eclipse/plugins/com.st.stm32cube.common.mx_6.12.1.202409122256//db//plugins/mcufinder/images/
2025-07-26 14:09:12,173 [INFO] ApiDb:250 - Set database path to: /Users/felix/.stmcufinder/plugins/mcufinder//mcu/
2025-07-26 14:09:12,174 [INFO] DbMcusAds:125 - Set database path to: /Users/felix/.stmcufinder/plugins/mcufinder//mcu/
2025-07-26 14:09:12,176 [INFO] CrossReferenceDbSqlite:203 - Set database path to: /Users/felix/.stmcufinder/plugins/mcufinder//mcu/cs/
2025-07-26 14:09:12,420 [INFO] RulesReader:64 - Compatibility file has been processed (297 Rules)
2025-07-26 14:09:12,570 [INFO] DbMcusXml:78 - Set database path to: /Applications/STM32CubeIDE.app/Contents/Eclipse/plugins/com.st.stm32cube.common.mx_6.12.1.202409122256//db//mcu/
2025-07-26 14:09:12,571 [INFO] ApiDb:274 - Set plugin database path to: /Applications/STM32CubeIDE.app/Contents/Eclipse/plugins/com.st.stm32cube.common.mx_6.12.1.202409122256//db//plugins/boardmanager/
2025-07-26 14:09:12,574 [INFO] ApiDb:261 - Set plugin images path to: /Applications/STM32CubeIDE.app/Contents/Eclipse/plugins/com.st.stm32cube.common.mx_6.12.1.202409122256//db//plugins/mcufinder/images/
2025-07-26 14:09:12,575 [WARN] DbFile:41 - Overriding database path with different value: /Users/felix/.stmcufinder/plugins/mcufinder/ => /Users/felix/.stmcufinder/plugins/mcufinder
2025-07-26 14:09:12,575 [INFO] ApiDb:250 - Set database path to: /Users/felix/.stmcufinder/plugins/mcufinder//mcu/
2025-07-26 14:09:12,575 [WARN] DbFile:41 - Overriding database path with different value: /Users/felix/.stmcufinder/plugins/mcufinder/ => /Users/felix/.stmcufinder/plugins/mcufinder
2025-07-26 14:09:12,575 [INFO] DbMcusAds:125 - Set database path to: /Users/felix/.stmcufinder/plugins/mcufinder//mcu/
2025-07-26 14:09:12,575 [WARN] DbFile:41 - Overriding database path with different value: /Users/felix/.stmcufinder/plugins/mcufinder/ => /Users/felix/.stmcufinder/plugins/mcufinder
2025-07-26 14:09:12,575 [WARN] DbFile:41 - Overriding database path with different value: /Users/felix/.stmcufinder/plugins/mcufinder/ => /Users/felix/.stmcufinder/plugins/mcufinder
2025-07-26 14:09:12,576 [INFO] CrossReferenceDbSqlite:203 - Set database path to: /Users/felix/.stmcufinder/plugins/mcufinder//mcu/cs/
2025-07-26 14:09:12,688 [INFO] MainPanel:268 - HeapMemory: 344981504
2025-07-26 14:09:13,855 [INFO] DbMcusXml:78 - Set database path to: /Applications/STM32CubeIDE.app/Contents/Eclipse/plugins/com.st.stm32cube.common.mx_6.12.1.202409122256//db//mcu/
2025-07-26 14:09:13,855 [INFO] ApiDb:274 - Set plugin database path to: /Applications/STM32CubeIDE.app/Contents/Eclipse/plugins/com.st.stm32cube.common.mx_6.12.1.202409122256//db//plugins/boardmanager/
2025-07-26 14:09:13,931 [INFO] ApiDb:261 - Set plugin images path to: /Applications/STM32CubeIDE.app/Contents/Eclipse/plugins/com.st.stm32cube.common.mx_6.12.1.202409122256//db//plugins/mcufinder/images/
2025-07-26 14:09:13,947 [WARN] DbFile:41 - Overriding database path with different value: /Users/felix/.stmcufinder/plugins/mcufinder/ => /Users/felix/.stmcufinder/plugins/mcufinder
2025-07-26 14:09:13,949 [INFO] ApiDb:250 - Set database path to: /Users/felix/.stmcufinder/plugins/mcufinder//mcu/
2025-07-26 14:09:13,949 [WARN] DbFile:41 - Overriding database path with different value: /Users/felix/.stmcufinder/plugins/mcufinder/ => /Users/felix/.stmcufinder/plugins/mcufinder
2025-07-26 14:09:13,949 [INFO] DbMcusAds:125 - Set database path to: /Users/felix/.stmcufinder/plugins/mcufinder//mcu/
2025-07-26 14:09:13,949 [WARN] DbFile:41 - Overriding database path with different value: /Users/felix/.stmcufinder/plugins/mcufinder/ => /Users/felix/.stmcufinder/plugins/mcufinder
2025-07-26 14:09:13,949 [WARN] DbFile:41 - Overriding database path with different value: /Users/felix/.stmcufinder/plugins/mcufinder/ => /Users/felix/.stmcufinder/plugins/mcufinder
2025-07-26 14:09:13,949 [INFO] CrossReferenceDbSqlite:203 - Set database path to: /Users/felix/.stmcufinder/plugins/mcufinder//mcu/cs/
2025-07-26 14:09:14,020 [INFO] ApplicationProperties:184 - Using Application install path: /Applications/STM32CubeIDE.app/Contents/Eclipse/plugins/com.st.stm32cube.common.mx_6.12.1.202409122256
2025-07-26 14:09:14,022 [INFO] PluginManage:196 - Search for loadable plugins [exclusion list=, ]
2025-07-26 14:09:14,024 [INFO] PluginManage:310 - Check plugin analytics
2025-07-26 14:09:14,320 [INFO] AnalyticsPlugin:253 - Accepted Software Licenses: 
2025-07-26 14:09:14,320 [INFO] AnalyticsPlugin:255 - Accepted CMSIS Pack Licenses: 
2025-07-26 14:09:14,320 [INFO] AnalyticsPlugin:257 - Accepted Firmware Licenses: FW.F4.1.28.0
2025-07-26 14:09:14,328 [INFO] PluginManage:359 - Loaded plugin analytics (category:tool,tabindex:-1)
2025-07-26 14:09:14,331 [INFO] PluginManage:310 - Check plugin cadmodel
2025-07-26 14:09:14,374 [INFO] CADModel:105 - Init CAD model plugin
2025-07-26 14:09:14,374 [INFO] PluginManage:359 - Loaded plugin cadmodel (category:power,tabindex:5)
2025-07-26 14:09:14,375 [INFO] PluginManage:310 - Check plugin clock
2025-07-26 14:09:14,394 [INFO] PluginManage:359 - Loaded plugin clock (category:base,tabindex:2)
2025-07-26 14:09:14,395 [INFO] PluginManage:310 - Check plugin ddr
2025-07-26 14:09:14,397 [INFO] PluginManage:359 - Loaded plugin ddr (category:tool,tabindex:6)
2025-07-26 14:09:14,397 [INFO] PluginManage:310 - Check plugin filemanager
2025-07-26 14:09:14,703 [INFO] PluginManage:359 - Loaded plugin filemanager (category:base,tabindex:10)
2025-07-26 14:09:14,704 [INFO] PluginManage:310 - Check plugin ipmanager
2025-07-26 14:09:14,717 [INFO] PluginManage:359 - Loaded plugin ipmanager (category:base,tabindex:5)
2025-07-26 14:09:14,717 [INFO] PluginManage:310 - Check plugin lpbam
2025-07-26 14:09:14,734 [INFO] PluginManage:359 - Loaded plugin lpbam (category:base,tabindex:0)
2025-07-26 14:09:14,734 [INFO] PluginManage:310 - Check plugin memorymap
2025-07-26 14:09:14,753 [INFO] PluginManage:359 - Loaded plugin memorymap (category:base,tabindex:4)
2025-07-26 14:09:14,753 [INFO] PluginManage:310 - Check plugin pinoutandconfiguration
2025-07-26 14:09:14,768 [INFO] PluginManage:359 - Loaded plugin pinoutandconfiguration (category:base,tabindex:1)
2025-07-26 14:09:14,769 [INFO] PluginManage:310 - Check plugin pinoutconfig
2025-07-26 14:09:14,866 [WARN] SupportedApi:132 - Cannot load RTOS API schema: s4s-elt-must-match.1: The content of 'definitions' must match (annotation?, (simpleType | complexType)?, (unique | key | keyref)*)). A problem was found starting at: attribute.
2025-07-26 14:09:15,021 [INFO] PluginManage:359 - Loaded plugin pinoutconfig (category:base,tabindex:0)
2025-07-26 14:09:15,021 [INFO] PluginManage:310 - Check plugin power
2025-07-26 14:09:15,052 [INFO] PluginManage:359 - Loaded plugin power (category:power,tabindex:4)
2025-07-26 14:09:15,053 [INFO] PluginManage:310 - Check plugin projectmanager
2025-07-26 14:09:15,083 [INFO] PluginManage:359 - Loaded plugin projectmanager (category:projectmanager,tabindex:4)
2025-07-26 14:09:15,083 [INFO] PluginManage:310 - Check plugin rif
2025-07-26 14:09:15,096 [INFO] PluginManage:359 - Loaded plugin rif (category:base,tabindex:3)
2025-07-26 14:09:15,096 [INFO] PluginManage:310 - Check plugin thirdparty
2025-07-26 14:09:15,513 [INFO] PluginManage:359 - Loaded plugin thirdparty (category:base,tabindex:-1)
2025-07-26 14:09:15,517 [INFO] PluginManage:310 - Check plugin tools
2025-07-26 14:09:15,513 [WARN] IntegrityCheckThread:84 - waiting for thirdparty lock release [integrity check]
2025-07-26 14:09:15,519 [INFO] IntegrityCheckThread:86 - entering critical section [integrity check]
2025-07-26 14:09:15,522 [INFO] ThirdPartyUpdaterWithRetryManager:70 - Updater plugin not ready yet. [1/15]
2025-07-26 14:09:15,533 [INFO] PluginManage:359 - Loaded plugin tools (category:base,tabindex:7)
2025-07-26 14:09:15,534 [INFO] PluginManage:310 - Check plugin tutovideos
2025-07-26 14:09:15,862 [INFO] PluginManage:359 - Loaded plugin tutovideos (category:base,tabindex:-1)
2025-07-26 14:09:15,862 [INFO] PluginManage:310 - Check plugin updater
2025-07-26 14:09:15,896 [INFO] PluginManage:359 - Loaded plugin updater (category:base,tabindex:12)
2025-07-26 14:09:15,897 [INFO] PluginManage:310 - Check plugin userauth
2025-07-26 14:09:15,904 [INFO] UserAuth:113 - Init User Auth plugin
2025-07-26 14:09:15,905 [INFO] PluginManage:359 - Loaded plugin userauth (category:base,tabindex:14)
2025-07-26 14:09:15,905 [INFO] PluginManage:283 - PluginManage : Loaded plugins [18]
2025-07-26 14:09:16,221 [INFO] PinOutPanel:1561 - setPackage(No Configuration,No Configuration)
2025-07-26 14:09:16,401 [INFO] CADModel:165 - CPN selected for project level
2025-07-26 14:09:16,403 [INFO] CADModel:114 - Register for checkConnection events
2025-07-26 14:09:16,433 [INFO] IPUIPlugin:80 - create IPUIPlugin
2025-07-26 14:09:16,433 [INFO] PluginManager:220 - loadIPPluginJar : add mdma
2025-07-26 14:09:16,448 [INFO] IPUIPlugin:80 - create IPUIPlugin
2025-07-26 14:09:16,449 [INFO] PluginManager:220 - loadIPPluginJar : add freertos
2025-07-26 14:09:16,464 [INFO] IPUIPlugin:80 - create IPUIPlugin
2025-07-26 14:09:16,464 [INFO] PluginManager:220 - loadIPPluginJar : add gic
2025-07-26 14:09:16,485 [INFO] IPUIPlugin:80 - create IPUIPlugin
2025-07-26 14:09:16,485 [INFO] PluginManager:220 - loadIPPluginJar : add adc
2025-07-26 14:09:16,493 [INFO] IPUIPlugin:80 - create IPUIPlugin
2025-07-26 14:09:16,494 [INFO] PluginManager:220 - loadIPPluginJar : add gtzc
2025-07-26 14:09:16,498 [INFO] IPUIPlugin:80 - create IPUIPlugin
2025-07-26 14:09:16,498 [INFO] PluginManager:220 - loadIPPluginJar : add quadspi
2025-07-26 14:09:16,503 [INFO] IPUIPlugin:80 - create IPUIPlugin
2025-07-26 14:09:16,503 [INFO] PluginManager:220 - loadIPPluginJar : add aes
2025-07-26 14:09:16,510 [INFO] IPUIPlugin:80 - create IPUIPlugin
2025-07-26 14:09:16,511 [INFO] PluginManager:220 - loadIPPluginJar : add pdm2pcm
2025-07-26 14:09:16,516 [INFO] IPUIPlugin:80 - create IPUIPlugin
2025-07-26 14:09:16,516 [INFO] PluginManager:220 - loadIPPluginJar : add hash
2025-07-26 14:09:16,519 [INFO] IPUIPlugin:80 - create IPUIPlugin
2025-07-26 14:09:16,519 [INFO] PluginManager:220 - loadIPPluginJar : add tim
2025-07-26 14:09:16,522 [INFO] IPUIPlugin:80 - create IPUIPlugin
2025-07-26 14:09:16,523 [INFO] PluginManager:220 - loadIPPluginJar : add tsc
2025-07-26 14:09:16,528 [INFO] IPUIPlugin:80 - create IPUIPlugin
2025-07-26 14:09:16,529 [INFO] PluginManager:220 - loadIPPluginJar : add extmemmanager
2025-07-26 14:09:16,533 [INFO] IPUIPlugin:80 - create IPUIPlugin
2025-07-26 14:09:16,533 [INFO] PluginManager:220 - loadIPPluginJar : add ts
2025-07-26 14:09:16,536 [INFO] IPUIPlugin:80 - create IPUIPlugin
2025-07-26 14:09:16,537 [INFO] PluginManager:220 - loadIPPluginJar : add radio
2025-07-26 14:09:16,545 [INFO] IPUIPlugin:80 - create IPUIPlugin
2025-07-26 14:09:16,545 [INFO] PluginManager:220 - loadIPPluginJar : add can
2025-07-26 14:09:16,550 [INFO] IPUIPlugin:80 - create IPUIPlugin
2025-07-26 14:09:16,550 [INFO] PluginManager:220 - loadIPPluginJar : add dma3
2025-07-26 14:09:16,555 [INFO] IPUIPlugin:80 - create IPUIPlugin
2025-07-26 14:09:16,555 [INFO] PluginManager:220 - loadIPPluginJar : add dfsdm
2025-07-26 14:09:16,559 [INFO] IPUIPlugin:80 - create IPUIPlugin
2025-07-26 14:09:16,560 [INFO] PluginManager:220 - loadIPPluginJar : add spi
2025-07-26 14:09:16,568 [INFO] IPUIPlugin:80 - create IPUIPlugin
2025-07-26 14:09:16,568 [INFO] PluginManager:220 - loadIPPluginJar : add gfxmmu
2025-07-26 14:09:16,574 [INFO] IPUIPlugin:80 - create IPUIPlugin
2025-07-26 14:09:16,574 [INFO] PluginManager:220 - loadIPPluginJar : add genericplugin
2025-07-26 14:09:16,578 [INFO] IPUIPlugin:80 - create IPUIPlugin
2025-07-26 14:09:16,579 [INFO] PluginManager:220 - loadIPPluginJar : add cryp
2025-07-26 14:09:16,588 [INFO] IPUIPlugin:80 - create IPUIPlugin
2025-07-26 14:09:16,589 [INFO] PluginManager:220 - loadIPPluginJar : add gpio
2025-07-26 14:09:16,600 [INFO] IPUIPlugin:80 - create IPUIPlugin
2025-07-26 14:09:16,600 [INFO] PluginManager:220 - loadIPPluginJar : add ddr_ctrl_phy
2025-07-26 14:09:16,603 [INFO] IPUIPlugin:80 - create IPUIPlugin
2025-07-26 14:09:16,603 [INFO] PluginManager:220 - loadIPPluginJar : add comp
2025-07-26 14:09:16,607 [INFO] IPUIPlugin:80 - create IPUIPlugin
2025-07-26 14:09:16,607 [INFO] PluginManager:220 - loadIPPluginJar : add tracer_emb
2025-07-26 14:09:16,617 [INFO] IPUIPlugin:80 - create IPUIPlugin
2025-07-26 14:09:16,618 [INFO] PluginManager:220 - loadIPPluginJar : add openamp
2025-07-26 14:09:16,630 [INFO] IPUIPlugin:80 - create IPUIPlugin
2025-07-26 14:09:16,630 [INFO] PluginManager:220 - loadIPPluginJar : add stm32_wpan
2025-07-26 14:09:16,643 [INFO] IPUIPlugin:80 - create IPUIPlugin
2025-07-26 14:09:16,655 [INFO] PluginManager:220 - loadIPPluginJar : add plateformsettings
2025-07-26 14:09:16,665 [INFO] IPUIPlugin:80 - create IPUIPlugin
2025-07-26 14:09:16,665 [INFO] PluginManager:220 - loadIPPluginJar : add ipddr
2025-07-26 14:09:16,670 [INFO] IPUIPlugin:80 - create IPUIPlugin
2025-07-26 14:09:16,670 [INFO] PluginManager:220 - loadIPPluginJar : add usart
2025-07-26 14:09:16,673 [INFO] IPUIPlugin:80 - create IPUIPlugin
2025-07-26 14:09:16,673 [INFO] PluginManager:220 - loadIPPluginJar : add ltdc
2025-07-26 14:09:16,683 [INFO] IPUIPlugin:80 - create IPUIPlugin
2025-07-26 14:09:16,683 [INFO] PluginManager:220 - loadIPPluginJar : add nvic
2025-07-26 14:09:16,685 [INFO] IPUIPlugin:80 - create IPUIPlugin
2025-07-26 14:09:16,685 [INFO] PluginManager:220 - loadIPPluginJar : add fatfs
2025-07-26 14:09:16,696 [INFO] IPUIPlugin:80 - create IPUIPlugin
2025-07-26 14:09:16,696 [INFO] PluginManager:220 - loadIPPluginJar : add linkedlist
2025-07-26 14:09:16,708 [INFO] IPUIPlugin:80 - create IPUIPlugin
2025-07-26 14:09:16,709 [INFO] PluginManager:220 - loadIPPluginJar : add dma
2025-07-26 14:09:16,717 [INFO] IPUIPlugin:80 - create IPUIPlugin
2025-07-26 14:09:16,717 [INFO] PluginManager:220 - loadIPPluginJar : add fmc
2025-07-26 14:09:16,722 [INFO] IPUIPlugin:80 - create IPUIPlugin
2025-07-26 14:09:16,723 [INFO] PluginManager:220 - loadIPPluginJar : add i2s
2025-07-26 14:09:16,726 [INFO] IPUIPlugin:80 - create IPUIPlugin
2025-07-26 14:09:16,726 [INFO] PluginManager:220 - loadIPPluginJar : add ucpd
2025-07-26 14:09:16,731 [INFO] IPUIPlugin:80 - create IPUIPlugin
2025-07-26 14:09:16,731 [INFO] PluginManager:220 - loadIPPluginJar : add lorawan
2025-07-26 14:09:16,735 [INFO] IPUIPlugin:80 - create IPUIPlugin
2025-07-26 14:09:16,736 [INFO] PluginManager:220 - loadIPPluginJar : add opamp
2025-07-26 14:09:16,742 [INFO] IPUIPlugin:80 - create IPUIPlugin
2025-07-26 14:09:16,742 [INFO] PluginManager:220 - loadIPPluginJar : add i3c
2025-07-26 14:09:16,754 [INFO] IPUIPlugin:80 - create IPUIPlugin
2025-07-26 14:09:16,761 [INFO] PluginManager:220 - loadIPPluginJar : add touchsensing
2025-07-26 14:09:16,770 [INFO] IPUIPlugin:80 - create IPUIPlugin
2025-07-26 14:09:16,770 [INFO] PluginManager:220 - loadIPPluginJar : add i2c
2025-07-26 14:09:16,780 [INFO] IPUIPlugin:80 - create IPUIPlugin
2025-07-26 14:09:16,781 [INFO] PluginManager:220 - loadIPPluginJar : add resmgrutility
2025-07-26 14:09:16,787 [INFO] IPUIPlugin:80 - create IPUIPlugin
2025-07-26 14:09:16,787 [INFO] PluginManager:220 - loadIPPluginJar : add sai
2025-07-26 14:09:16,793 [INFO] IPUIPlugin:80 - create IPUIPlugin
2025-07-26 14:09:16,794 [INFO] PluginManager:220 - loadIPPluginJar : add usbx
2025-07-26 14:09:16,937 [INFO] CADModel:165 - CPN selected for project level
2025-07-26 14:09:16,939 [INFO] CADModel:114 - Register for checkConnection events
2025-07-26 14:09:16,940 [FATAL] Updater:334 - Updater called before beeing initialized
2025-07-26 14:09:16,940 [ERROR] CADModel:125 - Updater not yet initialized, retry later 
2025-07-26 14:09:17,264 [INFO] CADModel:165 - CPN selected for project level
2025-07-26 14:09:17,264 [INFO] CADModel:114 - Register for checkConnection events
2025-07-26 14:09:17,264 [FATAL] Updater:334 - Updater called before beeing initialized
2025-07-26 14:09:17,264 [ERROR] CADModel:125 - Updater not yet initialized, retry later 
2025-07-26 14:09:17,266 [FATAL] Updater:334 - Updater called before beeing initialized
2025-07-26 14:09:17,440 [FATAL] Updater:334 - Updater called before beeing initialized
2025-07-26 14:09:17,446 [INFO] DbMcusAds:53 - JSON generation date=Fri Sep 20 09:04:38 EDT 2024 (1726837478367)
2025-07-26 14:09:17,447 [FATAL] Updater:334 - Updater called before beeing initialized
2025-07-26 14:09:17,965 [WARN] DetailPanel:346 - Failed to get advertising image, set to default
2025-07-26 14:09:18,079 [FATAL] Updater:334 - Updater called before beeing initialized
2025-07-26 14:09:18,082 [FATAL] Updater:334 - Updater called before beeing initialized
2025-07-26 14:09:18,082 [FATAL] Updater:334 - Updater called before beeing initialized
2025-07-26 14:09:18,082 [WARN] DetailPanel:346 - Failed to get advertising image, set to default
2025-07-26 14:09:18,085 [FATAL] Updater:334 - Updater called before beeing initialized
2025-07-26 14:09:18,178 [ERROR] Updater:1164 - MainUpdater not yet initialized. External WinMGr cannot be set.
2025-07-26 14:09:18,194 [INFO] Updater:1100 - Updater Version found : 6.12.1
2025-07-26 14:09:18,208 [INFO] ApplicationProperties:184 - Using Application install path: /Applications/STM32CubeIDE.app/Contents/Eclipse/plugins/com.st.stm32cube.common.mx_6.12.1.202409122256
2025-07-26 14:09:18,529 [INFO] ThirdPartyUpdaterWithRetryManager:70 - Updater plugin not ready yet. [2/15]
2025-07-26 14:09:18,814 [INFO] MainUpdater:2873 - connection check result : 10
2025-07-26 14:09:18,814 [INFO] MainUpdater:3567 - Updater definition file requires update
2025-07-26 14:09:18,815 [INFO] MainUpdater:290 - Updater Check For Update Now.
2025-07-26 14:09:18,815 [INFO] MicroXplorer:498 - Change Database Version : DB.6.0.121
2025-07-26 14:09:18,829 [INFO] McuFinderGlobals:63 - Set McuFinder mode to 2 (CubeIDE integrated)
2025-07-26 14:09:18,831 [INFO] UserAuth:417 - Internet connection configuration mode: 1
2025-07-26 14:09:18,846 [INFO] JxBrowserEngine:152 - Initiate JxBrowser Engine with user profile folder
2025-07-26 14:09:19,693 [INFO] ServerAccessManage:473 - Download File updaters.zip
2025-07-26 14:09:19,994 [INFO] FileExtend:240 - Unzip File : updaters.zip
2025-07-26 14:09:19,997 [INFO] FileExtend:255 - Standard Zip Deflate
2025-07-26 14:09:20,870 [INFO] ServerAccessManage:473 - Download File PacksControlFlags.xml
2025-07-26 14:09:21,414 [INFO] ServerAccessManage:473 - Download File cubemx.pidx
2025-07-26 14:09:21,557 [WARN] MainUpdater:1194 - Updater busy. Cannot search thirdparties
2025-07-26 14:09:21,558 [INFO] ThirdPartyUpdaterWithRetryManager:96 - Updater plugin is busy. [1/15]
2025-07-26 14:09:22,984 [INFO] ServerAccessManage:473 - Download File STMicroelectronics.FP-SNS-STAIOTCFT.pdsc
2025-07-26 14:09:23,408 [INFO] ServerAccessManage:473 - Download File STMicroelectronics.X-CUBE-BLEMGR.pdsc
2025-07-26 14:09:24,139 [ERROR] ServerAccessManage:1089 - Problem, file not found on Server
2025-07-26 14:09:24,561 [WARN] MainUpdater:1194 - Updater busy. Cannot search thirdparties
2025-07-26 14:09:24,561 [INFO] ThirdPartyUpdaterWithRetryManager:96 - Updater plugin is busy. [2/15]
2025-07-26 14:09:25,060 [INFO] ServerAccessManage:473 - Download File STMicroelectronics.X-CUBE-EEPRMA1.pdsc
2025-07-26 14:09:25,584 [ERROR] ServerAccessManage:1089 - Problem, file not found on Server
2025-07-26 14:09:26,191 [ERROR] ServerAccessManage:1089 - Problem, file not found on Server
2025-07-26 14:09:26,601 [INFO] ServerAccessManage:473 - Download File STMicroelectronics.X-CUBE-FREERTOS.pdsc
2025-07-26 14:09:27,513 [INFO] ServerAccessManage:473 - Download File STMicroelectronics.X-CUBE-MEMS1.pdsc
2025-07-26 14:09:27,567 [WARN] MainUpdater:1194 - Updater busy. Cannot search thirdparties
2025-07-26 14:09:27,567 [INFO] ThirdPartyUpdaterWithRetryManager:96 - Updater plugin is busy. [3/15]
2025-07-26 14:09:30,571 [WARN] MainUpdater:1194 - Updater busy. Cannot search thirdparties
2025-07-26 14:09:30,571 [INFO] ThirdPartyUpdaterWithRetryManager:96 - Updater plugin is busy. [4/15]
2025-07-26 14:09:32,853 [INFO] ServerAccessManage:473 - Download File STMicroelectronics.X-CUBE-NFC12.pdsc
2025-07-26 14:09:33,206 [INFO] ServerAccessManage:473 - Download File STMicroelectronics.X-CUBE-PM33A1.pdsc
2025-07-26 14:09:33,575 [WARN] MainUpdater:1194 - Updater busy. Cannot search thirdparties
2025-07-26 14:09:33,575 [INFO] ThirdPartyUpdaterWithRetryManager:96 - Updater plugin is busy. [5/15]
2025-07-26 14:09:33,644 [INFO] ServerAccessManage:473 - Download File STMicroelectronics.X-CUBE-AZRTOS-H7.pdsc
2025-07-26 14:09:35,631 [WARN] PopulateThirdPartyThread:106 - Error when creating pack: /Users/felix/.stm32cubemx/thirdparties/pdsc/STMicroelectronics.FP-SNS-STAIOTCFT.pdsc
2025-07-26 14:09:35,639 [WARN] PopulateThirdPartyThread:106 - Error when creating pack: /Users/felix/.stm32cubemx/thirdparties/pdsc/STMicroelectronics.X-CUBE-BLEMGR.pdsc
2025-07-26 14:09:35,699 [WARN] PackLoader:240 - Cannot read IP mode file for STMicroelectronics.X-CUBE-EEPRMA1.5.2.0
2025-07-26 14:09:35,854 [WARN] PackLoader:240 - Cannot read IP mode file for STMicroelectronics.X-CUBE-FREERTOS.1.3.1
2025-07-26 14:09:35,954 [INFO] CheckServerUpdateThread:120 - End of CheckServer Thread
2025-07-26 14:09:36,184 [WARN] PackLoader:240 - Cannot read IP mode file for STMicroelectronics.X-CUBE-MEMS1.11.3.0
2025-07-26 14:09:36,726 [WARN] PackLoader:240 - Cannot read IP mode file for STMicroelectronics.X-CUBE-NFC12.1.0.0
2025-07-26 14:09:36,773 [WARN] PackLoader:240 - Cannot read IP mode file for STMicroelectronics.X-CUBE-PM33A1.1.0.0
2025-07-26 14:09:36,864 [WARN] PackLoader:240 - Cannot read IP mode file for STMicroelectronics.X-CUBE-AZRTOS-H7.3.4.0
2025-07-26 14:09:36,908 [INFO] PopulateThirdPartyThread:66 - Ending populate Thread
2025-07-26 14:09:36,919 [INFO] ThirdParty:1030 - CMSIS Pack Vendor :STMicroelectronics X-CUBE-FREERTOS 1.3.1
2025-07-26 14:09:36,919 [INFO] ThirdParty:1030 - CMSIS Pack Vendor :STMicroelectronics X-CUBE-EEPRMA1 5.2.0
2025-07-26 14:09:36,919 [INFO] ThirdParty:1030 - CMSIS Pack Vendor :STMicroelectronics X-CUBE-PM33A1 1.0.0
2025-07-26 14:09:36,919 [INFO] ThirdParty:1030 - CMSIS Pack Vendor :STMicroelectronics X-CUBE-AZRTOS-H7 3.4.0
2025-07-26 14:09:36,919 [INFO] ThirdParty:1030 - CMSIS Pack Vendor :STMicroelectronics X-CUBE-MEMS1 11.3.0
2025-07-26 14:09:36,920 [INFO] ThirdParty:1030 - CMSIS Pack Vendor :STMicroelectronics X-CUBE-NFC12 1.0.0
2025-07-26 14:09:36,921 [INFO] LoadServerUpdatesThread:375 - End of LoadServerUpdate Thread
2025-07-26 14:09:37,046 [WARN] PackLoader:240 - Cannot read IP mode file for STMicroelectronics.FP-SNS-MOTENVWB1.1.4.0
2025-07-26 14:09:37,105 [WARN] PackLoader:240 - Cannot read IP mode file for STMicroelectronics.FP-ATR-ASTRA1.2.0.1
2025-07-26 14:09:37,173 [WARN] PackLoader:240 - Cannot read IP mode file for STMicroelectronics.X-CUBE-SMBUS.2.1.0
2025-07-26 14:09:37,220 [WARN] PackLoader:240 - Cannot read IP mode file for STMicroelectronics.X-CUBE-WB05N.1.1.0
2025-07-26 14:09:37,250 [ERROR] Engine:466 - /Users/felix/.stm32cubemx/thirdparties/pdsc/STMicroelectronics.X-CUBE-ST60.1.0.0.pdsc: PDSC version is not supported
2025-07-26 14:09:37,315 [WARN] PackLoader:240 - Cannot read IP mode file for STMicroelectronics.X-CUBE-AZRTOS-F7.1.1.0
2025-07-26 14:09:37,674 [WARN] PackLoader:240 - Cannot read IP mode file for STMicroelectronics.X-CUBE-MEMS1.11.0.0
2025-07-26 14:09:37,992 [WARN] PackLoader:240 - Cannot read IP mode file for STMicroelectronics.FP-SNS-FLIGHT1.5.0.2
2025-07-26 14:09:38,063 [WARN] PackLoader:240 - Cannot read IP mode file for STMicroelectronics.X-CUBE-AZRTOS-H7.3.4.0
2025-07-26 14:09:38,099 [WARN] PackLoader:240 - Cannot read IP mode file for STMicroelectronics.X-CUBE-DISPLAY.3.0.0
2025-07-26 14:09:38,136 [WARN] PackLoader:240 - Cannot read IP mode file for STMicroelectronics.X-CUBE-BLE1.7.0.0
2025-07-26 14:09:38,157 [WARN] PackLoader:240 - Cannot read IP mode file for STMicroelectronics.X-CUBE-NFC10.1.0.0
2025-07-26 14:09:38,221 [WARN] PackLoader:240 - Cannot read IP mode file for STMicroelectronics.X-CUBE-BLEMGR.4.0.0
2025-07-26 14:09:38,262 [WARN] PackLoader:240 - Cannot read IP mode file for emotas.I-CUBE-CANOPEN.1.3.0
2025-07-26 14:09:38,291 [WARN] PackLoader:240 - Cannot read IP mode file for STMicroelectronics.X-CUBE-BLEMGR.3.1.0
2025-07-26 14:09:38,306 [WARN] PackLoader:240 - Cannot read IP mode file for STMicroelectronics.X-CUBE-AI.10.0.0
2025-07-26 14:09:38,315 [WARN] PackLoader:240 - Cannot read IP mode file for STMicroelectronics.FP-SNS-SMARTAG2.1.2.0
2025-07-26 14:09:38,353 [INFO] LogOutputStream:77 - [STDOUT_REDIRECT] 1 : Invalid condition id : UX_CORESTACK_Condition cause : null
2025-07-26 14:09:38,357 [INFO] LogOutputStream:77 - [STDOUT_REDIRECT] 1 : Invalid condition id : UX_CORESTACK_Condition cause : null
2025-07-26 14:09:38,357 [INFO] LogOutputStream:77 - [STDOUT_REDIRECT] 1 : Invalid condition id : UX_CORESTACK_Condition cause : null
2025-07-26 14:09:38,358 [INFO] LogOutputStream:77 - [STDOUT_REDIRECT] 1 : Invalid condition id : UX_CORESTACK_Condition cause : null
2025-07-26 14:09:38,358 [INFO] LogOutputStream:77 - [STDOUT_REDIRECT] 1 : Invalid condition id : UX_CORESTACK_Condition cause : null
2025-07-26 14:09:38,372 [WARN] PackLoader:240 - Cannot read IP mode file for STMicroelectronics.X-CUBE-AZRTOS-WL.2.0.0
2025-07-26 14:09:38,384 [WARN] PackLoader:240 - Cannot read IP mode file for STMicroelectronics.FP-SNS-MOTENV1.5.0.0
2025-07-26 14:09:38,395 [WARN] PackLoader:240 - Cannot read IP mode file for wolfSSL.I-CUBE-wolfMQTT.1.19.0
2025-07-26 14:09:38,429 [WARN] PackLoader:240 - Cannot read IP mode file for WES.I-CUBE-Cesium.1.3.0
2025-07-26 14:09:38,441 [WARN] PackLoader:240 - Cannot read IP mode file for STMicroelectronics.X-CUBE-BLE2.3.3.0
2025-07-26 14:09:38,457 [WARN] PackLoader:240 - Cannot read IP mode file for STMicroelectronics.X-CUBE-NFC9.1.0.0
2025-07-26 14:09:38,482 [WARN] PackLoader:240 - Cannot read IP mode file for STMicroelectronics.X-CUBE-TCPP.4.1.0
2025-07-26 14:09:38,498 [WARN] PackLoader:240 - Cannot read IP mode file for STMicroelectronics.X-CUBE-EEPRMA1.5.2.0
2025-07-26 14:09:38,521 [WARN] PackLoader:240 - Cannot read IP mode file for STMicroelectronics.X-CUBE-AI.10.1.0
2025-07-26 14:09:38,693 [WARN] PackLoader:240 - Cannot read IP mode file for STMicroelectronics.X-CUBE-MEMS1.11.2.0
2025-07-26 14:09:39,082 [WARN] PackLoader:240 - Cannot read IP mode file for STMicroelectronics.X-CUBE-AZRTOS-G0.1.1.0
2025-07-26 14:09:39,108 [WARN] PackLoader:240 - Cannot read IP mode file for STMicroelectronics.X-CUBE-SAFEA1.1.2.2
2025-07-26 14:09:39,123 [WARN] PackLoader:240 - Cannot read IP mode file for STMicroelectronics.X-CUBE-NFC4.3.0.0
2025-07-26 14:09:39,172 [WARN] PackLoader:240 - Cannot read IP mode file for EmbeddedOffice.I-CUBE-FS-RTOS.1.0.1
2025-07-26 14:09:39,177 [ERROR] ConditionMgr:805 - Attr not supported : Dmpu
2025-07-26 14:09:39,181 [ERROR] ConditionMgr:805 - Attr not supported : Dmpu
2025-07-26 14:09:39,182 [ERROR] ConditionMgr:805 - Attr not supported : Dmpu
2025-07-26 14:09:39,182 [ERROR] ConditionMgr:805 - Attr not supported : Dmpu
2025-07-26 14:09:39,182 [ERROR] ConditionMgr:805 - Attr not supported : Dmpu
2025-07-26 14:09:39,182 [ERROR] ConditionMgr:805 - Attr not supported : Dmpu
2025-07-26 14:09:39,183 [ERROR] ConditionMgr:805 - Attr not supported : Dmpu
2025-07-26 14:09:39,183 [ERROR] ConditionMgr:805 - Attr not supported : Dmpu
2025-07-26 14:09:39,183 [ERROR] ConditionMgr:805 - Attr not supported : Dmpu
2025-07-26 14:09:39,183 [ERROR] ConditionMgr:805 - Attr not supported : Dmpu
2025-07-26 14:09:39,183 [ERROR] ConditionMgr:805 - Attr not supported : Dmpu
2025-07-26 14:09:39,183 [ERROR] ConditionMgr:805 - Attr not supported : Dmpu
2025-07-26 14:09:39,183 [ERROR] ConditionMgr:805 - Attr not supported : Dmpu
2025-07-26 14:09:39,183 [ERROR] ConditionMgr:805 - Attr not supported : Dmpu
2025-07-26 14:09:39,183 [ERROR] ConditionMgr:805 - Attr not supported : Dmpu
2025-07-26 14:09:39,183 [ERROR] ConditionMgr:805 - Attr not supported : Dmpu
2025-07-26 14:09:39,183 [ERROR] ConditionMgr:805 - Attr not supported : Dmpu
2025-07-26 14:09:39,183 [ERROR] ConditionMgr:805 - Attr not supported : Dmpu
2025-07-26 14:09:39,183 [ERROR] ConditionMgr:805 - Attr not supported : Dmpu
2025-07-26 14:09:39,183 [ERROR] ConditionMgr:805 - Attr not supported : Dmpu
2025-07-26 14:09:39,183 [ERROR] ConditionMgr:805 - Attr not supported : Dmpu
2025-07-26 14:09:39,183 [ERROR] ConditionMgr:805 - Attr not supported : Dmpu
2025-07-26 14:09:39,183 [ERROR] ConditionMgr:805 - Attr not supported : Dmpu
2025-07-26 14:09:39,183 [ERROR] ConditionMgr:805 - Attr not supported : Dmpu
2025-07-26 14:09:39,183 [ERROR] ConditionMgr:805 - Attr not supported : Dmpu
2025-07-26 14:09:39,183 [ERROR] ConditionMgr:805 - Attr not supported : Dmpu
2025-07-26 14:09:39,184 [ERROR] ConditionMgr:805 - Attr not supported : Dmpu
2025-07-26 14:09:39,184 [ERROR] ConditionMgr:805 - Attr not supported : Dmpu
2025-07-26 14:09:39,184 [ERROR] ConditionMgr:805 - Attr not supported : Dmpu
2025-07-26 14:09:39,184 [ERROR] ConditionMgr:805 - Attr not supported : Dmpu
2025-07-26 14:09:39,184 [ERROR] ConditionMgr:805 - Attr not supported : Dmpu
2025-07-26 14:09:39,184 [ERROR] ConditionMgr:805 - Attr not supported : Dmpu
2025-07-26 14:09:39,184 [ERROR] ConditionMgr:805 - Attr not supported : Dmpu
2025-07-26 14:09:39,184 [ERROR] ConditionMgr:805 - Attr not supported : Dmpu
2025-07-26 14:09:39,184 [ERROR] ConditionMgr:805 - Attr not supported : Dmpu
2025-07-26 14:09:39,184 [ERROR] ConditionMgr:805 - Attr not supported : Dmpu
2025-07-26 14:09:39,185 [ERROR] ConditionMgr:805 - Attr not supported : Dmpu
2025-07-26 14:09:39,186 [ERROR] ConditionMgr:805 - Attr not supported : Dmpu
2025-07-26 14:09:39,186 [ERROR] ConditionMgr:805 - Attr not supported : Dmpu
2025-07-26 14:09:39,186 [ERROR] ConditionMgr:805 - Attr not supported : Dmpu
2025-07-26 14:09:39,186 [ERROR] ConditionMgr:805 - Attr not supported : Dmpu
2025-07-26 14:09:39,186 [ERROR] ConditionMgr:805 - Attr not supported : Dmpu
2025-07-26 14:09:39,186 [ERROR] ConditionMgr:805 - Attr not supported : Dmpu
2025-07-26 14:09:39,186 [ERROR] ConditionMgr:805 - Attr not supported : Dmpu
2025-07-26 14:09:39,186 [ERROR] ConditionMgr:805 - Attr not supported : Dmpu
2025-07-26 14:09:39,187 [ERROR] ConditionMgr:805 - Attr not supported : Dmpu
2025-07-26 14:09:39,187 [ERROR] ConditionMgr:805 - Attr not supported : Dmpu
2025-07-26 14:09:39,187 [ERROR] ConditionMgr:805 - Attr not supported : Dmpu
2025-07-26 14:09:39,187 [ERROR] ConditionMgr:805 - Attr not supported : Dmpu
2025-07-26 14:09:39,188 [ERROR] ConditionMgr:805 - Attr not supported : Dmpu
2025-07-26 14:09:39,188 [ERROR] ConditionMgr:805 - Attr not supported : Dmpu
2025-07-26 14:09:39,188 [ERROR] ConditionMgr:805 - Attr not supported : Dmpu
2025-07-26 14:09:39,188 [ERROR] ConditionMgr:805 - Attr not supported : Dmpu
2025-07-26 14:09:39,188 [ERROR] ConditionMgr:805 - Attr not supported : Dmpu
2025-07-26 14:09:39,188 [ERROR] ConditionMgr:805 - Attr not supported : Dmpu
2025-07-26 14:09:39,188 [ERROR] ConditionMgr:805 - Attr not supported : Dmpu
2025-07-26 14:09:39,188 [ERROR] ConditionMgr:805 - Attr not supported : Dmpu
2025-07-26 14:09:39,189 [ERROR] ConditionMgr:805 - Attr not supported : Dmpu
2025-07-26 14:09:39,189 [ERROR] ConditionMgr:805 - Attr not supported : Dmpu
2025-07-26 14:09:39,189 [ERROR] ConditionMgr:805 - Attr not supported : Dmpu
2025-07-26 14:09:39,189 [ERROR] ConditionMgr:805 - Attr not supported : Dmpu
2025-07-26 14:09:39,190 [ERROR] ConditionMgr:805 - Attr not supported : Dmpu
2025-07-26 14:09:39,190 [ERROR] ConditionMgr:805 - Attr not supported : Dmpu
2025-07-26 14:09:39,190 [ERROR] ConditionMgr:805 - Attr not supported : Dmpu
2025-07-26 14:09:39,208 [WARN] PackLoader:240 - Cannot read IP mode file for STMicroelectronics.X-CUBE-WB05N.2.0.0
2025-07-26 14:09:39,255 [WARN] PackLoader:240 - Cannot read IP mode file for RealThread.X-CUBE-RT-Thread_Nano.4.1.1
2025-07-26 14:09:39,265 [WARN] PackLoader:240 - Cannot read IP mode file for STMicroelectronics.FP-ATR-SIGFOX1.3.2.0
2025-07-26 14:09:39,279 [WARN] PackLoader:240 - Cannot read IP mode file for wolfSSL.I-CUBE-wolfSSL.5.7.2
2025-07-26 14:09:39,289 [WARN] ConditionMgr:438 - getConditionDescription Invalid condition id : Cortex-A Device cause : null
2025-07-26 14:09:39,346 [WARN] ConditionMgr:1039 - genDependencies : Invalid condition id : Cortex-A Device cause : null
2025-07-26 14:09:39,346 [WARN] ConditionMgr:1039 - genDependencies : Invalid condition id : Cortex-A Device cause : null
2025-07-26 14:09:39,346 [WARN] ConditionMgr:1039 - genDependencies : Invalid condition id : Cortex-A Device cause : null
2025-07-26 14:09:39,363 [WARN] PackLoader:240 - Cannot read IP mode file for STMicroelectronics.X-CUBE-EEPRMA1.5.1.0
2025-07-26 14:09:39,380 [WARN] PackLoader:240 - Cannot read IP mode file for ITTIA_DB.I-CUBE-ITTIADB.8.9.0
2025-07-26 14:09:39,389 [ERROR] Engine:466 - /Users/felix/.stm32cubemx/thirdparties/pdsc/STMicroelectronics.X-CUBE-ST67W61.1.0.0.pdsc: PDSC version is not supported
2025-07-26 14:09:39,488 [WARN] PackLoader:240 - Cannot read IP mode file for SEGGER.I-CUBE-embOS.1.3.1
2025-07-26 14:09:39,579 [WARN] PackLoader:240 - Cannot read IP mode file for STMicroelectronics.X-CUBE-ALGOBUILD.1.4.0
2025-07-26 14:09:39,678 [WARN] PackLoader:240 - Cannot read IP mode file for STMicroelectronics.X-CUBE-MEMS1.11.3.0
2025-07-26 14:09:39,890 [WARN] PackLoader:240 - Cannot read IP mode file for STMicroelectronics.X-CUBE-AI.9.1.0
2025-07-26 14:09:40,047 [WARN] PackLoader:240 - Cannot read IP mode file for STMicroelectronics.X-CUBE-PM33A1.1.0.0
2025-07-26 14:09:40,164 [WARN] PackLoader:240 - Cannot read IP mode file for STMicroelectronics.X-CUBE-AZRTOS-F4.1.1.0
2025-07-26 14:09:40,245 [ERROR] Engine:466 - /Users/felix/.stm32cubemx/thirdparties/pdsc/Avnet-IotConnect.X-CUBE-IoTC-DA16k-PMOD.1.0.0.pdsc: PDSC version is not supported
2025-07-26 14:09:40,262 [WARN] PackLoader:240 - Cannot read IP mode file for STMicroelectronics.X-CUBE-ISPU.2.1.0
2025-07-26 14:09:40,291 [WARN] PackLoader:240 - Cannot read IP mode file for STMicroelectronics.X-CUBE-FREERTOS.1.2.0
2025-07-26 14:09:40,308 [WARN] PackLoader:240 - Cannot read IP mode file for STMicroelectronics.X-CUBE-NFC12.1.0.0
2025-07-26 14:09:40,350 [WARN] PackLoader:240 - Cannot read IP mode file for STMicroelectronics.X-CUBE-AZRTOS-L5.2.0.0
2025-07-26 14:09:40,382 [WARN] PackLoader:240 - Cannot read IP mode file for STMicroelectronics.X-CUBE-NFC6.3.1.0
2025-07-26 14:09:40,446 [WARN] PackLoader:240 - Cannot read IP mode file for STMicroelectronics.X-CUBE-DPower.1.2.0
2025-07-26 14:09:40,462 [WARN] PackLoader:240 - Cannot read IP mode file for STMicroelectronics.X-CUBE-FREERTOS.1.3.1
2025-07-26 14:09:40,479 [WARN] PackLoader:240 - Cannot read IP mode file for STMicroelectronics.X-CUBE-NFC7.1.0.1
2025-07-26 14:09:40,490 [ERROR] Engine:466 - /Users/felix/.stm32cubemx/thirdparties/pdsc/STMicroelectronics.FP-SNS-STAIOTCFT.1.0.0.pdsc: PDSC version is not supported
2025-07-26 14:09:40,550 [WARN] ConditionMgr:438 - getConditionDescription Invalid condition id : LAN8742 Phy interface Condition cause : null
2025-07-26 14:09:40,552 [WARN] PackLoader:240 - Cannot read IP mode file for STMicroelectronics.X-CUBE-AZRTOS-L4.2.0.0
2025-07-26 14:09:40,555 [WARN] ConditionMgr:1039 - genDependencies : Invalid condition id : LAN8742 Phy interface Condition cause : null
2025-07-26 14:09:40,556 [WARN] ConditionMgr:1039 - genDependencies : Invalid condition id : LAN8742 Phy interface Condition cause : null
2025-07-26 14:09:40,559 [WARN] ConditionMgr:1039 - genDependencies : Invalid condition id : LAN8742 Phy interface Condition cause : null
2025-07-26 14:09:40,596 [WARN] PackLoader:240 - Cannot read IP mode file for STMicroelectronics.X-CUBE-SFXS2LP1.4.0.0
2025-07-26 14:09:40,695 [WARN] PackLoader:240 - Cannot read IP mode file for STMicroelectronics.X-CUBE-AZRTOS-H7.3.3.0
2025-07-26 14:09:40,725 [ERROR] Engine:466 - /Users/felix/.stm32cubemx/thirdparties/pdsc/STMicroelectronics.X-CUBE-BLEMGR.4.1.0.pdsc: PDSC version is not supported
2025-07-26 14:09:40,772 [WARN] PackLoader:240 - Cannot read IP mode file for STMicroelectronics.X-CUBE-IPS.3.0.0
2025-07-26 14:09:40,828 [WARN] ConditionMgr:438 - getConditionDescription Invalid condition id : UX DEVICE CLASS RTOS Condition cause : null
2025-07-26 14:09:40,829 [WARN] ConditionMgr:438 - getConditionDescription Invalid condition id : UX DEVICE CLASS RTOS Condition cause : null
2025-07-26 14:09:40,837 [WARN] PackLoader:240 - Cannot read IP mode file for STMicroelectronics.X-CUBE-AZRTOS-WB.2.0.0
2025-07-26 14:09:40,841 [WARN] ConditionMgr:1039 - genDependencies : Invalid condition id : UX DEVICE CLASS RTOS Condition cause : null
2025-07-26 14:09:40,841 [WARN] ConditionMgr:1039 - genDependencies : Invalid condition id : UX DEVICE CLASS RTOS Condition cause : null
2025-07-26 14:09:40,843 [WARN] ConditionMgr:1039 - genDependencies : Invalid condition id : UX DEVICE CLASS RTOS Condition cause : null
2025-07-26 14:09:40,844 [WARN] ConditionMgr:1039 - genDependencies : Invalid condition id : UX DEVICE CLASS RTOS Condition cause : null
2025-07-26 14:09:40,844 [WARN] ConditionMgr:1039 - genDependencies : Invalid condition id : UX DEVICE CLASS RTOS Condition cause : null
2025-07-26 14:09:40,864 [WARN] PackLoader:240 - Cannot read IP mode file for STMicroelectronics.X-CUBE-GNSS1.7.0.0
2025-07-26 14:09:40,907 [WARN] PackLoader:240 - Cannot read IP mode file for STMicroelectronics.X-CUBE-TOUCHGFX.4.25.0
2025-07-26 14:09:40,927 [WARN] PackLoader:240 - Cannot read IP mode file for STMicroelectronics.FP-SNS-STBOX1.2.0.0
2025-07-26 14:09:40,987 [WARN] PackLoader:240 - Cannot read IP mode file for STMicroelectronics.X-CUBE-SUBG2.5.0.0
2025-07-26 14:09:41,059 [WARN] PackLoader:240 - Cannot read IP mode file for STMicroelectronics.X-CUBE-AZRTOS-H7RS.1.1.0
2025-07-26 14:09:41,074 [WARN] PackLoader:240 - Cannot read IP mode file for Cesanta.I-CUBE-Mongoose.7.13.0
2025-07-26 14:09:41,113 [WARN] PackLoader:240 - Cannot read IP mode file for STMicroelectronics.X-CUBE-AZRTOS-G4.2.0.0
2025-07-26 14:09:41,125 [WARN] PackLoader:240 - Cannot read IP mode file for STMicroelectronics.X-CUBE-ALS.1.0.2
2025-07-26 14:09:41,134 [WARN] PackLoader:240 - Cannot read IP mode file for STMicroelectronics.X-CUBE-TOUCHGFX.4.24.1
2025-07-26 14:09:41,140 [WARN] PackLoader:240 - Cannot read IP mode file for wolfSSL.I-CUBE-wolfTPM.3.4.0
2025-07-26 14:09:41,152 [WARN] PackLoader:240 - Cannot read IP mode file for portGmbH.I-Cube-SoM-uGOAL.1.1.0
2025-07-26 14:09:41,221 [WARN] PackLoader:240 - Cannot read IP mode file for STMicroelectronics.X-CUBE-AZRTOS-H7RS.1.0.0
2025-07-26 14:09:41,242 [WARN] PackLoader:240 - Cannot read IP mode file for STMicroelectronics.FP-ATR-ASTRA1.2.0.0
2025-07-26 14:09:41,285 [WARN] PackLoader:240 - Cannot read IP mode file for STMicroelectronics.X-CUBE-TOF1.3.4.2
2025-07-26 14:09:41,376 [ERROR] Engine:466 - /Users/felix/.stm32cubemx/thirdparties/pdsc/STMicroelectronics.X-CUBE-TOF1.3.4.3.pdsc: PDSC version is not supported
2025-07-26 14:09:41,494 [WARN] PackLoader:240 - Cannot read IP mode file for Infineon.AIROC-Wi-Fi-Bluetooth-STM32.1.6.1
2025-07-26 14:09:41,551 [WARN] PackLoader:240 - Cannot read IP mode file for wolfSSL.I-CUBE-wolfSSH.1.4.17
2025-07-26 14:09:41,571 [INFO] ThirdParty:978 - Integrity check success = true
2025-07-26 14:09:41,572 [INFO] IntegrityCheckThread:100 - exiting critical section [integrity check]
2025-07-26 14:09:41,573 [INFO] IntegrityCheckThread:103 - End integrity checks thread
2025-07-26 14:10:06,946 [INFO] WebApp:167 - Instantiating new browser for Auth
2025-07-26 14:10:09,373 [INFO] WebApp:448 - Apply proxy settings
2025-07-26 14:10:09,404 [INFO] WebApp:493 - Chromium authenticates against Manually configured proxy
2025-07-26 14:10:09,447 [INFO] WebApp:501 - Username used for proxy authentication: 
2025-07-26 14:10:09,527 [INFO] WebApp:869 - Register for checkConnection events
2025-07-26 14:10:09,533 [INFO] WebApp:448 - Apply proxy settings
2025-07-26 14:10:09,535 [INFO] WebApp:493 - Chromium authenticates against Manually configured proxy
2025-07-26 14:10:09,543 [INFO] WebApp:501 - Username used for proxy authentication: 
2025-07-26 14:10:09,873 [INFO] WebApp:220 - Starting web application
2025-07-26 14:10:09,873 [INFO] WebApp:578 - Web application path used /Applications/STM32CubeIDE.app/Contents/Eclipse/plugins/com.st.stm32cube.common.mx_6.12.1.202409122256/db/plugins/mcufinder/reactClient1/index.html
2025-07-26 14:10:10,233 [INFO] WebApp:186 - Connection restablished
2025-07-26 14:10:10,664 [INFO] UserAuth:417 - Internet connection configuration mode: 1
2025-07-26 14:11:09,261 [INFO] Activator:176 - 


2025-07-26 14:11:09,263 [INFO] Activator:177 - !SESSION log4j initialized
2025-07-26 14:11:10,714 [INFO] LogOutputStream:77 - [STDOUT_REDIRECT] 
2025-07-26 14:11:11,967 [ERROR] LogOutputStream:75 - [STDERR_REDIRECT] 
2025-07-26 14:11:14,050 [INFO] LogOutputStream:77 - [STDOUT_REDIRECT] 
2025-07-26 14:11:16,401 [INFO] ApplicationProperties:184 - Using Application install path: /Applications/STM32CubeIDE.app/Contents/Eclipse/plugins/com.st.stm32cube.common.mx_6.12.1.202409122256
2025-07-26 14:11:16,420 [INFO] DbMcusXml:78 - Set database path to: /Applications/STM32CubeIDE.app/Contents/Eclipse/plugins/com.st.stm32cube.common.mx_6.12.1.202409122256//db//mcu/
2025-07-26 14:11:16,420 [INFO] ApiDb:274 - Set plugin database path to: /Applications/STM32CubeIDE.app/Contents/Eclipse/plugins/com.st.stm32cube.common.mx_6.12.1.202409122256//db//plugins/boardmanager/
2025-07-26 14:11:16,422 [WARN] ApiDb:259 - Overriding images path with different value:  => /Applications/STM32CubeIDE.app/Contents/Eclipse/plugins/com.st.stm32cube.common.mx_6.12.1.202409122256//db//plugins/mcufinder/images/
2025-07-26 14:11:16,428 [INFO] ApiDb:250 - Set database path to: /Users/felix/.stmcufinder/plugins/mcufinder//mcu/
2025-07-26 14:11:16,429 [INFO] DbMcusAds:125 - Set database path to: /Users/felix/.stmcufinder/plugins/mcufinder//mcu/
2025-07-26 14:11:16,431 [INFO] CrossReferenceDbSqlite:203 - Set database path to: /Users/felix/.stmcufinder/plugins/mcufinder//mcu/cs/
2025-07-26 14:11:16,588 [INFO] RulesReader:64 - Compatibility file has been processed (297 Rules)
2025-07-26 14:11:16,674 [INFO] DbMcusXml:78 - Set database path to: /Applications/STM32CubeIDE.app/Contents/Eclipse/plugins/com.st.stm32cube.common.mx_6.12.1.202409122256//db//mcu/
2025-07-26 14:11:16,674 [INFO] ApiDb:274 - Set plugin database path to: /Applications/STM32CubeIDE.app/Contents/Eclipse/plugins/com.st.stm32cube.common.mx_6.12.1.202409122256//db//plugins/boardmanager/
2025-07-26 14:11:16,675 [INFO] ApiDb:261 - Set plugin images path to: /Applications/STM32CubeIDE.app/Contents/Eclipse/plugins/com.st.stm32cube.common.mx_6.12.1.202409122256//db//plugins/mcufinder/images/
2025-07-26 14:11:16,675 [WARN] DbFile:41 - Overriding database path with different value: /Users/felix/.stmcufinder/plugins/mcufinder/ => /Users/felix/.stmcufinder/plugins/mcufinder
2025-07-26 14:11:16,675 [INFO] ApiDb:250 - Set database path to: /Users/felix/.stmcufinder/plugins/mcufinder//mcu/
2025-07-26 14:11:16,675 [WARN] DbFile:41 - Overriding database path with different value: /Users/felix/.stmcufinder/plugins/mcufinder/ => /Users/felix/.stmcufinder/plugins/mcufinder
2025-07-26 14:11:16,676 [INFO] DbMcusAds:125 - Set database path to: /Users/felix/.stmcufinder/plugins/mcufinder//mcu/
2025-07-26 14:11:16,676 [WARN] DbFile:41 - Overriding database path with different value: /Users/felix/.stmcufinder/plugins/mcufinder/ => /Users/felix/.stmcufinder/plugins/mcufinder
2025-07-26 14:11:16,676 [WARN] DbFile:41 - Overriding database path with different value: /Users/felix/.stmcufinder/plugins/mcufinder/ => /Users/felix/.stmcufinder/plugins/mcufinder
2025-07-26 14:11:16,676 [INFO] CrossReferenceDbSqlite:203 - Set database path to: /Users/felix/.stmcufinder/plugins/mcufinder//mcu/cs/
2025-07-26 14:11:16,776 [INFO] MainPanel:268 - HeapMemory: 276824064
2025-07-26 14:11:17,094 [INFO] DbMcusXml:78 - Set database path to: /Applications/STM32CubeIDE.app/Contents/Eclipse/plugins/com.st.stm32cube.common.mx_6.12.1.202409122256//db//mcu/
2025-07-26 14:11:17,094 [INFO] ApiDb:274 - Set plugin database path to: /Applications/STM32CubeIDE.app/Contents/Eclipse/plugins/com.st.stm32cube.common.mx_6.12.1.202409122256//db//plugins/boardmanager/
2025-07-26 14:11:17,095 [INFO] ApiDb:261 - Set plugin images path to: /Applications/STM32CubeIDE.app/Contents/Eclipse/plugins/com.st.stm32cube.common.mx_6.12.1.202409122256//db//plugins/mcufinder/images/
2025-07-26 14:11:17,095 [WARN] DbFile:41 - Overriding database path with different value: /Users/felix/.stmcufinder/plugins/mcufinder/ => /Users/felix/.stmcufinder/plugins/mcufinder
2025-07-26 14:11:17,095 [INFO] ApiDb:250 - Set database path to: /Users/felix/.stmcufinder/plugins/mcufinder//mcu/
2025-07-26 14:11:17,095 [WARN] DbFile:41 - Overriding database path with different value: /Users/felix/.stmcufinder/plugins/mcufinder/ => /Users/felix/.stmcufinder/plugins/mcufinder
2025-07-26 14:11:17,095 [INFO] DbMcusAds:125 - Set database path to: /Users/felix/.stmcufinder/plugins/mcufinder//mcu/
2025-07-26 14:11:17,096 [WARN] DbFile:41 - Overriding database path with different value: /Users/felix/.stmcufinder/plugins/mcufinder/ => /Users/felix/.stmcufinder/plugins/mcufinder
2025-07-26 14:11:17,096 [WARN] DbFile:41 - Overriding database path with different value: /Users/felix/.stmcufinder/plugins/mcufinder/ => /Users/felix/.stmcufinder/plugins/mcufinder
2025-07-26 14:11:17,096 [INFO] CrossReferenceDbSqlite:203 - Set database path to: /Users/felix/.stmcufinder/plugins/mcufinder//mcu/cs/
2025-07-26 14:11:17,116 [INFO] ApplicationProperties:184 - Using Application install path: /Applications/STM32CubeIDE.app/Contents/Eclipse/plugins/com.st.stm32cube.common.mx_6.12.1.202409122256
2025-07-26 14:11:17,117 [INFO] PluginManage:196 - Search for loadable plugins [exclusion list=, ]
2025-07-26 14:11:17,119 [INFO] PluginManage:310 - Check plugin analytics
2025-07-26 14:11:17,362 [INFO] AnalyticsPlugin:253 - Accepted Software Licenses: 
2025-07-26 14:11:17,362 [INFO] AnalyticsPlugin:255 - Accepted CMSIS Pack Licenses: 
2025-07-26 14:11:17,362 [INFO] AnalyticsPlugin:257 - Accepted Firmware Licenses: FW.F4.1.28.0
2025-07-26 14:11:17,378 [INFO] PluginManage:359 - Loaded plugin analytics (category:tool,tabindex:-1)
2025-07-26 14:11:17,381 [INFO] PluginManage:310 - Check plugin cadmodel
2025-07-26 14:11:17,431 [INFO] CADModel:105 - Init CAD model plugin
2025-07-26 14:11:17,432 [INFO] PluginManage:359 - Loaded plugin cadmodel (category:power,tabindex:5)
2025-07-26 14:11:17,432 [INFO] PluginManage:310 - Check plugin clock
2025-07-26 14:11:17,449 [INFO] PluginManage:359 - Loaded plugin clock (category:base,tabindex:2)
2025-07-26 14:11:17,450 [INFO] PluginManage:310 - Check plugin ddr
2025-07-26 14:11:17,453 [INFO] PluginManage:359 - Loaded plugin ddr (category:tool,tabindex:6)
2025-07-26 14:11:17,453 [INFO] PluginManage:310 - Check plugin filemanager
2025-07-26 14:11:17,622 [INFO] PluginManage:359 - Loaded plugin filemanager (category:base,tabindex:10)
2025-07-26 14:11:17,622 [INFO] PluginManage:310 - Check plugin ipmanager
2025-07-26 14:11:17,632 [INFO] PluginManage:359 - Loaded plugin ipmanager (category:base,tabindex:5)
2025-07-26 14:11:17,632 [INFO] PluginManage:310 - Check plugin lpbam
2025-07-26 14:11:17,642 [INFO] PluginManage:359 - Loaded plugin lpbam (category:base,tabindex:0)
2025-07-26 14:11:17,642 [INFO] PluginManage:310 - Check plugin memorymap
2025-07-26 14:11:17,695 [INFO] PluginManage:359 - Loaded plugin memorymap (category:base,tabindex:4)
2025-07-26 14:11:17,696 [INFO] PluginManage:310 - Check plugin pinoutandconfiguration
2025-07-26 14:11:17,703 [INFO] PluginManage:359 - Loaded plugin pinoutandconfiguration (category:base,tabindex:1)
2025-07-26 14:11:17,704 [INFO] PluginManage:310 - Check plugin pinoutconfig
2025-07-26 14:11:17,809 [WARN] SupportedApi:132 - Cannot load RTOS API schema: s4s-elt-must-match.1: The content of 'definitions' must match (annotation?, (simpleType | complexType)?, (unique | key | keyref)*)). A problem was found starting at: attribute.
2025-07-26 14:11:18,252 [INFO] PluginManage:359 - Loaded plugin pinoutconfig (category:base,tabindex:0)
2025-07-26 14:11:18,254 [INFO] PluginManage:310 - Check plugin power
2025-07-26 14:11:18,285 [INFO] PluginManage:359 - Loaded plugin power (category:power,tabindex:4)
2025-07-26 14:11:18,286 [INFO] PluginManage:310 - Check plugin projectmanager
2025-07-26 14:11:18,343 [INFO] PluginManage:359 - Loaded plugin projectmanager (category:projectmanager,tabindex:4)
2025-07-26 14:11:18,343 [INFO] PluginManage:310 - Check plugin rif
2025-07-26 14:11:18,349 [INFO] PluginManage:359 - Loaded plugin rif (category:base,tabindex:3)
2025-07-26 14:11:18,349 [INFO] PluginManage:310 - Check plugin thirdparty
2025-07-26 14:11:18,968 [INFO] PluginManage:359 - Loaded plugin thirdparty (category:base,tabindex:-1)
2025-07-26 14:11:18,972 [INFO] PluginManage:310 - Check plugin tools
2025-07-26 14:11:18,968 [WARN] IntegrityCheckThread:84 - waiting for thirdparty lock release [integrity check]
2025-07-26 14:11:18,973 [INFO] IntegrityCheckThread:86 - entering critical section [integrity check]
2025-07-26 14:11:18,991 [INFO] PluginManage:359 - Loaded plugin tools (category:base,tabindex:7)
2025-07-26 14:11:18,991 [INFO] ThirdPartyUpdaterWithRetryManager:70 - Updater plugin not ready yet. [1/15]
2025-07-26 14:11:18,992 [INFO] PluginManage:310 - Check plugin tutovideos
2025-07-26 14:11:19,207 [INFO] PluginManage:359 - Loaded plugin tutovideos (category:base,tabindex:-1)
2025-07-26 14:11:19,208 [INFO] PluginManage:310 - Check plugin updater
2025-07-26 14:11:19,241 [INFO] PluginManage:359 - Loaded plugin updater (category:base,tabindex:12)
2025-07-26 14:11:19,241 [INFO] PluginManage:310 - Check plugin userauth
2025-07-26 14:11:19,248 [INFO] UserAuth:113 - Init User Auth plugin
2025-07-26 14:11:19,248 [INFO] PluginManage:359 - Loaded plugin userauth (category:base,tabindex:14)
2025-07-26 14:11:19,248 [INFO] PluginManage:283 - PluginManage : Loaded plugins [18]
2025-07-26 14:11:19,650 [INFO] PinOutPanel:1561 - setPackage(No Configuration,No Configuration)
2025-07-26 14:11:19,764 [INFO] CADModel:165 - CPN selected for project level
2025-07-26 14:11:19,765 [INFO] CADModel:114 - Register for checkConnection events
2025-07-26 14:11:19,829 [INFO] IPUIPlugin:80 - create IPUIPlugin
2025-07-26 14:11:19,837 [INFO] PluginManager:220 - loadIPPluginJar : add mdma
2025-07-26 14:11:19,858 [INFO] IPUIPlugin:80 - create IPUIPlugin
2025-07-26 14:11:19,861 [INFO] PluginManager:220 - loadIPPluginJar : add freertos
2025-07-26 14:11:19,875 [INFO] IPUIPlugin:80 - create IPUIPlugin
2025-07-26 14:11:19,875 [INFO] PluginManager:220 - loadIPPluginJar : add gic
2025-07-26 14:11:19,927 [INFO] IPUIPlugin:80 - create IPUIPlugin
2025-07-26 14:11:19,928 [INFO] PluginManager:220 - loadIPPluginJar : add adc
2025-07-26 14:11:19,932 [INFO] IPUIPlugin:80 - create IPUIPlugin
2025-07-26 14:11:19,933 [INFO] PluginManager:220 - loadIPPluginJar : add gtzc
2025-07-26 14:11:19,938 [INFO] IPUIPlugin:80 - create IPUIPlugin
2025-07-26 14:11:19,938 [INFO] PluginManager:220 - loadIPPluginJar : add quadspi
2025-07-26 14:11:19,945 [INFO] IPUIPlugin:80 - create IPUIPlugin
2025-07-26 14:11:19,946 [INFO] PluginManager:220 - loadIPPluginJar : add aes
2025-07-26 14:11:19,956 [INFO] IPUIPlugin:80 - create IPUIPlugin
2025-07-26 14:11:19,956 [INFO] PluginManager:220 - loadIPPluginJar : add pdm2pcm
2025-07-26 14:11:19,966 [INFO] IPUIPlugin:80 - create IPUIPlugin
2025-07-26 14:11:19,967 [INFO] PluginManager:220 - loadIPPluginJar : add hash
2025-07-26 14:11:19,973 [INFO] IPUIPlugin:80 - create IPUIPlugin
2025-07-26 14:11:19,973 [INFO] PluginManager:220 - loadIPPluginJar : add tim
2025-07-26 14:11:19,978 [INFO] IPUIPlugin:80 - create IPUIPlugin
2025-07-26 14:11:19,978 [INFO] PluginManager:220 - loadIPPluginJar : add tsc
2025-07-26 14:11:19,983 [INFO] IPUIPlugin:80 - create IPUIPlugin
2025-07-26 14:11:19,984 [INFO] PluginManager:220 - loadIPPluginJar : add extmemmanager
2025-07-26 14:11:19,988 [INFO] IPUIPlugin:80 - create IPUIPlugin
2025-07-26 14:11:19,988 [INFO] PluginManager:220 - loadIPPluginJar : add ts
2025-07-26 14:11:19,994 [INFO] IPUIPlugin:80 - create IPUIPlugin
2025-07-26 14:11:19,997 [INFO] PluginManager:220 - loadIPPluginJar : add radio
2025-07-26 14:11:20,004 [INFO] IPUIPlugin:80 - create IPUIPlugin
2025-07-26 14:11:20,004 [INFO] PluginManager:220 - loadIPPluginJar : add can
2025-07-26 14:11:20,013 [INFO] IPUIPlugin:80 - create IPUIPlugin
2025-07-26 14:11:20,014 [INFO] PluginManager:220 - loadIPPluginJar : add dma3
2025-07-26 14:11:20,023 [INFO] IPUIPlugin:80 - create IPUIPlugin
2025-07-26 14:11:20,024 [INFO] PluginManager:220 - loadIPPluginJar : add dfsdm
2025-07-26 14:11:20,030 [INFO] IPUIPlugin:80 - create IPUIPlugin
2025-07-26 14:11:20,030 [INFO] PluginManager:220 - loadIPPluginJar : add spi
2025-07-26 14:11:20,032 [INFO] IPUIPlugin:80 - create IPUIPlugin
2025-07-26 14:11:20,033 [INFO] PluginManager:220 - loadIPPluginJar : add gfxmmu
2025-07-26 14:11:20,036 [INFO] IPUIPlugin:80 - create IPUIPlugin
2025-07-26 14:11:20,036 [INFO] PluginManager:220 - loadIPPluginJar : add genericplugin
2025-07-26 14:11:20,040 [INFO] IPUIPlugin:80 - create IPUIPlugin
2025-07-26 14:11:20,040 [INFO] PluginManager:220 - loadIPPluginJar : add cryp
2025-07-26 14:11:20,049 [INFO] IPUIPlugin:80 - create IPUIPlugin
2025-07-26 14:11:20,053 [INFO] PluginManager:220 - loadIPPluginJar : add gpio
2025-07-26 14:11:20,058 [INFO] IPUIPlugin:80 - create IPUIPlugin
2025-07-26 14:11:20,058 [INFO] PluginManager:220 - loadIPPluginJar : add ddr_ctrl_phy
2025-07-26 14:11:20,062 [INFO] IPUIPlugin:80 - create IPUIPlugin
2025-07-26 14:11:20,062 [INFO] PluginManager:220 - loadIPPluginJar : add comp
2025-07-26 14:11:20,066 [INFO] IPUIPlugin:80 - create IPUIPlugin
2025-07-26 14:11:20,066 [INFO] PluginManager:220 - loadIPPluginJar : add tracer_emb
2025-07-26 14:11:20,070 [INFO] IPUIPlugin:80 - create IPUIPlugin
2025-07-26 14:11:20,070 [INFO] PluginManager:220 - loadIPPluginJar : add openamp
2025-07-26 14:11:20,075 [INFO] IPUIPlugin:80 - create IPUIPlugin
2025-07-26 14:11:20,076 [INFO] PluginManager:220 - loadIPPluginJar : add stm32_wpan
2025-07-26 14:11:20,085 [INFO] IPUIPlugin:80 - create IPUIPlugin
2025-07-26 14:11:20,114 [INFO] PluginManager:220 - loadIPPluginJar : add plateformsettings
2025-07-26 14:11:20,122 [INFO] IPUIPlugin:80 - create IPUIPlugin
2025-07-26 14:11:20,122 [INFO] PluginManager:220 - loadIPPluginJar : add ipddr
2025-07-26 14:11:20,129 [INFO] IPUIPlugin:80 - create IPUIPlugin
2025-07-26 14:11:20,130 [INFO] PluginManager:220 - loadIPPluginJar : add usart
2025-07-26 14:11:20,132 [INFO] IPUIPlugin:80 - create IPUIPlugin
2025-07-26 14:11:20,132 [INFO] PluginManager:220 - loadIPPluginJar : add ltdc
2025-07-26 14:11:20,136 [INFO] IPUIPlugin:80 - create IPUIPlugin
2025-07-26 14:11:20,137 [INFO] PluginManager:220 - loadIPPluginJar : add nvic
2025-07-26 14:11:20,139 [INFO] IPUIPlugin:80 - create IPUIPlugin
2025-07-26 14:11:20,140 [INFO] PluginManager:220 - loadIPPluginJar : add fatfs
2025-07-26 14:11:20,150 [INFO] IPUIPlugin:80 - create IPUIPlugin
2025-07-26 14:11:20,150 [INFO] PluginManager:220 - loadIPPluginJar : add linkedlist
2025-07-26 14:11:20,158 [INFO] IPUIPlugin:80 - create IPUIPlugin
2025-07-26 14:11:20,160 [INFO] PluginManager:220 - loadIPPluginJar : add dma
2025-07-26 14:11:20,166 [INFO] IPUIPlugin:80 - create IPUIPlugin
2025-07-26 14:11:20,166 [INFO] PluginManager:220 - loadIPPluginJar : add fmc
2025-07-26 14:11:20,169 [INFO] IPUIPlugin:80 - create IPUIPlugin
2025-07-26 14:11:20,169 [INFO] PluginManager:220 - loadIPPluginJar : add i2s
2025-07-26 14:11:20,171 [INFO] IPUIPlugin:80 - create IPUIPlugin
2025-07-26 14:11:20,171 [INFO] PluginManager:220 - loadIPPluginJar : add ucpd
2025-07-26 14:11:20,174 [INFO] IPUIPlugin:80 - create IPUIPlugin
2025-07-26 14:11:20,175 [INFO] PluginManager:220 - loadIPPluginJar : add lorawan
2025-07-26 14:11:20,179 [INFO] IPUIPlugin:80 - create IPUIPlugin
2025-07-26 14:11:20,179 [INFO] PluginManager:220 - loadIPPluginJar : add opamp
2025-07-26 14:11:20,183 [INFO] IPUIPlugin:80 - create IPUIPlugin
2025-07-26 14:11:20,184 [INFO] PluginManager:220 - loadIPPluginJar : add i3c
2025-07-26 14:11:20,187 [INFO] IPUIPlugin:80 - create IPUIPlugin
2025-07-26 14:11:20,187 [INFO] PluginManager:220 - loadIPPluginJar : add touchsensing
2025-07-26 14:11:20,189 [INFO] IPUIPlugin:80 - create IPUIPlugin
2025-07-26 14:11:20,189 [INFO] PluginManager:220 - loadIPPluginJar : add i2c
2025-07-26 14:11:20,192 [INFO] IPUIPlugin:80 - create IPUIPlugin
2025-07-26 14:11:20,192 [INFO] PluginManager:220 - loadIPPluginJar : add resmgrutility
2025-07-26 14:11:20,194 [INFO] IPUIPlugin:80 - create IPUIPlugin
2025-07-26 14:11:20,194 [INFO] PluginManager:220 - loadIPPluginJar : add sai
2025-07-26 14:11:20,199 [INFO] IPUIPlugin:80 - create IPUIPlugin
2025-07-26 14:11:20,200 [INFO] PluginManager:220 - loadIPPluginJar : add usbx
2025-07-26 14:11:20,332 [INFO] CADModel:165 - CPN selected for project level
2025-07-26 14:11:20,333 [INFO] CADModel:114 - Register for checkConnection events
2025-07-26 14:11:20,334 [FATAL] Updater:334 - Updater called before beeing initialized
2025-07-26 14:11:20,334 [ERROR] CADModel:125 - Updater not yet initialized, retry later 
2025-07-26 14:11:20,656 [INFO] CADModel:165 - CPN selected for project level
2025-07-26 14:11:20,657 [INFO] CADModel:114 - Register for checkConnection events
2025-07-26 14:11:20,657 [FATAL] Updater:334 - Updater called before beeing initialized
2025-07-26 14:11:20,658 [ERROR] CADModel:125 - Updater not yet initialized, retry later 
2025-07-26 14:11:20,661 [FATAL] Updater:334 - Updater called before beeing initialized
2025-07-26 14:11:20,842 [FATAL] Updater:334 - Updater called before beeing initialized
2025-07-26 14:11:20,849 [INFO] DbMcusAds:53 - JSON generation date=Fri Sep 20 09:04:38 EDT 2024 (1726837478367)
2025-07-26 14:11:20,850 [FATAL] Updater:334 - Updater called before beeing initialized
2025-07-26 14:11:20,918 [WARN] DetailPanel:346 - Failed to get advertising image, set to default
2025-07-26 14:11:21,016 [FATAL] Updater:334 - Updater called before beeing initialized
2025-07-26 14:11:21,020 [FATAL] Updater:334 - Updater called before beeing initialized
2025-07-26 14:11:21,020 [FATAL] Updater:334 - Updater called before beeing initialized
2025-07-26 14:11:21,021 [WARN] DetailPanel:346 - Failed to get advertising image, set to default
2025-07-26 14:11:21,022 [FATAL] Updater:334 - Updater called before beeing initialized
2025-07-26 14:11:21,105 [ERROR] Updater:1164 - MainUpdater not yet initialized. External WinMGr cannot be set.
2025-07-26 14:11:21,114 [INFO] Updater:1100 - Updater Version found : 6.12.1
2025-07-26 14:11:21,129 [INFO] ApplicationProperties:184 - Using Application install path: /Applications/STM32CubeIDE.app/Contents/Eclipse/plugins/com.st.stm32cube.common.mx_6.12.1.202409122256
2025-07-26 14:11:21,545 [INFO] MainUpdater:2873 - connection check result : 10
2025-07-26 14:11:21,547 [INFO] MainUpdater:290 - Updater Check For Update Now.
2025-07-26 14:11:21,548 [INFO] MicroXplorer:498 - Change Database Version : DB.6.0.121
2025-07-26 14:11:21,559 [INFO] McuFinderGlobals:63 - Set McuFinder mode to 2 (CubeIDE integrated)
2025-07-26 14:11:21,563 [INFO] UserAuth:417 - Internet connection configuration mode: 1
2025-07-26 14:11:21,584 [INFO] JxBrowserEngine:152 - Initiate JxBrowser Engine with user profile folder
2025-07-26 14:11:21,906 [INFO] CheckServerUpdateThread:120 - End of CheckServer Thread
2025-07-26 14:11:22,242 [WARN] PackLoader:240 - Cannot read IP mode file for STMicroelectronics.FP-SNS-MOTENVWB1.1.4.0
2025-07-26 14:11:22,280 [WARN] PackLoader:240 - Cannot read IP mode file for STMicroelectronics.FP-ATR-ASTRA1.2.0.1
2025-07-26 14:11:22,303 [WARN] PackLoader:240 - Cannot read IP mode file for STMicroelectronics.X-CUBE-SMBUS.2.1.0
2025-07-26 14:11:22,318 [WARN] PackLoader:240 - Cannot read IP mode file for STMicroelectronics.X-CUBE-WB05N.1.1.0
2025-07-26 14:11:22,323 [ERROR] Engine:466 - /Users/felix/.stm32cubemx/thirdparties/pdsc/STMicroelectronics.X-CUBE-ST60.1.0.0.pdsc: PDSC version is not supported
2025-07-26 14:11:22,378 [WARN] PackLoader:240 - Cannot read IP mode file for STMicroelectronics.X-CUBE-AZRTOS-F7.1.1.0
2025-07-26 14:11:22,619 [WARN] PackLoader:240 - Cannot read IP mode file for STMicroelectronics.X-CUBE-MEMS1.11.0.0
2025-07-26 14:11:22,878 [WARN] PackLoader:240 - Cannot read IP mode file for STMicroelectronics.FP-SNS-FLIGHT1.5.0.2
2025-07-26 14:11:22,948 [WARN] PackLoader:240 - Cannot read IP mode file for STMicroelectronics.X-CUBE-AZRTOS-H7.3.4.0
2025-07-26 14:11:23,019 [WARN] PackLoader:240 - Cannot read IP mode file for STMicroelectronics.X-CUBE-DISPLAY.3.0.0
2025-07-26 14:11:23,060 [WARN] PackLoader:240 - Cannot read IP mode file for STMicroelectronics.X-CUBE-BLE1.7.0.0
2025-07-26 14:11:23,092 [WARN] PackLoader:240 - Cannot read IP mode file for STMicroelectronics.X-CUBE-NFC10.1.0.0
2025-07-26 14:11:23,135 [WARN] PackLoader:240 - Cannot read IP mode file for STMicroelectronics.X-CUBE-BLEMGR.4.0.0
2025-07-26 14:11:23,194 [WARN] PackLoader:240 - Cannot read IP mode file for emotas.I-CUBE-CANOPEN.1.3.0
2025-07-26 14:11:23,216 [WARN] PackLoader:240 - Cannot read IP mode file for STMicroelectronics.X-CUBE-BLEMGR.3.1.0
2025-07-26 14:11:23,229 [WARN] PackLoader:240 - Cannot read IP mode file for STMicroelectronics.X-CUBE-AI.10.0.0
2025-07-26 14:11:23,235 [WARN] PackLoader:240 - Cannot read IP mode file for STMicroelectronics.FP-SNS-SMARTAG2.1.2.0
2025-07-26 14:11:23,260 [INFO] LogOutputStream:77 - [STDOUT_REDIRECT] 1 : Invalid condition id : UX_CORESTACK_Condition cause : null
2025-07-26 14:11:23,262 [INFO] LogOutputStream:77 - [STDOUT_REDIRECT] 1 : Invalid condition id : UX_CORESTACK_Condition cause : null
2025-07-26 14:11:23,263 [INFO] LogOutputStream:77 - [STDOUT_REDIRECT] 1 : Invalid condition id : UX_CORESTACK_Condition cause : null
2025-07-26 14:11:23,263 [INFO] LogOutputStream:77 - [STDOUT_REDIRECT] 1 : Invalid condition id : UX_CORESTACK_Condition cause : null
2025-07-26 14:11:23,263 [INFO] LogOutputStream:77 - [STDOUT_REDIRECT] 1 : Invalid condition id : UX_CORESTACK_Condition cause : null
2025-07-26 14:11:23,270 [WARN] PackLoader:240 - Cannot read IP mode file for STMicroelectronics.X-CUBE-AZRTOS-WL.2.0.0
2025-07-26 14:11:23,291 [WARN] PackLoader:240 - Cannot read IP mode file for STMicroelectronics.FP-SNS-MOTENV1.5.0.0
2025-07-26 14:11:23,301 [WARN] PackLoader:240 - Cannot read IP mode file for wolfSSL.I-CUBE-wolfMQTT.1.19.0
2025-07-26 14:11:23,327 [WARN] PackLoader:240 - Cannot read IP mode file for WES.I-CUBE-Cesium.1.3.0
2025-07-26 14:11:23,339 [WARN] PackLoader:240 - Cannot read IP mode file for STMicroelectronics.X-CUBE-BLE2.3.3.0
2025-07-26 14:11:23,351 [WARN] PackLoader:240 - Cannot read IP mode file for STMicroelectronics.X-CUBE-NFC9.1.0.0
2025-07-26 14:11:23,359 [WARN] PackLoader:240 - Cannot read IP mode file for STMicroelectronics.X-CUBE-TCPP.4.1.0
2025-07-26 14:11:23,386 [WARN] PackLoader:240 - Cannot read IP mode file for STMicroelectronics.X-CUBE-EEPRMA1.5.2.0
2025-07-26 14:11:23,401 [WARN] PackLoader:240 - Cannot read IP mode file for STMicroelectronics.X-CUBE-AI.10.1.0
2025-07-26 14:11:23,492 [WARN] PackLoader:240 - Cannot read IP mode file for STMicroelectronics.X-CUBE-MEMS1.11.2.0
2025-07-26 14:11:23,694 [WARN] PackLoader:240 - Cannot read IP mode file for STMicroelectronics.X-CUBE-AZRTOS-G0.1.1.0
2025-07-26 14:11:23,756 [WARN] PackLoader:240 - Cannot read IP mode file for STMicroelectronics.X-CUBE-SAFEA1.1.2.2
2025-07-26 14:11:23,768 [WARN] PackLoader:240 - Cannot read IP mode file for STMicroelectronics.X-CUBE-NFC4.3.0.0
2025-07-26 14:11:23,790 [WARN] PackLoader:240 - Cannot read IP mode file for EmbeddedOffice.I-CUBE-FS-RTOS.1.0.1
2025-07-26 14:11:23,795 [ERROR] ConditionMgr:805 - Attr not supported : Dmpu
2025-07-26 14:11:23,797 [ERROR] ConditionMgr:805 - Attr not supported : Dmpu
2025-07-26 14:11:23,797 [ERROR] ConditionMgr:805 - Attr not supported : Dmpu
2025-07-26 14:11:23,798 [ERROR] ConditionMgr:805 - Attr not supported : Dmpu
2025-07-26 14:11:23,798 [ERROR] ConditionMgr:805 - Attr not supported : Dmpu
2025-07-26 14:11:23,798 [ERROR] ConditionMgr:805 - Attr not supported : Dmpu
2025-07-26 14:11:23,798 [ERROR] ConditionMgr:805 - Attr not supported : Dmpu
2025-07-26 14:11:23,798 [ERROR] ConditionMgr:805 - Attr not supported : Dmpu
2025-07-26 14:11:23,798 [ERROR] ConditionMgr:805 - Attr not supported : Dmpu
2025-07-26 14:11:23,798 [ERROR] ConditionMgr:805 - Attr not supported : Dmpu
2025-07-26 14:11:23,798 [ERROR] ConditionMgr:805 - Attr not supported : Dmpu
2025-07-26 14:11:23,798 [ERROR] ConditionMgr:805 - Attr not supported : Dmpu
2025-07-26 14:11:23,798 [ERROR] ConditionMgr:805 - Attr not supported : Dmpu
2025-07-26 14:11:23,799 [ERROR] ConditionMgr:805 - Attr not supported : Dmpu
2025-07-26 14:11:23,799 [ERROR] ConditionMgr:805 - Attr not supported : Dmpu
2025-07-26 14:11:23,799 [ERROR] ConditionMgr:805 - Attr not supported : Dmpu
2025-07-26 14:11:23,799 [ERROR] ConditionMgr:805 - Attr not supported : Dmpu
2025-07-26 14:11:23,799 [ERROR] ConditionMgr:805 - Attr not supported : Dmpu
2025-07-26 14:11:23,799 [ERROR] ConditionMgr:805 - Attr not supported : Dmpu
2025-07-26 14:11:23,799 [ERROR] ConditionMgr:805 - Attr not supported : Dmpu
2025-07-26 14:11:23,799 [ERROR] ConditionMgr:805 - Attr not supported : Dmpu
2025-07-26 14:11:23,799 [ERROR] ConditionMgr:805 - Attr not supported : Dmpu
2025-07-26 14:11:23,799 [ERROR] ConditionMgr:805 - Attr not supported : Dmpu
2025-07-26 14:11:23,799 [ERROR] ConditionMgr:805 - Attr not supported : Dmpu
2025-07-26 14:11:23,799 [ERROR] ConditionMgr:805 - Attr not supported : Dmpu
2025-07-26 14:11:23,800 [ERROR] ConditionMgr:805 - Attr not supported : Dmpu
2025-07-26 14:11:23,800 [ERROR] ConditionMgr:805 - Attr not supported : Dmpu
2025-07-26 14:11:23,800 [ERROR] ConditionMgr:805 - Attr not supported : Dmpu
2025-07-26 14:11:23,800 [ERROR] ConditionMgr:805 - Attr not supported : Dmpu
2025-07-26 14:11:23,800 [ERROR] ConditionMgr:805 - Attr not supported : Dmpu
2025-07-26 14:11:23,800 [ERROR] ConditionMgr:805 - Attr not supported : Dmpu
2025-07-26 14:11:23,800 [ERROR] ConditionMgr:805 - Attr not supported : Dmpu
2025-07-26 14:11:23,800 [ERROR] ConditionMgr:805 - Attr not supported : Dmpu
2025-07-26 14:11:23,800 [ERROR] ConditionMgr:805 - Attr not supported : Dmpu
2025-07-26 14:11:23,800 [ERROR] ConditionMgr:805 - Attr not supported : Dmpu
2025-07-26 14:11:23,801 [ERROR] ConditionMgr:805 - Attr not supported : Dmpu
2025-07-26 14:11:23,801 [ERROR] ConditionMgr:805 - Attr not supported : Dmpu
2025-07-26 14:11:23,802 [ERROR] ConditionMgr:805 - Attr not supported : Dmpu
2025-07-26 14:11:23,802 [ERROR] ConditionMgr:805 - Attr not supported : Dmpu
2025-07-26 14:11:23,802 [ERROR] ConditionMgr:805 - Attr not supported : Dmpu
2025-07-26 14:11:23,802 [ERROR] ConditionMgr:805 - Attr not supported : Dmpu
2025-07-26 14:11:23,802 [ERROR] ConditionMgr:805 - Attr not supported : Dmpu
2025-07-26 14:11:23,802 [ERROR] ConditionMgr:805 - Attr not supported : Dmpu
2025-07-26 14:11:23,802 [ERROR] ConditionMgr:805 - Attr not supported : Dmpu
2025-07-26 14:11:23,802 [ERROR] ConditionMgr:805 - Attr not supported : Dmpu
2025-07-26 14:11:23,803 [ERROR] ConditionMgr:805 - Attr not supported : Dmpu
2025-07-26 14:11:23,803 [ERROR] ConditionMgr:805 - Attr not supported : Dmpu
2025-07-26 14:11:23,803 [ERROR] ConditionMgr:805 - Attr not supported : Dmpu
2025-07-26 14:11:23,803 [ERROR] ConditionMgr:805 - Attr not supported : Dmpu
2025-07-26 14:11:23,803 [ERROR] ConditionMgr:805 - Attr not supported : Dmpu
2025-07-26 14:11:23,803 [ERROR] ConditionMgr:805 - Attr not supported : Dmpu
2025-07-26 14:11:23,803 [ERROR] ConditionMgr:805 - Attr not supported : Dmpu
2025-07-26 14:11:23,803 [ERROR] ConditionMgr:805 - Attr not supported : Dmpu
2025-07-26 14:11:23,803 [ERROR] ConditionMgr:805 - Attr not supported : Dmpu
2025-07-26 14:11:23,803 [ERROR] ConditionMgr:805 - Attr not supported : Dmpu
2025-07-26 14:11:23,803 [ERROR] ConditionMgr:805 - Attr not supported : Dmpu
2025-07-26 14:11:23,803 [ERROR] ConditionMgr:805 - Attr not supported : Dmpu
2025-07-26 14:11:23,803 [ERROR] ConditionMgr:805 - Attr not supported : Dmpu
2025-07-26 14:11:23,803 [ERROR] ConditionMgr:805 - Attr not supported : Dmpu
2025-07-26 14:11:23,803 [ERROR] ConditionMgr:805 - Attr not supported : Dmpu
2025-07-26 14:11:23,804 [ERROR] ConditionMgr:805 - Attr not supported : Dmpu
2025-07-26 14:11:23,804 [ERROR] ConditionMgr:805 - Attr not supported : Dmpu
2025-07-26 14:11:23,804 [ERROR] ConditionMgr:805 - Attr not supported : Dmpu
2025-07-26 14:11:23,804 [ERROR] ConditionMgr:805 - Attr not supported : Dmpu
2025-07-26 14:11:23,811 [WARN] PackLoader:240 - Cannot read IP mode file for STMicroelectronics.X-CUBE-WB05N.2.0.0
2025-07-26 14:11:23,819 [WARN] PackLoader:240 - Cannot read IP mode file for RealThread.X-CUBE-RT-Thread_Nano.4.1.1
2025-07-26 14:11:23,834 [WARN] PackLoader:240 - Cannot read IP mode file for STMicroelectronics.FP-ATR-SIGFOX1.3.2.0
2025-07-26 14:11:23,846 [WARN] PackLoader:240 - Cannot read IP mode file for wolfSSL.I-CUBE-wolfSSL.5.7.2
2025-07-26 14:11:23,856 [WARN] ConditionMgr:438 - getConditionDescription Invalid condition id : Cortex-A Device cause : null
2025-07-26 14:11:23,881 [WARN] ConditionMgr:1039 - genDependencies : Invalid condition id : Cortex-A Device cause : null
2025-07-26 14:11:23,882 [WARN] ConditionMgr:1039 - genDependencies : Invalid condition id : Cortex-A Device cause : null
2025-07-26 14:11:23,882 [WARN] ConditionMgr:1039 - genDependencies : Invalid condition id : Cortex-A Device cause : null
2025-07-26 14:11:23,888 [WARN] PackLoader:240 - Cannot read IP mode file for STMicroelectronics.X-CUBE-EEPRMA1.5.1.0
2025-07-26 14:11:23,894 [WARN] PackLoader:240 - Cannot read IP mode file for ITTIA_DB.I-CUBE-ITTIADB.8.9.0
2025-07-26 14:11:23,900 [ERROR] Engine:466 - /Users/felix/.stm32cubemx/thirdparties/pdsc/STMicroelectronics.X-CUBE-ST67W61.1.0.0.pdsc: PDSC version is not supported
2025-07-26 14:11:23,972 [WARN] PackLoader:240 - Cannot read IP mode file for SEGGER.I-CUBE-embOS.1.3.1
2025-07-26 14:11:24,055 [WARN] PackLoader:240 - Cannot read IP mode file for STMicroelectronics.X-CUBE-ALGOBUILD.1.4.0
2025-07-26 14:11:24,152 [WARN] PackLoader:240 - Cannot read IP mode file for STMicroelectronics.X-CUBE-MEMS1.11.3.0
2025-07-26 14:11:24,265 [WARN] PackLoader:240 - Cannot read IP mode file for STMicroelectronics.X-CUBE-AI.9.1.0
2025-07-26 14:11:24,271 [WARN] PackLoader:240 - Cannot read IP mode file for STMicroelectronics.X-CUBE-PM33A1.1.0.0
2025-07-26 14:11:24,302 [WARN] PackLoader:240 - Cannot read IP mode file for STMicroelectronics.X-CUBE-AZRTOS-F4.1.1.0
2025-07-26 14:11:24,309 [ERROR] Engine:466 - /Users/felix/.stm32cubemx/thirdparties/pdsc/Avnet-IotConnect.X-CUBE-IoTC-DA16k-PMOD.1.0.0.pdsc: PDSC version is not supported
2025-07-26 14:11:24,314 [WARN] PackLoader:240 - Cannot read IP mode file for STMicroelectronics.X-CUBE-ISPU.2.1.0
2025-07-26 14:11:24,329 [WARN] PackLoader:240 - Cannot read IP mode file for STMicroelectronics.X-CUBE-FREERTOS.1.2.0
2025-07-26 14:11:24,339 [WARN] PackLoader:240 - Cannot read IP mode file for STMicroelectronics.X-CUBE-NFC12.1.0.0
2025-07-26 14:11:24,364 [WARN] PackLoader:240 - Cannot read IP mode file for STMicroelectronics.X-CUBE-AZRTOS-L5.2.0.0
2025-07-26 14:11:24,388 [WARN] PackLoader:240 - Cannot read IP mode file for STMicroelectronics.X-CUBE-NFC6.3.1.0
2025-07-26 14:11:24,407 [WARN] PackLoader:240 - Cannot read IP mode file for STMicroelectronics.X-CUBE-DPower.1.2.0
2025-07-26 14:11:24,415 [WARN] PackLoader:240 - Cannot read IP mode file for STMicroelectronics.X-CUBE-FREERTOS.1.3.1
2025-07-26 14:11:24,422 [WARN] PackLoader:240 - Cannot read IP mode file for STMicroelectronics.X-CUBE-NFC7.1.0.1
2025-07-26 14:11:24,426 [ERROR] Engine:466 - /Users/felix/.stm32cubemx/thirdparties/pdsc/STMicroelectronics.FP-SNS-STAIOTCFT.1.0.0.pdsc: PDSC version is not supported
2025-07-26 14:11:24,450 [WARN] ConditionMgr:438 - getConditionDescription Invalid condition id : LAN8742 Phy interface Condition cause : null
2025-07-26 14:11:24,451 [WARN] PackLoader:240 - Cannot read IP mode file for STMicroelectronics.X-CUBE-AZRTOS-L4.2.0.0
2025-07-26 14:11:24,453 [WARN] ConditionMgr:1039 - genDependencies : Invalid condition id : LAN8742 Phy interface Condition cause : null
2025-07-26 14:11:24,454 [WARN] ConditionMgr:1039 - genDependencies : Invalid condition id : LAN8742 Phy interface Condition cause : null
2025-07-26 14:11:24,455 [WARN] ConditionMgr:1039 - genDependencies : Invalid condition id : LAN8742 Phy interface Condition cause : null
2025-07-26 14:11:24,469 [WARN] PackLoader:240 - Cannot read IP mode file for STMicroelectronics.X-CUBE-SFXS2LP1.4.0.0
2025-07-26 14:11:24,506 [WARN] PackLoader:240 - Cannot read IP mode file for STMicroelectronics.X-CUBE-AZRTOS-H7.3.3.0
2025-07-26 14:11:24,515 [ERROR] Engine:466 - /Users/felix/.stm32cubemx/thirdparties/pdsc/STMicroelectronics.X-CUBE-BLEMGR.4.1.0.pdsc: PDSC version is not supported
2025-07-26 14:11:24,525 [WARN] PackLoader:240 - Cannot read IP mode file for STMicroelectronics.X-CUBE-IPS.3.0.0
2025-07-26 14:11:24,544 [WARN] ConditionMgr:438 - getConditionDescription Invalid condition id : UX DEVICE CLASS RTOS Condition cause : null
2025-07-26 14:11:24,544 [WARN] ConditionMgr:438 - getConditionDescription Invalid condition id : UX DEVICE CLASS RTOS Condition cause : null
2025-07-26 14:11:24,548 [WARN] PackLoader:240 - Cannot read IP mode file for STMicroelectronics.X-CUBE-AZRTOS-WB.2.0.0
2025-07-26 14:11:24,549 [WARN] ConditionMgr:1039 - genDependencies : Invalid condition id : UX DEVICE CLASS RTOS Condition cause : null
2025-07-26 14:11:24,550 [WARN] ConditionMgr:1039 - genDependencies : Invalid condition id : UX DEVICE CLASS RTOS Condition cause : null
2025-07-26 14:11:24,550 [WARN] ConditionMgr:1039 - genDependencies : Invalid condition id : UX DEVICE CLASS RTOS Condition cause : null
2025-07-26 14:11:24,551 [WARN] ConditionMgr:1039 - genDependencies : Invalid condition id : UX DEVICE CLASS RTOS Condition cause : null
2025-07-26 14:11:24,551 [WARN] ConditionMgr:1039 - genDependencies : Invalid condition id : UX DEVICE CLASS RTOS Condition cause : null
2025-07-26 14:11:24,567 [WARN] PackLoader:240 - Cannot read IP mode file for STMicroelectronics.X-CUBE-GNSS1.7.0.0
2025-07-26 14:11:24,577 [WARN] PackLoader:240 - Cannot read IP mode file for STMicroelectronics.X-CUBE-TOUCHGFX.4.25.0
2025-07-26 14:11:24,583 [WARN] PackLoader:240 - Cannot read IP mode file for STMicroelectronics.FP-SNS-STBOX1.2.0.0
2025-07-26 14:11:24,599 [WARN] PackLoader:240 - Cannot read IP mode file for STMicroelectronics.X-CUBE-SUBG2.5.0.0
2025-07-26 14:11:24,656 [WARN] PackLoader:240 - Cannot read IP mode file for STMicroelectronics.X-CUBE-AZRTOS-H7RS.1.1.0
2025-07-26 14:11:24,673 [WARN] PackLoader:240 - Cannot read IP mode file for Cesanta.I-CUBE-Mongoose.7.13.0
2025-07-26 14:11:24,722 [WARN] PackLoader:240 - Cannot read IP mode file for STMicroelectronics.X-CUBE-AZRTOS-G4.2.0.0
2025-07-26 14:11:24,739 [WARN] PackLoader:240 - Cannot read IP mode file for STMicroelectronics.X-CUBE-ALS.1.0.2
2025-07-26 14:11:24,749 [WARN] PackLoader:240 - Cannot read IP mode file for STMicroelectronics.X-CUBE-TOUCHGFX.4.24.1
2025-07-26 14:11:24,753 [WARN] PackLoader:240 - Cannot read IP mode file for wolfSSL.I-CUBE-wolfTPM.3.4.0
2025-07-26 14:11:24,759 [WARN] PackLoader:240 - Cannot read IP mode file for portGmbH.I-Cube-SoM-uGOAL.1.1.0
2025-07-26 14:11:24,780 [WARN] PackLoader:240 - Cannot read IP mode file for STMicroelectronics.X-CUBE-AZRTOS-H7RS.1.0.0
2025-07-26 14:11:24,792 [WARN] PackLoader:240 - Cannot read IP mode file for STMicroelectronics.FP-ATR-ASTRA1.2.0.0
2025-07-26 14:11:24,809 [WARN] PackLoader:240 - Cannot read IP mode file for STMicroelectronics.X-CUBE-TOF1.3.4.2
2025-07-26 14:11:24,833 [ERROR] Engine:466 - /Users/felix/.stm32cubemx/thirdparties/pdsc/STMicroelectronics.X-CUBE-TOF1.3.4.3.pdsc: PDSC version is not supported
2025-07-26 14:11:24,860 [WARN] PackLoader:240 - Cannot read IP mode file for Infineon.AIROC-Wi-Fi-Bluetooth-STM32.1.6.1
2025-07-26 14:11:24,873 [WARN] PackLoader:240 - Cannot read IP mode file for wolfSSL.I-CUBE-wolfSSH.1.4.17
2025-07-26 14:11:24,874 [INFO] ThirdParty:978 - Integrity check success = true
2025-07-26 14:11:24,874 [INFO] IntegrityCheckThread:100 - exiting critical section [integrity check]
2025-07-26 14:11:24,874 [INFO] IntegrityCheckThread:103 - End integrity checks thread
2025-07-26 14:11:26,347 [INFO] WebApp:167 - Instantiating new browser for Auth
2025-07-26 14:11:28,280 [INFO] WebApp:448 - Apply proxy settings
2025-07-26 14:11:28,322 [INFO] WebApp:493 - Chromium authenticates against Manually configured proxy
2025-07-26 14:11:28,370 [INFO] WebApp:501 - Username used for proxy authentication: 
2025-07-26 14:11:28,479 [INFO] WebApp:869 - Register for checkConnection events
2025-07-26 14:11:28,480 [INFO] WebApp:448 - Apply proxy settings
2025-07-26 14:11:28,493 [INFO] WebApp:493 - Chromium authenticates against Manually configured proxy
2025-07-26 14:11:28,495 [INFO] WebApp:501 - Username used for proxy authentication: 
2025-07-26 14:11:28,743 [INFO] WebApp:220 - Starting web application
2025-07-26 14:11:28,743 [INFO] WebApp:578 - Web application path used /Applications/STM32CubeIDE.app/Contents/Eclipse/plugins/com.st.stm32cube.common.mx_6.12.1.202409122256/db/plugins/mcufinder/reactClient1/index.html
2025-07-26 14:11:29,316 [INFO] WebApp:186 - Connection restablished
2025-07-26 14:11:29,449 [INFO] UserAuth:417 - Internet connection configuration mode: 1
2025-07-26 14:12:08,398 [INFO] McuFinderGlobals:63 - Set McuFinder mode to 2 (CubeIDE integrated)
2025-07-26 14:12:10,230 [INFO] MainUpdater:2873 - connection check result : 10
2025-07-26 14:12:10,238 [INFO] MainUpdater:2873 - connection check result : 10
2025-07-26 14:12:11,676 [INFO] RulesReader:64 - Compatibility file has been processed (297 Rules)
2025-07-26 14:12:11,692 [INFO] RulesReader:64 - Compatibility file has been processed (297 Rules)
2025-07-26 14:12:11,698 [INFO] MicroXplorer:468 - Change Database Path : 
2025-07-26 14:12:11,698 [INFO] MicroXplorer:498 - Change Database Version : DB.6.0.121
2025-07-26 14:12:11,704 [WARN] ThirdParty:871 - waiting for thirdparty lock release [close project]
2025-07-26 14:12:11,705 [INFO] ThirdParty:873 - entering critical section [close project]
2025-07-26 14:12:11,710 [INFO] ThirdParty:883 - exiting critical section [close project]
2025-07-26 14:12:11,715 [INFO] PinOutPanel:1561 - setPackage(No Configuration,No Configuration)
2025-07-26 14:12:11,727 [INFO] UtilMem:75 - Begin LoadConfig() Used Memory: 372974240 Bytes (555745280)
2025-07-26 14:12:11,730 [INFO] MicroXplorer:468 - Change Database Path : 
2025-07-26 14:12:11,734 [INFO] MicroXplorer:498 - Change Database Version : DB.6.0.121
2025-07-26 14:12:11,736 [INFO] OpenFileManager:332 - Change cursor
2025-07-26 14:12:11,803 [INFO] Mcu:2032 - Initializing MCU STM32F072R(8-B)Tx STM32F072RBTx STM32F072RBT6
2025-07-26 14:12:14,706 [INFO] Context:742 - Trying to add GPIOservice into a context  which must be forbidden
2025-07-26 14:12:16,998 [INFO] RtosManager:555 - Registered RTOS mode: class=CMSIS, group=RTOS, mode=CMSIS_V1, owner=FREERTOS
2025-07-26 14:12:17,000 [INFO] RtosManager:555 - Registered RTOS mode: class=CMSIS, group=RTOS2, mode=CMSIS_V2, owner=FREERTOS
2025-07-26 14:12:17,001 [INFO] RtosManager:555 - Registered RTOS mode: class=RTOS, group=Core, mode=CMSIS_V1, owner=FREERTOS
2025-07-26 14:12:17,001 [INFO] RtosManager:555 - Registered RTOS mode: class=RTOS, group=Core, mode=CMSIS_V2, owner=FREERTOS
2025-07-26 14:12:17,001 [WARN] ModelIntegratedComponent:184 - Missing modes for component STMicroelectronics:FreeRTOS:0.0.1:STMicroelectronics:RTOS:FreeRTOS:Core:::10.2.0:
2025-07-26 14:12:17,065 [WARN] ModelIntegratedComponent:63 - No mode defined for component null
2025-07-26 14:12:17,065 [WARN] ModelIntegratedComponent:63 - No mode defined for component null
2025-07-26 14:12:17,065 [WARN] ModelIntegratedComponent:63 - No mode defined for component null
2025-07-26 14:12:17,065 [WARN] ModelIntegratedComponent:63 - No mode defined for component null
2025-07-26 14:12:17,066 [WARN] ModelIntegratedComponent:63 - No mode defined for component null
2025-07-26 14:12:17,066 [WARN] ModelIntegratedComponent:63 - No mode defined for component null
2025-07-26 14:12:17,066 [WARN] ModelIntegratedComponent:63 - No mode defined for component null
2025-07-26 14:12:17,066 [WARN] ModelIntegratedComponent:63 - No mode defined for component null
2025-07-26 14:12:17,066 [WARN] ModelIntegratedComponent:63 - No mode defined for component null
2025-07-26 14:12:17,066 [WARN] ModelIntegratedComponent:63 - No mode defined for component null
2025-07-26 14:12:17,066 [WARN] ModelIntegratedComponent:63 - No mode defined for component null
2025-07-26 14:12:17,066 [WARN] ModelIntegratedComponent:63 - No mode defined for component null
2025-07-26 14:12:17,066 [WARN] ModelIntegratedComponent:63 - No mode defined for component null
2025-07-26 14:12:17,066 [WARN] ModelIntegratedComponent:63 - No mode defined for component null
2025-07-26 14:12:17,066 [WARN] ModelIntegratedComponent:63 - No mode defined for component null
2025-07-26 14:12:17,066 [WARN] ModelIntegratedComponent:63 - No mode defined for component null
2025-07-26 14:12:17,066 [WARN] ModelIntegratedComponent:63 - No mode defined for component null
2025-07-26 14:12:17,066 [WARN] ModelIntegratedComponent:63 - No mode defined for component null
2025-07-26 14:12:17,066 [WARN] ModelIntegratedComponent:63 - No mode defined for component null
2025-07-26 14:12:17,067 [WARN] ModelIntegratedComponent:63 - No mode defined for component null
2025-07-26 14:12:17,067 [WARN] ModelIntegratedComponent:63 - No mode defined for component null
2025-07-26 14:12:17,067 [WARN] ModelIntegratedComponent:63 - No mode defined for component null
2025-07-26 14:12:17,067 [WARN] ModelIntegratedComponent:63 - No mode defined for component null
2025-07-26 14:12:17,067 [WARN] ModelIntegratedComponent:63 - No mode defined for component null
2025-07-26 14:12:17,067 [WARN] ModelIntegratedComponent:63 - No mode defined for component null
2025-07-26 14:12:17,067 [WARN] ModelIntegratedComponent:63 - No mode defined for component null
2025-07-26 14:12:17,067 [WARN] ModelIntegratedComponent:63 - No mode defined for component null
2025-07-26 14:12:17,067 [WARN] ModelIntegratedComponent:63 - No mode defined for component null
2025-07-26 14:12:17,067 [WARN] ModelIntegratedComponent:63 - No mode defined for component null
2025-07-26 14:12:17,067 [WARN] ModelIntegratedComponent:63 - No mode defined for component null
2025-07-26 14:12:17,067 [WARN] ModelIntegratedComponent:63 - No mode defined for component null
2025-07-26 14:12:17,067 [WARN] ModelIntegratedComponent:63 - No mode defined for component null
2025-07-26 14:12:17,067 [WARN] ModelIntegratedComponent:63 - No mode defined for component null
2025-07-26 14:12:17,067 [WARN] ModelIntegratedComponent:63 - No mode defined for component null
2025-07-26 14:12:17,067 [WARN] ModelIntegratedComponent:63 - No mode defined for component null
2025-07-26 14:12:17,068 [WARN] ModelPack:524 - Component already loaded: STMicroelectronics:HAL Drivers:0.0.0:STMicroelectronics:Device:STMicro_Driver:XSPI:HAL::0.0.1:HAL_XSPI
2025-07-26 14:12:17,230 [INFO] ThirdPartyModel:298 - Start build external matchings
2025-07-26 14:12:17,938 [INFO] ThirdPartyModel:316 - End build external matchings
2025-07-26 14:12:17,995 [INFO] ImportTextPane:205 - (OptionalMessage_ERROR) IP (RCC) : Parameter (FLatency) has Id (AdvancedSettings) currently not set
2025-07-26 14:12:17,995 [INFO] ImportTextPane:205 - (OptionalMessage_ERROR) IP (RCC) : Invalid parameter (FamilyName)
2025-07-26 14:12:17,995 [INFO] ImportTextPane:205 - (OptionalMessage_ERROR) IP (RCC) : Invalid parameter (HSICECFreq_Value)
2025-07-26 14:12:17,998 [INFO] ImportTextPane:205 - (OptionalMessage_ERROR) IP (RCC) : Parameter (PREFETCH_ENABLE) has Id (AdvancedSettings) currently not set
2025-07-26 14:12:18,884 [INFO] ApiDb:581 - Connected to CubeFinder SQLite database (/Users/felix/.stmcufinder/plugins/mcufinder/mcu/cube-finder-db.db)
2025-07-26 14:12:18,976 [INFO] ApiDb:668 - CubeFinder database Data Model version=2.1
2025-07-26 14:12:18,978 [INFO] ApiDb:669 - CubeFinder database Configuration version=3.0.39
2025-07-26 14:12:18,983 [INFO] ApiDb:670 - CubeFinder database generation date=2024-10-15 (1729006872)
2025-07-26 14:12:18,983 [INFO] ApiDb:671 - CubeFinder database FW Pack versions=[FP-ATR-ASTRA1_V2.0.0, FP-SNS-FLIGHT1_V5.0.2, FP-SNS-MOTENV1_V5.0.0, FP-SNS-MOTENVWB1_V1.4.0, FP-SNS-SMARTAG2_V1.2.0, FP-SNS-STBOX1_V2.0.0, STM32Cube_FW_C0_V1.2.0, STM32Cube_FW_F4_V1.28.1, STM32Cube_FW_F7_V1.17.2, STM32Cube_FW_G0_V1.6.2, STM32Cube_FW_G4_V1.6.0, STM32Cube_FW_H5_V1.3.0, STM32Cube_FW_H7RS_V1.1.0, STM32Cube_FW_H7_V1.11.2, STM32Cube_FW_L0_V1.12.2, STM32Cube_FW_L5_V1.5.1, STM32Cube_FW_U0_V1.1.0, STM32Cube_FW_U5_V1.6.0, STM32Cube_FW_WB0_V1.0.0, STM32Cube_FW_WBA_V1.4.1, STM32Cube_FW_WB_V1.20.0, STM32Cube_FW_WL_V1.3.0, X-CUBE-ALGOBUILD_V1.4.0, X-CUBE-ALS_V1.0.2, X-CUBE-AZRTOS-F4_V1.1.0, X-CUBE-AZRTOS-F7_V1.1.0, X-CUBE-AZRTOS-G0_V1.1.0, X-CUBE-AZRTOS-G4_V2.0.0, X-CUBE-AZRTOS-H7RS_V1.0.0, X-CUBE-AZRTOS-H7_V3.3.0, X-CUBE-AZRTOS-L4_V2.0.0, X-CUBE-AZRTOS-L5_V2.0.0, X-CUBE-AZRTOS-WB_V2.0.0, X-CUBE-AZRTOS-WL_V2.0.0, X-CUBE-BLE1_V7.0.0, X-CUBE-BLE2_V3.3.0, X-CUBE-BLEMGR_V3.1.0, X-CUBE-EEPRMA1_V5.1.0, X-CUBE-FREERTOS_V1.2.0, X-CUBE-GNSS1_V6.0.0, X-CUBE-MEMS1_V11.0.0, X-CUBE-NFC4_V3.0.0, X-CUBE-NFC7_V1.0.1, X-CUBE-SFXS2LP1_V4.0.0, X-CUBE-SUBG2_V5.0.0, X-CUBE-TOF1_V3.4.2]
2025-07-26 14:12:19,101 [INFO] DbBoardsSqlite:226 - include board P-NUCLEO-WB55-NUCLEO as a kit item of type 'Nucleo-64'
2025-07-26 14:12:19,102 [INFO] DbBoardsSqlite:226 - include board P-NUCLEO-WB55-USBDONGLE as a kit item of type 'Nucleo USB Dongle'
2025-07-26 14:12:19,103 [INFO] DbBoardsSqlite:226 - include board STEVAL-IDP005V1 as a kit item of type 'Evaluation Board'
2025-07-26 14:12:19,103 [INFO] DbBoardsSqlite:226 - include board STEVAL-IDP005V2 as a kit item of type 'Evaluation Board'
2025-07-26 14:12:19,222 [INFO] ApiDb:240 - Found 646 in-development CPN: [B-G473E-ZEST1S, B-WB1M-WPAN1, B-WL5M-SUBG1, NUCLEO-C031C6, NUCLEO-C071RB, NUCLEO-H503RB, NUCLEO-H533RE, NUCLEO-H563ZI, NUCLEO-H7S3L8, NUCLEO-U031R8, NUCLEO-U083RC, NUCLEO-U545RE-Q, NUCLEO-U5A5ZJ-Q, NUCLEO-WB05KZ, NUCLEO-WB07CC, NUCLEO-WB09KE, NUCLEO-WBA52CG, NUCLEO-WBA55CG, STEVAL-PROTEUS1, STEVAL-SMARTAG2, STEVAL-STWINBX1, STM320518-EVAL, STM32C0116-DK, STM32C011D6Y3TR, STM32C011D6Y6TR, STM32C011F4P3, STM32C011F4P6, STM32C011F4U3, STM32C011F4U6TR, STM32C011F6P3, STM32C011F6P6, STM32C011F6U3, STM32C011F6U6TR, STM32C011J4M3, STM32C011J4M6, STM32C011J6M3, STM32C011J6M6, STM32C0316-DK, STM32C031C4T3, STM32C031C4T6, STM32C031C4U3, STM32C031C4U6, STM32C031C6T3, STM32C031C6T6, STM32C031C6U3, STM32C031C6U6, STM32C031F4P3, STM32C031F4P6, STM32C031F6P3, STM32C031F6P6, STM32C031G4U3, STM32C031G4U6, STM32C031G6U3, STM32C031G6U6, STM32C031K4T3, STM32C031K4T6, STM32C031K4U3, STM32C031K4U6, STM32C031K6T3, STM32C031K6T6, STM32C031K6U3, STM32C031K6U6, STM32C071C8T6, STM32C071C8T6N, STM32C071C8U6, STM32C071C8U6N, STM32C071CBT6, STM32C071CBT6N, STM32C071CBU6, STM32C071CBU6N, STM32C071F8P6, STM32C071F8P6N, STM32C071FBP6, STM32C071FBP6N, STM32C071FBY6TR, STM32C071G8U6, STM32C071G8U6N, STM32C071GBU6, STM32C071GBU6N, STM32C071K8T6, STM32C071K8T6N, STM32C071K8U6, STM32C071K8U6N, STM32C071KBT6, STM32C071KBT6N, STM32C071KBU6, STM32C071KBU6N, STM32C071R8T6, STM32C071R8T6N, STM32C071RBI6N, STM32C071RBT6, STM32C071RBT6N, STM32G071K8TXN, STM32G071K8UXN, STM32G081GBU6N, STM32G081KBT6N, STM32G081KBUXN, STM32G0B1CCT6N, STM32G0B1KCT6, STM32G0B1NEY6TR, STM32G0B1RCT6N, STM32G0C1CCT6, STM32G0C1CCT6N, STM32G0C1CCU6N, STM32G0C1CET6N, STM32G0C1CEU6N, STM32G0C1KCT6, STM32G0C1NEY6TR, STM32G0C1RCI6N, STM32G0C1RCT6N, STM32G0C1REI6N, STM32G0C1RET6N, STM32G0C1VCI6, STM32G0C1VEI6, STM32G411C6T3, STM32G411C6T6, STM32G411C6U3, STM32G411C6U6, STM32G411C8T3, STM32G411C8T6, STM32G411C8U3, STM32G411C8U6, STM32G411CBT3, STM32G411CBT6, STM32G411CBU3, STM32G411CBU6, STM32G411K6T3, STM32G411K6T6, STM32G411K6U3, STM32G411K6U6, STM32G411K8T3, STM32G411K8T6, STM32G411K8U3, STM32G411K8U6, STM32G411KBT3, STM32G411KBT6, STM32G411KBU3, STM32G411KBU6, STM32G411M6T3, STM32G411M6T6, STM32G411M8T3, STM32G411M8T6, STM32G411MBT3, STM32G411MBT6, STM32G411R6T3, STM32G411R6T6, STM32G411R8T3, STM32G411R8T6, STM32G411RBT3, STM32G411RBT6, STM32G414CBT3, STM32G414CBT6, STM32G414CBU3, STM32G414CBU6, STM32G414CCT3, STM32G414CCT6, STM32G414CCU3, STM32G414CCU6, STM32G414MBT3, STM32G414MBT6, STM32G414MCT3, STM32G414MCT6, STM32G414RBT3, STM32G414RBT6, STM32G414RCT3, STM32G414RCT6, STM32G414VBT3, STM32G414VBT6, STM32G414VCT3, STM32G414VCT6, STM32G431CBT3Z, STM32G431RBT3Z, STM32G471CCT6, STM32G471CCU6, STM32G471CET3, STM32G471CET6, STM32G471CEU3, STM32G471CEU6, STM32G471MCT6, STM32G471MET3, STM32G471MET6, STM32G471MEY6TR, STM32G471QCT6, STM32G471QET3, STM32G471RCT6, STM32G471RET3, STM32G471RET6, STM32G471VCH6, STM32G471VCI6, STM32G471VCT6, STM32G471VEH3, STM32G471VEH6, STM32G471VEI3, STM32G471VEI6, STM32G471VET3, STM32G471VET6, STM32G473QET3Z, STM32G473RET3Z, STM32G474CCT6, STM32G491RET3Z, STM32H503CBT6, STM32H503CBU6, STM32H503EBY6TR, STM32H503KBU6, STM32H503RBT6, STM32H523CCT6, STM32H523CCU6, STM32H523CET6, STM32H523CEU6, STM32H523HEY6TR, STM32H523RCT6, STM32H523RET6, STM32H523VCI6, STM32H523VCT6, STM32H523VEI6, STM32H523VET6, STM32H523ZCJ6, STM32H523ZCT6, STM32H523ZEJ6, STM32H523ZET6, STM32H533CET6, STM32H533CEU6, STM32H533HEY6TR, STM32H533RET6, STM32H533VEI6, STM32H533VET6, STM32H533ZEJ6, STM32H533ZET6, STM32H562AGI6, STM32H562AII6, STM32H562IGK6, STM32H562IGT6, STM32H562IIK6, STM32H562IIT6, STM32H562RGT6, STM32H562RGV6, STM32H562RIT6, STM32H562RIV6, STM32H562VGT6, STM32H562VIT6, STM32H562ZGT6, STM32H562ZIT6, STM32H563AGI6, STM32H563AII3Q, STM32H563AII6, STM32H563IGK6, STM32H563IGT6, STM32H563IIK3Q, STM32H563IIK6, STM32H563IIT3Q, STM32H563IIT6, STM32H563MIY3QTR, STM32H563RGT6, STM32H563RGV6, STM32H563RIT6, STM32H563RIV6, STM32H563VGT6, STM32H563VIT3Q, STM32H563VIT6, STM32H563ZGT6, STM32H563ZIT3Q, STM32H563ZIT6, STM32H573AII3Q, STM32H573AII6, STM32H573I-DK, STM32H573IIK3Q, STM32H573IIK6, STM32H573IIT3Q, STM32H573IIT6, STM32H573MIY3QTR, STM32H573RIT6, STM32H573RIV6, STM32H573VIT3Q, STM32H573VIT6, STM32H573ZIT3Q, STM32H573ZIT6, STM32H7R3A8I6, STM32H7R3I8K6, STM32H7R3I8T6, STM32H7R3L8H6, STM32H7R3L8H6H, STM32H7R3R8V6, STM32H7R3V8H6, STM32H7R3V8T6, STM32H7R3V8Y6TR, STM32H7R3Z8J6, STM32H7R3Z8T6, STM32H7R7A8I6, STM32H7R7I8K6, STM32H7R7I8T6, STM32H7R7L8H6, STM32H7R7L8H6H, STM32H7R7Z8J6, STM32H7S3A8I6, STM32H7S3I8K6, STM32H7S3I8T6, STM32H7S3L8H6, STM32H7S3L8H6H, STM32H7S3R8V6, STM32H7S3V8H6, STM32H7S3V8T6, STM32H7S3V8Y6TR, STM32H7S3Z8J6, STM32H7S3Z8T6, STM32H7S78-DK, STM32H7S7A8I6, STM32H7S7I8K6, STM32H7S7I8T6, STM32H7S7L8H6, STM32H7S7L8H6H, STM32H7S7Z8J6, STM32L4R5QGI6STR, STM32MP131AAE3, STM32MP131AAF3, STM32MP131AAG3, STM32MP131CAE3, STM32MP131CAF3, STM32MP131CAG3, STM32MP131DAE7, STM32MP131DAF7, STM32MP131DAG7, STM32MP131FAE7, STM32MP131FAF7, STM32MP131FAG7, STM32MP133AAE3, STM32MP133AAF3, STM32MP133AAG3, STM32MP133CAE3, STM32MP133CAF3, STM32MP133CAG3, STM32MP133DAE7, STM32MP133DAF7, STM32MP133DAG7, STM32MP133FAE7, STM32MP133FAF7, STM32MP133FAG7, STM32MP135AAE3, STM32MP135AAF3, STM32MP135AAG3, STM32MP135CAE3, STM32MP135CAF3, STM32MP135CAG3, STM32MP135DAE7, STM32MP135DAF7, STM32MP135DAG7, STM32MP135F-DK, STM32MP135FAE7, STM32MP135FAF7, STM32MP135FAF7T, STM32MP135FAF7U, STM32MP135FAG7, STM32MP251AAI3, STM32MP251AAK3, STM32MP251AAL3, STM32MP251CAI3, STM32MP251CAK3, STM32MP251CAL3, STM32MP251DAI3, STM32MP251DAK3, STM32MP251DAL3, STM32MP251FAI3, STM32MP251FAK3, STM32MP251FAL3, STM32MP253AAI3, STM32MP253AAK3, STM32MP253AAL3, STM32MP253CAI3, STM32MP253CAK3, STM32MP253CAL3, STM32MP253DAI3, STM32MP253DAK3, STM32MP253DAL3, STM32MP253FAI3, STM32MP253FAK3, STM32MP253FAL3, STM32MP255AAI3, STM32MP255AAK3, STM32MP255AAL3, STM32MP255CAI3, STM32MP255CAK3, STM32MP255CAL3, STM32MP255DAI3, STM32MP255DAK3, STM32MP255DAL3, STM32MP255FAI3, STM32MP255FAK3, STM32MP255FAL3, STM32MP257AAI3, STM32MP257AAK3, STM32MP257AAL3, STM32MP257CAI3, STM32MP257CAK3, STM32MP257CAL3, STM32MP257DAI3, STM32MP257DAK3, STM32MP257DAL3, STM32MP257F-DK, STM32MP257F-EV1, STM32MP257FAI3, STM32MP257FAK3, STM32MP257FAL3, STM32U031C6T6, STM32U031C6U6, STM32U031C8T6, STM32U031C8U6, STM32U031F4P6, STM32U031F6P6, STM32U031F8P6, STM32U031G6Y6TR, STM32U031G8Y6TR, STM32U031K4U6, STM32U031K6U6, STM32U031K8U6, STM32U031R6I6, STM32U031R6T6, STM32U031R8I6, STM32U031R8T6, STM32U073C8T6, STM32U073C8U6, STM32U073CBT6, STM32U073CBU6, STM32U073CCT6, STM32U073CCU6, STM32U073H8Y6TR, STM32U073HBY6TR, STM32U073HCY6TR, STM32U073K8U6, STM32U073KBU6, STM32U073KCU6, STM32U073M8I6, STM32U073M8T6, STM32U073MBI6, STM32U073MBT6, STM32U073MCI6, STM32U073MCT6, STM32U073R8I6, STM32U073R8T6, STM32U073RBI6, STM32U073RBT6, STM32U073RCI6, STM32U073RCT6, STM32U083C-DK, STM32U083CCT6, STM32U083CCU6, STM32U083HCY6TR, STM32U083KCU6, STM32U083MCI6, STM32U083MCT6, STM32U083RCI6, STM32U083RCT6, STM32U535CBT6, STM32U535CBT6Q, STM32U535CBU6, STM32U535CBU6Q, STM32U535CCT6, STM32U535CCT6Q, STM32U535CCU6, STM32U535CCU6Q, STM32U535CET6, STM32U535CET6Q, STM32U535CEU6, STM32U535CEU6Q, STM32U535JEY6QTR, STM32U535NCY6QTR, STM32U535NEY6QTR, STM32U535RBI6, STM32U535RBI6Q, STM32U535RBT6, STM32U535RBT6Q, STM32U535RCI6, STM32U535RCI6Q, STM32U535RCT6, STM32U535RCT6Q, STM32U535REI6, STM32U535REI6Q, STM32U535RET6, STM32U535RET6Q, STM32U535VCI6, STM32U535VCI6Q, STM32U535VCT6, STM32U535VCT6Q, STM32U535VEI6, STM32U535VEI6Q, STM32U535VET6, STM32U535VET6Q, STM32U545CET6, STM32U545CET6Q, STM32U545CEU6, STM32U545CEU6Q, STM32U545JEY6QTR, STM32U545NEY6QTR, STM32U545REI6, STM32U545REI6Q, STM32U545RET6, STM32U545RET6Q, STM32U545VEI6, STM32U545VEI6Q, STM32U545VET6, STM32U545VET6Q, STM32U595AIH6, STM32U595AIH6Q, STM32U595AJH6, STM32U595AJH6Q, STM32U595QII6, STM32U595QII6Q, STM32U595QJI6, STM32U595QJI6Q, STM32U595RIT6, STM32U595RIT6Q, STM32U595RJT6, STM32U595RJT6Q, STM32U595VIT6, STM32U595VIT6Q, STM32U595VJT6, STM32U595VJT6Q, STM32U595ZIT6, STM32U595ZIT6Q, STM32U595ZIY6QTR, STM32U595ZJT6, STM32U595ZJT6Q, STM32U595ZJY6QTR, STM32U599BJY6QTR, STM32U599NIH6Q, STM32U599NJH6Q, STM32U599VIT6Q, STM32U599VJT6, STM32U599VJT6Q, STM32U599ZIT6Q, STM32U599ZIY6QTR, STM32U599ZJT6Q, STM32U599ZJY6QTR, STM32U5A5AJH6, STM32U5A5AJH6Q, STM32U5A5QII3Q , STM32U5A5QJI6, STM32U5A5QJI6Q, STM32U5A5RJT6, STM32U5A5RJT6Q, STM32U5A5VJT6, STM32U5A5VJT6Q, STM32U5A5ZJT6, STM32U5A5ZJT6Q, STM32U5A5ZJY6QTR, STM32U5A9BJY6QTR, STM32U5A9J-DK, STM32U5A9NJH6Q, STM32U5A9VJT6Q, STM32U5A9ZJT6Q, STM32U5A9ZJY6QTR, STM32U5F7VIT6, STM32U5F7VIT6Q, STM32U5F7VJT6, STM32U5F7VJT6Q, STM32U5F9BJY6QTR, STM32U5F9NJH6Q, STM32U5F9VIT6Q, STM32U5F9VJT6Q, STM32U5F9ZIJ6QTR, STM32U5F9ZIT6Q, STM32U5F9ZJJ6QTR, STM32U5F9ZJT6Q, STM32U5G7VJT6, STM32U5G7VJT6Q, STM32U5G9BJY6QTR, STM32U5G9J-DK1, STM32U5G9J-DK2, STM32U5G9NJH6Q, STM32U5G9VJT6Q, STM32U5G9ZJJ6QTR, STM32U5G9ZJT6Q, STM32WB05KZV6TR, STM32WB05KZV7TR, STM32WB05TZF6TR, STM32WB05TZF7TR, STM32WB06CCF6TR, STM32WB06CCF7TR, STM32WB06CCV6TR, STM32WB06CCV7TR, STM32WB06KCV6TR, STM32WB06KCV7TR, STM32WB07CCF6TR, STM32WB07CCF7TR, STM32WB07CCV6TR, STM32WB07CCV7TR, STM32WB07KCV6TR, STM32WB07KCV7TR, STM32WB09KEV6TR, STM32WB09KEV7TR, STM32WB09TEF6TR, STM32WB09TEF7TR, STM32WB1MMCH6, STM32WBA50KGU6, STM32WBA50KGU6TR, STM32WBA52CEU6, STM32WBA52CEU6TR, STM32WBA52CEU7, STM32WBA52CEU7TR, STM32WBA52CGU6, STM32WBA52CGU6TR, STM32WBA52CGU6U, STM32WBA52CGU7, STM32WBA52CGU7TR, STM32WBA52KEU6, STM32WBA52KEU6TR, STM32WBA52KGU6, STM32WBA52KGU6TR, STM32WBA54CEU6, STM32WBA54CEU6TR, STM32WBA54CEU7, STM32WBA54CEU7TR, STM32WBA54CGU6, STM32WBA54CGU6TR, STM32WBA54CGU7, STM32WBA54CGU7TR, STM32WBA54KEU6, STM32WBA54KEU6TR, STM32WBA54KEU7, STM32WBA54KEU7TR, STM32WBA54KGU6, STM32WBA54KGU6TR, STM32WBA54KGU7, STM32WBA54KGU7TR, STM32WBA55CEU6, STM32WBA55CEU6TR, STM32WBA55CEU7, STM32WBA55CEU7TR, STM32WBA55CGU6, STM32WBA55CGU6TR, STM32WBA55CGU6U, STM32WBA55CGU7, STM32WBA55CGU7TR, STM32WBA55G-DK1, STM32WBA55HEF6, STM32WBA55HEF7, STM32WBA55HGF6, STM32WBA55HGF7, STM32WBA55UEI6, STM32WBA55UEI6TR, STM32WBA55UEI7, STM32WBA55UEI7TR, STM32WBA55UGI6, STM32WBA55UGI6TR, STM32WBA55UGI7, STM32WBA55UGI7TR, STM32WL5MOCH6, STM32WL5MOCH6TR]
2025-07-26 14:12:19,382 [INFO] BoardInfo:889 - No configuration file found for board P-NUCLEO-WB55
2025-07-26 14:12:19,383 [INFO] DbBoards:161 - Kit is not supported: P-NUCLEO-WB55
2025-07-26 14:12:19,389 [INFO] BoardInfo:889 - No configuration file found for board STEVAL-BFA001V1B
2025-07-26 14:12:19,390 [INFO] DbBoards:161 - Kit is not supported: STEVAL-BFA001V1B
2025-07-26 14:12:19,391 [INFO] BoardInfo:889 - No configuration file found for board STEVAL-BFA001V2B
2025-07-26 14:12:19,391 [INFO] DbBoards:161 - Kit is not supported: STEVAL-BFA001V2B
2025-07-26 14:12:19,564 [INFO] DbBoards:168 - Found 201 boards, 198 are supported
2025-07-26 14:12:19,564 [INFO] DbBoards:169 - Found 201 boards, 25 of them is supported for  Bsp
2025-07-26 14:12:19,567 [INFO] ApiDb:668 - CubeFinder database Data Model version=2.1
2025-07-26 14:12:19,567 [INFO] ApiDb:669 - CubeFinder database Configuration version=3.0.39
2025-07-26 14:12:19,567 [INFO] ApiDb:670 - CubeFinder database generation date=2024-10-15 (1729006872)
2025-07-26 14:12:19,567 [INFO] ApiDb:671 - CubeFinder database FW Pack versions=[FP-ATR-ASTRA1_V2.0.0, FP-SNS-FLIGHT1_V5.0.2, FP-SNS-MOTENV1_V5.0.0, FP-SNS-MOTENVWB1_V1.4.0, FP-SNS-SMARTAG2_V1.2.0, FP-SNS-STBOX1_V2.0.0, STM32Cube_FW_C0_V1.2.0, STM32Cube_FW_F4_V1.28.1, STM32Cube_FW_F7_V1.17.2, STM32Cube_FW_G0_V1.6.2, STM32Cube_FW_G4_V1.6.0, STM32Cube_FW_H5_V1.3.0, STM32Cube_FW_H7RS_V1.1.0, STM32Cube_FW_H7_V1.11.2, STM32Cube_FW_L0_V1.12.2, STM32Cube_FW_L5_V1.5.1, STM32Cube_FW_U0_V1.1.0, STM32Cube_FW_U5_V1.6.0, STM32Cube_FW_WB0_V1.0.0, STM32Cube_FW_WBA_V1.4.1, STM32Cube_FW_WB_V1.20.0, STM32Cube_FW_WL_V1.3.0, X-CUBE-ALGOBUILD_V1.4.0, X-CUBE-ALS_V1.0.2, X-CUBE-AZRTOS-F4_V1.1.0, X-CUBE-AZRTOS-F7_V1.1.0, X-CUBE-AZRTOS-G0_V1.1.0, X-CUBE-AZRTOS-G4_V2.0.0, X-CUBE-AZRTOS-H7RS_V1.0.0, X-CUBE-AZRTOS-H7_V3.3.0, X-CUBE-AZRTOS-L4_V2.0.0, X-CUBE-AZRTOS-L5_V2.0.0, X-CUBE-AZRTOS-WB_V2.0.0, X-CUBE-AZRTOS-WL_V2.0.0, X-CUBE-BLE1_V7.0.0, X-CUBE-BLE2_V3.3.0, X-CUBE-BLEMGR_V3.1.0, X-CUBE-EEPRMA1_V5.1.0, X-CUBE-FREERTOS_V1.2.0, X-CUBE-GNSS1_V6.0.0, X-CUBE-MEMS1_V11.0.0, X-CUBE-NFC4_V3.0.0, X-CUBE-NFC7_V1.0.1, X-CUBE-SFXS2LP1_V4.0.0, X-CUBE-SUBG2_V5.0.0, X-CUBE-TOF1_V3.4.2]
2025-07-26 14:12:20,918 [INFO] ApiDb:240 - Found 646 in-development CPN: [B-G473E-ZEST1S, B-WB1M-WPAN1, B-WL5M-SUBG1, NUCLEO-C031C6, NUCLEO-C071RB, NUCLEO-H503RB, NUCLEO-H533RE, NUCLEO-H563ZI, NUCLEO-H7S3L8, NUCLEO-U031R8, NUCLEO-U083RC, NUCLEO-U545RE-Q, NUCLEO-U5A5ZJ-Q, NUCLEO-WB05KZ, NUCLEO-WB07CC, NUCLEO-WB09KE, NUCLEO-WBA52CG, NUCLEO-WBA55CG, STEVAL-PROTEUS1, STEVAL-SMARTAG2, STEVAL-STWINBX1, STM320518-EVAL, STM32C0116-DK, STM32C011D6Y3TR, STM32C011D6Y6TR, STM32C011F4P3, STM32C011F4P6, STM32C011F4U3, STM32C011F4U6TR, STM32C011F6P3, STM32C011F6P6, STM32C011F6U3, STM32C011F6U6TR, STM32C011J4M3, STM32C011J4M6, STM32C011J6M3, STM32C011J6M6, STM32C0316-DK, STM32C031C4T3, STM32C031C4T6, STM32C031C4U3, STM32C031C4U6, STM32C031C6T3, STM32C031C6T6, STM32C031C6U3, STM32C031C6U6, STM32C031F4P3, STM32C031F4P6, STM32C031F6P3, STM32C031F6P6, STM32C031G4U3, STM32C031G4U6, STM32C031G6U3, STM32C031G6U6, STM32C031K4T3, STM32C031K4T6, STM32C031K4U3, STM32C031K4U6, STM32C031K6T3, STM32C031K6T6, STM32C031K6U3, STM32C031K6U6, STM32C071C8T6, STM32C071C8T6N, STM32C071C8U6, STM32C071C8U6N, STM32C071CBT6, STM32C071CBT6N, STM32C071CBU6, STM32C071CBU6N, STM32C071F8P6, STM32C071F8P6N, STM32C071FBP6, STM32C071FBP6N, STM32C071FBY6TR, STM32C071G8U6, STM32C071G8U6N, STM32C071GBU6, STM32C071GBU6N, STM32C071K8T6, STM32C071K8T6N, STM32C071K8U6, STM32C071K8U6N, STM32C071KBT6, STM32C071KBT6N, STM32C071KBU6, STM32C071KBU6N, STM32C071R8T6, STM32C071R8T6N, STM32C071RBI6N, STM32C071RBT6, STM32C071RBT6N, STM32G071K8TXN, STM32G071K8UXN, STM32G081GBU6N, STM32G081KBT6N, STM32G081KBUXN, STM32G0B1CCT6N, STM32G0B1KCT6, STM32G0B1NEY6TR, STM32G0B1RCT6N, STM32G0C1CCT6, STM32G0C1CCT6N, STM32G0C1CCU6N, STM32G0C1CET6N, STM32G0C1CEU6N, STM32G0C1KCT6, STM32G0C1NEY6TR, STM32G0C1RCI6N, STM32G0C1RCT6N, STM32G0C1REI6N, STM32G0C1RET6N, STM32G0C1VCI6, STM32G0C1VEI6, STM32G411C6T3, STM32G411C6T6, STM32G411C6U3, STM32G411C6U6, STM32G411C8T3, STM32G411C8T6, STM32G411C8U3, STM32G411C8U6, STM32G411CBT3, STM32G411CBT6, STM32G411CBU3, STM32G411CBU6, STM32G411K6T3, STM32G411K6T6, STM32G411K6U3, STM32G411K6U6, STM32G411K8T3, STM32G411K8T6, STM32G411K8U3, STM32G411K8U6, STM32G411KBT3, STM32G411KBT6, STM32G411KBU3, STM32G411KBU6, STM32G411M6T3, STM32G411M6T6, STM32G411M8T3, STM32G411M8T6, STM32G411MBT3, STM32G411MBT6, STM32G411R6T3, STM32G411R6T6, STM32G411R8T3, STM32G411R8T6, STM32G411RBT3, STM32G411RBT6, STM32G414CBT3, STM32G414CBT6, STM32G414CBU3, STM32G414CBU6, STM32G414CCT3, STM32G414CCT6, STM32G414CCU3, STM32G414CCU6, STM32G414MBT3, STM32G414MBT6, STM32G414MCT3, STM32G414MCT6, STM32G414RBT3, STM32G414RBT6, STM32G414RCT3, STM32G414RCT6, STM32G414VBT3, STM32G414VBT6, STM32G414VCT3, STM32G414VCT6, STM32G431CBT3Z, STM32G431RBT3Z, STM32G471CCT6, STM32G471CCU6, STM32G471CET3, STM32G471CET6, STM32G471CEU3, STM32G471CEU6, STM32G471MCT6, STM32G471MET3, STM32G471MET6, STM32G471MEY6TR, STM32G471QCT6, STM32G471QET3, STM32G471RCT6, STM32G471RET3, STM32G471RET6, STM32G471VCH6, STM32G471VCI6, STM32G471VCT6, STM32G471VEH3, STM32G471VEH6, STM32G471VEI3, STM32G471VEI6, STM32G471VET3, STM32G471VET6, STM32G473QET3Z, STM32G473RET3Z, STM32G474CCT6, STM32G491RET3Z, STM32H503CBT6, STM32H503CBU6, STM32H503EBY6TR, STM32H503KBU6, STM32H503RBT6, STM32H523CCT6, STM32H523CCU6, STM32H523CET6, STM32H523CEU6, STM32H523HEY6TR, STM32H523RCT6, STM32H523RET6, STM32H523VCI6, STM32H523VCT6, STM32H523VEI6, STM32H523VET6, STM32H523ZCJ6, STM32H523ZCT6, STM32H523ZEJ6, STM32H523ZET6, STM32H533CET6, STM32H533CEU6, STM32H533HEY6TR, STM32H533RET6, STM32H533VEI6, STM32H533VET6, STM32H533ZEJ6, STM32H533ZET6, STM32H562AGI6, STM32H562AII6, STM32H562IGK6, STM32H562IGT6, STM32H562IIK6, STM32H562IIT6, STM32H562RGT6, STM32H562RGV6, STM32H562RIT6, STM32H562RIV6, STM32H562VGT6, STM32H562VIT6, STM32H562ZGT6, STM32H562ZIT6, STM32H563AGI6, STM32H563AII3Q, STM32H563AII6, STM32H563IGK6, STM32H563IGT6, STM32H563IIK3Q, STM32H563IIK6, STM32H563IIT3Q, STM32H563IIT6, STM32H563MIY3QTR, STM32H563RGT6, STM32H563RGV6, STM32H563RIT6, STM32H563RIV6, STM32H563VGT6, STM32H563VIT3Q, STM32H563VIT6, STM32H563ZGT6, STM32H563ZIT3Q, STM32H563ZIT6, STM32H573AII3Q, STM32H573AII6, STM32H573I-DK, STM32H573IIK3Q, STM32H573IIK6, STM32H573IIT3Q, STM32H573IIT6, STM32H573MIY3QTR, STM32H573RIT6, STM32H573RIV6, STM32H573VIT3Q, STM32H573VIT6, STM32H573ZIT3Q, STM32H573ZIT6, STM32H7R3A8I6, STM32H7R3I8K6, STM32H7R3I8T6, STM32H7R3L8H6, STM32H7R3L8H6H, STM32H7R3R8V6, STM32H7R3V8H6, STM32H7R3V8T6, STM32H7R3V8Y6TR, STM32H7R3Z8J6, STM32H7R3Z8T6, STM32H7R7A8I6, STM32H7R7I8K6, STM32H7R7I8T6, STM32H7R7L8H6, STM32H7R7L8H6H, STM32H7R7Z8J6, STM32H7S3A8I6, STM32H7S3I8K6, STM32H7S3I8T6, STM32H7S3L8H6, STM32H7S3L8H6H, STM32H7S3R8V6, STM32H7S3V8H6, STM32H7S3V8T6, STM32H7S3V8Y6TR, STM32H7S3Z8J6, STM32H7S3Z8T6, STM32H7S78-DK, STM32H7S7A8I6, STM32H7S7I8K6, STM32H7S7I8T6, STM32H7S7L8H6, STM32H7S7L8H6H, STM32H7S7Z8J6, STM32L4R5QGI6STR, STM32MP131AAE3, STM32MP131AAF3, STM32MP131AAG3, STM32MP131CAE3, STM32MP131CAF3, STM32MP131CAG3, STM32MP131DAE7, STM32MP131DAF7, STM32MP131DAG7, STM32MP131FAE7, STM32MP131FAF7, STM32MP131FAG7, STM32MP133AAE3, STM32MP133AAF3, STM32MP133AAG3, STM32MP133CAE3, STM32MP133CAF3, STM32MP133CAG3, STM32MP133DAE7, STM32MP133DAF7, STM32MP133DAG7, STM32MP133FAE7, STM32MP133FAF7, STM32MP133FAG7, STM32MP135AAE3, STM32MP135AAF3, STM32MP135AAG3, STM32MP135CAE3, STM32MP135CAF3, STM32MP135CAG3, STM32MP135DAE7, STM32MP135DAF7, STM32MP135DAG7, STM32MP135F-DK, STM32MP135FAE7, STM32MP135FAF7, STM32MP135FAF7T, STM32MP135FAF7U, STM32MP135FAG7, STM32MP251AAI3, STM32MP251AAK3, STM32MP251AAL3, STM32MP251CAI3, STM32MP251CAK3, STM32MP251CAL3, STM32MP251DAI3, STM32MP251DAK3, STM32MP251DAL3, STM32MP251FAI3, STM32MP251FAK3, STM32MP251FAL3, STM32MP253AAI3, STM32MP253AAK3, STM32MP253AAL3, STM32MP253CAI3, STM32MP253CAK3, STM32MP253CAL3, STM32MP253DAI3, STM32MP253DAK3, STM32MP253DAL3, STM32MP253FAI3, STM32MP253FAK3, STM32MP253FAL3, STM32MP255AAI3, STM32MP255AAK3, STM32MP255AAL3, STM32MP255CAI3, STM32MP255CAK3, STM32MP255CAL3, STM32MP255DAI3, STM32MP255DAK3, STM32MP255DAL3, STM32MP255FAI3, STM32MP255FAK3, STM32MP255FAL3, STM32MP257AAI3, STM32MP257AAK3, STM32MP257AAL3, STM32MP257CAI3, STM32MP257CAK3, STM32MP257CAL3, STM32MP257DAI3, STM32MP257DAK3, STM32MP257DAL3, STM32MP257F-DK, STM32MP257F-EV1, STM32MP257FAI3, STM32MP257FAK3, STM32MP257FAL3, STM32U031C6T6, STM32U031C6U6, STM32U031C8T6, STM32U031C8U6, STM32U031F4P6, STM32U031F6P6, STM32U031F8P6, STM32U031G6Y6TR, STM32U031G8Y6TR, STM32U031K4U6, STM32U031K6U6, STM32U031K8U6, STM32U031R6I6, STM32U031R6T6, STM32U031R8I6, STM32U031R8T6, STM32U073C8T6, STM32U073C8U6, STM32U073CBT6, STM32U073CBU6, STM32U073CCT6, STM32U073CCU6, STM32U073H8Y6TR, STM32U073HBY6TR, STM32U073HCY6TR, STM32U073K8U6, STM32U073KBU6, STM32U073KCU6, STM32U073M8I6, STM32U073M8T6, STM32U073MBI6, STM32U073MBT6, STM32U073MCI6, STM32U073MCT6, STM32U073R8I6, STM32U073R8T6, STM32U073RBI6, STM32U073RBT6, STM32U073RCI6, STM32U073RCT6, STM32U083C-DK, STM32U083CCT6, STM32U083CCU6, STM32U083HCY6TR, STM32U083KCU6, STM32U083MCI6, STM32U083MCT6, STM32U083RCI6, STM32U083RCT6, STM32U535CBT6, STM32U535CBT6Q, STM32U535CBU6, STM32U535CBU6Q, STM32U535CCT6, STM32U535CCT6Q, STM32U535CCU6, STM32U535CCU6Q, STM32U535CET6, STM32U535CET6Q, STM32U535CEU6, STM32U535CEU6Q, STM32U535JEY6QTR, STM32U535NCY6QTR, STM32U535NEY6QTR, STM32U535RBI6, STM32U535RBI6Q, STM32U535RBT6, STM32U535RBT6Q, STM32U535RCI6, STM32U535RCI6Q, STM32U535RCT6, STM32U535RCT6Q, STM32U535REI6, STM32U535REI6Q, STM32U535RET6, STM32U535RET6Q, STM32U535VCI6, STM32U535VCI6Q, STM32U535VCT6, STM32U535VCT6Q, STM32U535VEI6, STM32U535VEI6Q, STM32U535VET6, STM32U535VET6Q, STM32U545CET6, STM32U545CET6Q, STM32U545CEU6, STM32U545CEU6Q, STM32U545JEY6QTR, STM32U545NEY6QTR, STM32U545REI6, STM32U545REI6Q, STM32U545RET6, STM32U545RET6Q, STM32U545VEI6, STM32U545VEI6Q, STM32U545VET6, STM32U545VET6Q, STM32U595AIH6, STM32U595AIH6Q, STM32U595AJH6, STM32U595AJH6Q, STM32U595QII6, STM32U595QII6Q, STM32U595QJI6, STM32U595QJI6Q, STM32U595RIT6, STM32U595RIT6Q, STM32U595RJT6, STM32U595RJT6Q, STM32U595VIT6, STM32U595VIT6Q, STM32U595VJT6, STM32U595VJT6Q, STM32U595ZIT6, STM32U595ZIT6Q, STM32U595ZIY6QTR, STM32U595ZJT6, STM32U595ZJT6Q, STM32U595ZJY6QTR, STM32U599BJY6QTR, STM32U599NIH6Q, STM32U599NJH6Q, STM32U599VIT6Q, STM32U599VJT6, STM32U599VJT6Q, STM32U599ZIT6Q, STM32U599ZIY6QTR, STM32U599ZJT6Q, STM32U599ZJY6QTR, STM32U5A5AJH6, STM32U5A5AJH6Q, STM32U5A5QII3Q , STM32U5A5QJI6, STM32U5A5QJI6Q, STM32U5A5RJT6, STM32U5A5RJT6Q, STM32U5A5VJT6, STM32U5A5VJT6Q, STM32U5A5ZJT6, STM32U5A5ZJT6Q, STM32U5A5ZJY6QTR, STM32U5A9BJY6QTR, STM32U5A9J-DK, STM32U5A9NJH6Q, STM32U5A9VJT6Q, STM32U5A9ZJT6Q, STM32U5A9ZJY6QTR, STM32U5F7VIT6, STM32U5F7VIT6Q, STM32U5F7VJT6, STM32U5F7VJT6Q, STM32U5F9BJY6QTR, STM32U5F9NJH6Q, STM32U5F9VIT6Q, STM32U5F9VJT6Q, STM32U5F9ZIJ6QTR, STM32U5F9ZIT6Q, STM32U5F9ZJJ6QTR, STM32U5F9ZJT6Q, STM32U5G7VJT6, STM32U5G7VJT6Q, STM32U5G9BJY6QTR, STM32U5G9J-DK1, STM32U5G9J-DK2, STM32U5G9NJH6Q, STM32U5G9VJT6Q, STM32U5G9ZJJ6QTR, STM32U5G9ZJT6Q, STM32WB05KZV6TR, STM32WB05KZV7TR, STM32WB05TZF6TR, STM32WB05TZF7TR, STM32WB06CCF6TR, STM32WB06CCF7TR, STM32WB06CCV6TR, STM32WB06CCV7TR, STM32WB06KCV6TR, STM32WB06KCV7TR, STM32WB07CCF6TR, STM32WB07CCF7TR, STM32WB07CCV6TR, STM32WB07CCV7TR, STM32WB07KCV6TR, STM32WB07KCV7TR, STM32WB09KEV6TR, STM32WB09KEV7TR, STM32WB09TEF6TR, STM32WB09TEF7TR, STM32WB1MMCH6, STM32WBA50KGU6, STM32WBA50KGU6TR, STM32WBA52CEU6, STM32WBA52CEU6TR, STM32WBA52CEU7, STM32WBA52CEU7TR, STM32WBA52CGU6, STM32WBA52CGU6TR, STM32WBA52CGU6U, STM32WBA52CGU7, STM32WBA52CGU7TR, STM32WBA52KEU6, STM32WBA52KEU6TR, STM32WBA52KGU6, STM32WBA52KGU6TR, STM32WBA54CEU6, STM32WBA54CEU6TR, STM32WBA54CEU7, STM32WBA54CEU7TR, STM32WBA54CGU6, STM32WBA54CGU6TR, STM32WBA54CGU7, STM32WBA54CGU7TR, STM32WBA54KEU6, STM32WBA54KEU6TR, STM32WBA54KEU7, STM32WBA54KEU7TR, STM32WBA54KGU6, STM32WBA54KGU6TR, STM32WBA54KGU7, STM32WBA54KGU7TR, STM32WBA55CEU6, STM32WBA55CEU6TR, STM32WBA55CEU7, STM32WBA55CEU7TR, STM32WBA55CGU6, STM32WBA55CGU6TR, STM32WBA55CGU6U, STM32WBA55CGU7, STM32WBA55CGU7TR, STM32WBA55G-DK1, STM32WBA55HEF6, STM32WBA55HEF7, STM32WBA55HGF6, STM32WBA55HGF7, STM32WBA55UEI6, STM32WBA55UEI6TR, STM32WBA55UEI7, STM32WBA55UEI7TR, STM32WBA55UGI6, STM32WBA55UGI6TR, STM32WBA55UGI7, STM32WBA55UGI7TR, STM32WL5MOCH6, STM32WL5MOCH6TR]
2025-07-26 14:12:20,924 [INFO] DbMcus:218 - Found 4252 MCUs, 4252 are supported
2025-07-26 14:12:20,927 [INFO] ApiDb:423 - Load user favorites file /Users/felix/.stm32cubeide/favorites.mcus.txt: 0 item(s)
2025-07-26 14:12:20,928 [INFO] ApiDb:427 - User favorites MCUs=[]
2025-07-26 14:12:20,928 [INFO] DbMcus:224 - Set 0 / 0 favorites MCUs
2025-07-26 14:12:21,195 [INFO] ApiDb:423 - Load user favorites file /Users/felix/.stm32cubeide/favorites.boards.txt: 0 item(s)
2025-07-26 14:12:21,195 [INFO] ApiDb:427 - User favorites Boards=[]
2025-07-26 14:12:21,196 [INFO] DbBoards:198 - Set 0 / 0 favorites Boards
2025-07-26 14:12:21,297 [INFO] UtilMem:75 - End LoadConfig() Used Memory: 583174288 Bytes (762314752)
2025-07-26 14:12:21,471 [WARN] ThirdParty:833 - waiting for thirdparty lock release [change project]
2025-07-26 14:12:21,472 [INFO] ThirdParty:835 - entering critical section [change project]
2025-07-26 14:12:21,473 [INFO] ThirdParty:1030 - CMSIS Pack Vendor :STMicroelectronics X-CUBE-PM33A1 1.0.0
2025-07-26 14:12:21,473 [INFO] ThirdParty:1030 - CMSIS Pack Vendor :STMicroelectronics USBPD 4.1
2025-07-26 14:12:21,473 [INFO] ThirdParty:1030 - CMSIS Pack Vendor :STMicroelectronics X-CUBE-AZRTOS-H7 3.3.0
2025-07-26 14:12:21,473 [INFO] ThirdParty:1030 - CMSIS Pack Vendor :STMicroelectronics X-CUBE-NFC9 1.0.0
2025-07-26 14:12:21,473 [INFO] ThirdParty:1030 - CMSIS Pack Vendor :STMicroelectronics USB_HOST 2.0.0
2025-07-26 14:12:21,473 [INFO] ThirdParty:1030 - CMSIS Pack Vendor :STMicroelectronics FP-SNS-MOTENVWB1 1.4.0
2025-07-26 14:12:21,473 [INFO] ThirdParty:1030 - CMSIS Pack Vendor :STMicroelectronics X-CUBE-AZRTOS-F4 1.1.0
2025-07-26 14:12:21,473 [INFO] ThirdParty:1030 - CMSIS Pack Vendor :STMicroelectronics LIBJPEG 8.0.0
2025-07-26 14:12:21,473 [INFO] ThirdParty:1030 - CMSIS Pack Vendor :STMicroelectronics FP-ATR-ASTRA1 2.0.1
2025-07-26 14:12:21,473 [INFO] ThirdParty:1030 - CMSIS Pack Vendor :STMicroelectronics X-CUBE-SMBUS 2.1.0
2025-07-26 14:12:21,473 [INFO] ThirdParty:1030 - CMSIS Pack Vendor :STMicroelectronics X-CUBE-WB05N 1.1.0
2025-07-26 14:12:21,473 [INFO] ThirdParty:1030 - CMSIS Pack Vendor :STMicroelectronics USB_DEVICE 3.0.0
2025-07-26 14:12:21,473 [INFO] ThirdParty:1030 - CMSIS Pack Vendor :STMicroelectronics X-CUBE-TCPP 4.1.0
2025-07-26 14:12:21,473 [INFO] ThirdParty:1030 - CMSIS Pack Vendor :STMicroelectronics X-CUBE-ISPU 2.1.0
2025-07-26 14:12:21,473 [INFO] ThirdParty:1030 - CMSIS Pack Vendor :STMicroelectronics X-CUBE-EEPRMA1 5.2.0
2025-07-26 14:12:21,473 [INFO] ThirdParty:1030 - CMSIS Pack Vendor :STMicroelectronics X-CUBE-FREERTOS 1.2.0
2025-07-26 14:12:21,473 [INFO] ThirdParty:1030 - CMSIS Pack Vendor :STMicroelectronics X-CUBE-IPS 3.0.0
2025-07-26 14:12:21,473 [INFO] ThirdParty:1030 - CMSIS Pack Vendor :STMicroelectronics X-CUBE-AZRTOS-WB 2.0.0
2025-07-26 14:12:21,473 [INFO] ThirdParty:1030 - CMSIS Pack Vendor :STMicroelectronics X-CUBE-GNSS1 7.0.0
2025-07-26 14:12:21,473 [INFO] ThirdParty:1030 - CMSIS Pack Vendor :STMicroelectronics X-CUBE-NFC12 1.0.0
2025-07-26 14:12:21,473 [INFO] ThirdParty:1030 - CMSIS Pack Vendor :STMicroelectronics X-CUBE-AZRTOS-F7 1.1.0
2025-07-26 14:12:21,473 [INFO] ThirdParty:1030 - CMSIS Pack Vendor :STMicroelectronics X-CUBE-AZRTOS-L5 2.0.0
2025-07-26 14:12:21,473 [INFO] ThirdParty:1030 - CMSIS Pack Vendor :STMicroelectronics X-CUBE-TOUCHGFX 4.25.0
2025-07-26 14:12:21,473 [INFO] ThirdParty:1030 - CMSIS Pack Vendor :STMicroelectronics USB_DEVICE 2.0.0
2025-07-26 14:12:21,474 [INFO] ThirdParty:1030 - CMSIS Pack Vendor :STMicroelectronics X-CUBE-NFC6 3.1.0
2025-07-26 14:12:21,474 [INFO] ThirdParty:1030 - CMSIS Pack Vendor :STMicroelectronics X-CUBE-AI 10.1.0
2025-07-26 14:12:21,474 [INFO] ThirdParty:1030 - CMSIS Pack Vendor :STMicroelectronics FP-SNS-STBOX1 2.0.0
2025-07-26 14:12:21,474 [INFO] ThirdParty:1030 - CMSIS Pack Vendor :STMicroelectronics X-CUBE-MEMS1 11.0.0
2025-07-26 14:12:21,474 [INFO] ThirdParty:1030 - CMSIS Pack Vendor :STMicroelectronics X-CUBE-MEMS1 11.2.0
2025-07-26 14:12:21,474 [INFO] ThirdParty:1030 - CMSIS Pack Vendor :STMicroelectronics FreeRTOS 0.0.1
2025-07-26 14:12:21,474 [INFO] ThirdParty:1030 - CMSIS Pack Vendor :STMicroelectronics X-CUBE-AZRTOS-G0 1.1.0
2025-07-26 14:12:21,474 [INFO] ThirdParty:1030 - CMSIS Pack Vendor :STMicroelectronics X-CUBE-SAFEA1 1.2.2
2025-07-26 14:12:21,474 [INFO] ThirdParty:1030 - CMSIS Pack Vendor :STMicroelectronics X-CUBE-NFC4 3.0.0
2025-07-26 14:12:21,474 [INFO] ThirdParty:1030 - CMSIS Pack Vendor :STMicroelectronics X-CUBE-DPower 1.2.0
2025-07-26 14:12:21,474 [INFO] ThirdParty:1030 - CMSIS Pack Vendor :STMicroelectronics X-CUBE-SUBG2 5.0.0
2025-07-26 14:12:21,474 [INFO] ThirdParty:1030 - CMSIS Pack Vendor :STMicroelectronics X-CUBE-AZRTOS-H7RS 1.1.0
2025-07-26 14:12:21,474 [INFO] ThirdParty:1030 - CMSIS Pack Vendor :STMicroelectronics STM32_WPAN 1.0.0
2025-07-26 14:12:21,474 [INFO] ThirdParty:1030 - CMSIS Pack Vendor :EmbeddedOffice I-CUBE-FS-RTOS 1.0.1
2025-07-26 14:12:21,474 [INFO] ThirdParty:1030 - CMSIS Pack Vendor :STMicroelectronics lwIP 2.0.3
2025-07-26 14:12:21,474 [INFO] ThirdParty:1030 - CMSIS Pack Vendor :STMicroelectronics FP-SNS-FLIGHT1 5.0.2
2025-07-26 14:12:21,474 [INFO] ThirdParty:1030 - CMSIS Pack Vendor :Cesanta I-CUBE-Mongoose 7.13.0
2025-07-26 14:12:21,474 [INFO] ThirdParty:1030 - CMSIS Pack Vendor :STMicroelectronics USB_HOST 1.0.0
2025-07-26 14:12:21,474 [INFO] ThirdParty:1030 - CMSIS Pack Vendor :STMicroelectronics X-CUBE-AZRTOS-G4 2.0.0
2025-07-26 14:12:21,474 [INFO] ThirdParty:1030 - CMSIS Pack Vendor :STMicroelectronics X-CUBE-WB05N 2.0.0
2025-07-26 14:12:21,474 [INFO] ThirdParty:1030 - CMSIS Pack Vendor :STMicroelectronics PDM2PCM 3.1.0
2025-07-26 14:12:21,474 [INFO] ThirdParty:1030 - CMSIS Pack Vendor :STMicroelectronics PDM2PCM 3.3.0
2025-07-26 14:12:21,474 [INFO] ThirdParty:1030 - CMSIS Pack Vendor :STMicroelectronics X-CUBE-AZRTOS-H7 3.4.0
2025-07-26 14:12:21,475 [INFO] ThirdParty:1030 - CMSIS Pack Vendor :STMicroelectronics X-CUBE-DISPLAY 3.0.0
2025-07-26 14:12:21,475 [INFO] ThirdParty:1030 - CMSIS Pack Vendor :RealThread X-CUBE-RT-Thread_Nano 4.1.1
2025-07-26 14:12:21,475 [INFO] ThirdParty:1030 - CMSIS Pack Vendor :STMicroelectronics X-CUBE-BLE1 7.0.0
2025-07-26 14:12:21,475 [INFO] ThirdParty:1030 - CMSIS Pack Vendor :STMicroelectronics FP-ATR-SIGFOX1 3.2.0
2025-07-26 14:12:21,475 [INFO] ThirdParty:1030 - CMSIS Pack Vendor :STMicroelectronics X-CUBE-NFC10 1.0.0
2025-07-26 14:12:21,475 [INFO] ThirdParty:1030 - CMSIS Pack Vendor :wolfSSL I-CUBE-wolfSSL 5.7.2
2025-07-26 14:12:21,475 [INFO] ThirdParty:1030 - CMSIS Pack Vendor :quantropi X-CUBE-qispace-sdk-base 1.9.3
2025-07-26 14:12:21,475 [INFO] ThirdParty:1030 - CMSIS Pack Vendor :STMicroelectronics X-CUBE-BLEMGR 4.0.0
2025-07-26 14:12:21,475 [INFO] ThirdParty:1030 - CMSIS Pack Vendor :STMicroelectronics X-CUBE-EEPRMA1 5.1.0
2025-07-26 14:12:21,475 [INFO] ThirdParty:1030 - CMSIS Pack Vendor :STMicroelectronics X-CUBE-FREERTOS 1.3.1
2025-07-26 14:12:21,475 [INFO] ThirdParty:1030 - CMSIS Pack Vendor :STMicroelectronics HAL Drivers 0.0.0
2025-07-26 14:12:21,475 [INFO] ThirdParty:1030 - CMSIS Pack Vendor :STMicroelectronics MBEDTLS 2.16.2
2025-07-26 14:12:21,475 [INFO] ThirdParty:1030 - CMSIS Pack Vendor :STMicroelectronics X-CUBE-ALS 1.0.2
2025-07-26 14:12:21,475 [INFO] ThirdParty:1030 - CMSIS Pack Vendor :emotas I-CUBE-CANOPEN 1.3.0
2025-07-26 14:12:21,475 [INFO] ThirdParty:1030 - CMSIS Pack Vendor :STMicroelectronics X-CUBE-NFC7 1.0.1
2025-07-26 14:12:21,475 [INFO] ThirdParty:1030 - CMSIS Pack Vendor :STMicroelectronics MBEDTLS 2.14.1
2025-07-26 14:12:21,475 [INFO] ThirdParty:1030 - CMSIS Pack Vendor :ITTIA_DB I-CUBE-ITTIADB 8.9.0
2025-07-26 14:12:21,475 [INFO] ThirdParty:1030 - CMSIS Pack Vendor :STMicroelectronics X-CUBE-TOUCHGFX 4.24.1
2025-07-26 14:12:21,475 [INFO] ThirdParty:1030 - CMSIS Pack Vendor :wolfSSL I-CUBE-wolfTPM 3.4.0
2025-07-26 14:12:21,476 [INFO] ThirdParty:1030 - CMSIS Pack Vendor :portGmbH I-Cube-SoM-uGOAL 1.1.0
2025-07-26 14:12:21,477 [INFO] ThirdParty:1030 - CMSIS Pack Vendor :STMicroelectronics X-CUBE-BLEMGR 3.1.0
2025-07-26 14:12:21,477 [INFO] ThirdParty:1030 - CMSIS Pack Vendor :STMicroelectronics X-CUBE-AI 10.0.0
2025-07-26 14:12:21,477 [INFO] ThirdParty:1030 - CMSIS Pack Vendor :STMicroelectronics ThreadX 1.0.0
2025-07-26 14:12:21,477 [INFO] ThirdParty:1030 - CMSIS Pack Vendor :STMicroelectronics FP-SNS-SMARTAG2 1.2.0
2025-07-26 14:12:21,478 [INFO] ThirdParty:1030 - CMSIS Pack Vendor :STMicroelectronics X-CUBE-AZRTOS-WL 2.0.0
2025-07-26 14:12:21,478 [INFO] ThirdParty:1030 - CMSIS Pack Vendor :SEGGER I-CUBE-embOS 1.3.1
2025-07-26 14:12:21,478 [INFO] ThirdParty:1030 - CMSIS Pack Vendor :STMicroelectronics X-CUBE-ALGOBUILD 1.4.0
2025-07-26 14:12:21,478 [INFO] ThirdParty:1030 - CMSIS Pack Vendor :STMicroelectronics X-CUBE-MEMS1 11.3.0
2025-07-26 14:12:21,478 [INFO] ThirdParty:1030 - CMSIS Pack Vendor :STMicroelectronics FP-SNS-MOTENV1 5.0.0
2025-07-26 14:12:21,478 [INFO] ThirdParty:1030 - CMSIS Pack Vendor :STMicroelectronics USB_DEVICE 1.0.0
2025-07-26 14:12:21,478 [INFO] ThirdParty:1030 - CMSIS Pack Vendor :STMicroelectronics X-CUBE-AZRTOS-H7RS 1.0.0
2025-07-26 14:12:21,478 [INFO] ThirdParty:1030 - CMSIS Pack Vendor :wolfSSL I-CUBE-wolfMQTT 1.19.0
2025-07-26 14:12:21,478 [INFO] ThirdParty:1030 - CMSIS Pack Vendor :STMicroelectronics X-CUBE-AZRTOS-L4 2.0.0
2025-07-26 14:12:21,478 [INFO] ThirdParty:1030 - CMSIS Pack Vendor :STMicroelectronics ThreadX 0.0.2
2025-07-26 14:12:21,478 [INFO] ThirdParty:1030 - CMSIS Pack Vendor :WES I-CUBE-Cesium 1.3.0
2025-07-26 14:12:21,478 [INFO] ThirdParty:1030 - CMSIS Pack Vendor :STMicroelectronics FP-ATR-ASTRA1 2.0.0
2025-07-26 14:12:21,478 [INFO] ThirdParty:1030 - CMSIS Pack Vendor :STMicroelectronics lwIP 2.1.2
2025-07-26 14:12:21,479 [INFO] ThirdParty:1030 - CMSIS Pack Vendor :STMicroelectronics X-CUBE-SFXS2LP1 4.0.0
2025-07-26 14:12:21,479 [INFO] ThirdParty:1030 - CMSIS Pack Vendor :STMicroelectronics X-CUBE-BLE2 3.3.0
2025-07-26 14:12:21,479 [INFO] ThirdParty:1030 - CMSIS Pack Vendor :STMicroelectronics X-CUBE-TOF1 3.4.2
2025-07-26 14:12:21,479 [INFO] ThirdParty:1030 - CMSIS Pack Vendor :STMicroelectronics X-CUBE-AI 9.1.0
2025-07-26 14:12:21,479 [INFO] ThirdParty:1030 - CMSIS Pack Vendor :Infineon AIROC-Wi-Fi-Bluetooth-STM32 1.6.1
2025-07-26 14:12:21,479 [INFO] ThirdParty:1030 - CMSIS Pack Vendor :STMicroelectronics PDM2PCM 3.2.0
2025-07-26 14:12:21,479 [INFO] ThirdParty:1030 - CMSIS Pack Vendor :wolfSSL I-CUBE-wolfSSH 1.4.17
2025-07-26 14:12:21,480 [INFO] ThirdParty:841 - exiting critical section [change project]
2025-07-26 14:12:22,459 [INFO] PinOutPanel:1561 - setPackage(No Configuration,No Configuration)
2025-07-26 14:12:22,469 [INFO] PinOutPanel:1561 - setPackage(STM32F072RBTx,LQFP64)
2025-07-26 14:12:24,321 [INFO] UtilMem:75 - Before build in PCC Used Memory: 507128608 Bytes (846200832)
2025-07-26 14:12:25,649 [INFO] UtilMem:75 - After build in PCC Used Memory: 712955392 Bytes (846200832)
2025-07-26 14:12:25,746 [INFO] IPUIPlugin:80 - create IPUIPlugin
2025-07-26 14:12:25,748 [INFO] IPUIPlugin:80 - create IPUIPlugin
2025-07-26 14:12:25,748 [INFO] IPUIPlugin:80 - create IPUIPlugin
2025-07-26 14:12:25,748 [INFO] IPUIPlugin:80 - create IPUIPlugin
2025-07-26 14:12:25,748 [INFO] IPUIPlugin:80 - create IPUIPlugin
2025-07-26 14:12:25,749 [INFO] IPUIPlugin:80 - create IPUIPlugin
2025-07-26 14:12:25,749 [INFO] IPUIPlugin:80 - create IPUIPlugin
2025-07-26 14:12:25,749 [INFO] IPUIPlugin:80 - create IPUIPlugin
2025-07-26 14:12:25,749 [INFO] IPUIPlugin:80 - create IPUIPlugin
2025-07-26 14:12:25,750 [INFO] IPUIPlugin:80 - create IPUIPlugin
2025-07-26 14:12:25,750 [INFO] IPUIPlugin:80 - create IPUIPlugin
2025-07-26 14:12:25,750 [INFO] IPUIPlugin:80 - create IPUIPlugin
2025-07-26 14:12:25,751 [INFO] IPUIPlugin:80 - create IPUIPlugin
2025-07-26 14:12:25,751 [INFO] IPUIPlugin:80 - create IPUIPlugin
2025-07-26 14:12:25,754 [INFO] IPUIPlugin:80 - create IPUIPlugin
2025-07-26 14:12:25,755 [INFO] IPUIPlugin:80 - create IPUIPlugin
2025-07-26 14:12:25,755 [INFO] IPUIPlugin:80 - create IPUIPlugin
2025-07-26 14:12:25,755 [INFO] IPUIPlugin:80 - create IPUIPlugin
2025-07-26 14:12:25,755 [INFO] IPUIPlugin:80 - create IPUIPlugin
2025-07-26 14:12:25,755 [INFO] IPUIPlugin:80 - create IPUIPlugin
2025-07-26 14:12:25,756 [INFO] IPUIPlugin:80 - create IPUIPlugin
2025-07-26 14:12:25,756 [INFO] IPUIPlugin:80 - create IPUIPlugin
2025-07-26 14:12:25,756 [INFO] IPUIPlugin:80 - create IPUIPlugin
2025-07-26 14:12:25,756 [INFO] IPUIPlugin:80 - create IPUIPlugin
2025-07-26 14:12:25,756 [INFO] IPUIPlugin:80 - create IPUIPlugin
2025-07-26 14:12:25,756 [INFO] IPUIPlugin:80 - create IPUIPlugin
2025-07-26 14:12:25,756 [INFO] IPUIPlugin:80 - create IPUIPlugin
2025-07-26 14:12:25,756 [INFO] IPUIPlugin:80 - create IPUIPlugin
2025-07-26 14:12:25,756 [INFO] IPUIPlugin:80 - create IPUIPlugin
2025-07-26 14:12:25,757 [INFO] IPUIPlugin:80 - create IPUIPlugin
2025-07-26 14:12:25,757 [INFO] IPUIPlugin:80 - create IPUIPlugin
2025-07-26 14:12:25,757 [INFO] IPUIPlugin:80 - create IPUIPlugin
2025-07-26 14:12:25,757 [INFO] IPUIPlugin:80 - create IPUIPlugin
2025-07-26 14:12:25,757 [INFO] IPUIPlugin:80 - create IPUIPlugin
2025-07-26 14:12:25,758 [INFO] IPUIPlugin:80 - create IPUIPlugin
2025-07-26 14:12:25,758 [INFO] IPUIPlugin:80 - create IPUIPlugin
2025-07-26 14:12:25,758 [INFO] IPUIPlugin:80 - create IPUIPlugin
2025-07-26 14:12:25,758 [INFO] IPUIPlugin:80 - create IPUIPlugin
2025-07-26 14:12:25,758 [INFO] IPUIPlugin:80 - create IPUIPlugin
2025-07-26 14:12:25,759 [INFO] IPUIPlugin:80 - create IPUIPlugin
2025-07-26 14:12:25,759 [INFO] IPUIPlugin:80 - create IPUIPlugin
2025-07-26 14:12:26,136 [INFO] CADModel:165 - CPN selected for project levelSTM32F072RBT6
2025-07-26 14:12:26,136 [INFO] CADModel:114 - Register for checkConnection events
2025-07-26 14:12:26,186 [INFO] OpenFileManager:363 - Restore cursor
2025-07-26 17:17:42,107 [INFO] WebApp:189 - Connection lost
2025-07-26 17:17:42,899 [INFO] WebApp:186 - Connection restablished
2025-07-26 17:17:46,529 [INFO] WebApp:189 - Connection lost
2025-07-26 17:17:46,722 [INFO] WebApp:186 - Connection restablished
2025-07-26 17:23:05,688 [INFO] WebApp:189 - Connection lost
2025-07-26 17:23:05,863 [INFO] WebApp:186 - Connection restablished
2025-07-26 17:23:10,090 [INFO] WebApp:189 - Connection lost
2025-07-26 17:23:10,221 [INFO] WebApp:186 - Connection restablished
2025-07-26 17:25:06,315 [INFO] WebApp:189 - Connection lost
2025-07-26 17:25:13,593 [INFO] WebApp:186 - Connection restablished
2025-07-26 19:01:47,351 [INFO] WebApp:189 - Connection lost
2025-07-26 19:01:48,467 [INFO] WebApp:186 - Connection restablished
2025-07-26 19:02:01,104 [INFO] WebApp:189 - Connection lost
2025-07-26 19:02:01,444 [INFO] WebApp:186 - Connection restablished
2025-07-26 20:40:42,641 [INFO] WebApp:189 - Connection lost
2025-07-26 20:40:43,171 [INFO] WebApp:186 - Connection restablished
2025-07-26 20:40:46,824 [INFO] WebApp:189 - Connection lost
2025-07-26 20:40:46,945 [INFO] WebApp:186 - Connection restablished
2025-07-26 20:41:12,258 [INFO] WebApp:189 - Connection lost
2025-07-26 20:41:12,373 [INFO] WebApp:186 - Connection restablished
2025-07-26 20:41:15,097 [INFO] WebApp:189 - Connection lost
2025-07-26 20:41:15,240 [INFO] WebApp:186 - Connection restablished
2025-07-26 20:41:19,375 [INFO] WebApp:189 - Connection lost
2025-07-26 20:41:19,491 [INFO] WebApp:186 - Connection restablished
2025-07-26 20:41:42,225 [INFO] WebApp:189 - Connection lost
2025-07-26 20:41:42,335 [INFO] WebApp:186 - Connection restablished
2025-07-26 20:41:46,720 [INFO] WebApp:189 - Connection lost
2025-07-26 20:41:46,843 [INFO] WebApp:186 - Connection restablished
2025-07-26 20:46:23,727 [INFO] WebApp:189 - Connection lost
2025-07-26 20:46:23,950 [INFO] WebApp:186 - Connection restablished
2025-07-26 20:46:28,359 [INFO] WebApp:189 - Connection lost
2025-07-26 20:46:28,472 [INFO] WebApp:186 - Connection restablished
2025-07-26 20:46:53,750 [INFO] WebApp:189 - Connection lost
2025-07-26 20:46:53,890 [INFO] WebApp:186 - Connection restablished
2025-07-26 20:46:56,625 [INFO] WebApp:189 - Connection lost
2025-07-26 20:46:56,790 [INFO] WebApp:186 - Connection restablished
2025-07-26 20:47:01,504 [INFO] WebApp:189 - Connection lost
2025-07-26 20:47:01,637 [INFO] WebApp:186 - Connection restablished
2025-07-26 20:47:23,977 [INFO] WebApp:189 - Connection lost
2025-07-26 20:47:24,097 [INFO] WebApp:186 - Connection restablished
2025-07-26 20:47:26,543 [INFO] WebApp:189 - Connection lost
2025-07-26 20:47:26,701 [INFO] WebApp:186 - Connection restablished
2025-07-26 20:47:53,770 [INFO] WebApp:189 - Connection lost
2025-07-26 20:47:53,888 [INFO] WebApp:186 - Connection restablished
2025-07-26 20:47:58,514 [INFO] WebApp:189 - Connection lost
2025-07-26 20:47:58,630 [INFO] WebApp:186 - Connection restablished
2025-07-26 20:48:24,123 [INFO] WebApp:189 - Connection lost
2025-07-26 20:48:24,801 [INFO] WebApp:186 - Connection restablished
2025-07-26 20:48:28,582 [INFO] WebApp:189 - Connection lost
2025-07-26 20:48:28,705 [INFO] WebApp:186 - Connection restablished
2025-07-26 20:48:54,761 [INFO] WebApp:189 - Connection lost
2025-07-26 20:48:54,884 [INFO] WebApp:186 - Connection restablished
2025-07-26 20:48:57,349 [INFO] WebApp:189 - Connection lost
2025-07-26 20:48:57,458 [INFO] WebApp:186 - Connection restablished
2025-07-26 21:11:07,980 [INFO] WebApp:189 - Connection lost
2025-07-26 21:11:08,224 [INFO] WebApp:186 - Connection restablished
2025-07-26 21:17:01,290 [INFO] WebApp:189 - Connection lost
2025-07-26 21:17:03,146 [INFO] WebApp:186 - Connection restablished
2025-07-26 21:17:20,750 [INFO] WebApp:189 - Connection lost
2025-07-26 21:17:26,760 [INFO] WebApp:186 - Connection restablished
2025-07-26 21:33:54,719 [INFO] WebApp:189 - Connection lost
2025-07-26 21:33:59,691 [INFO] WebApp:186 - Connection restablished
2025-07-26 21:34:16,184 [INFO] WebApp:189 - Connection lost
2025-07-26 21:34:22,066 [INFO] WebApp:186 - Connection restablished
2025-07-26 21:34:23,535 [INFO] WebApp:189 - Connection lost
2025-07-26 21:34:24,411 [INFO] WebApp:186 - Connection restablished
2025-07-26 21:51:24,699 [INFO] WebApp:189 - Connection lost
2025-07-26 21:51:29,520 [INFO] WebApp:186 - Connection restablished
2025-07-26 21:55:15,012 [INFO] WebApp:189 - Connection lost
2025-07-26 21:55:19,750 [INFO] WebApp:186 - Connection restablished
2025-07-26 21:55:22,799 [INFO] WebApp:189 - Connection lost
2025-07-26 21:55:24,351 [INFO] WebApp:186 - Connection restablished
2025-07-26 22:20:59,527 [INFO] WebApp:189 - Connection lost
2025-07-26 22:21:04,415 [INFO] WebApp:186 - Connection restablished
2025-07-26 23:48:31,808 [INFO] WebApp:189 - Connection lost
2025-07-26 23:48:37,032 [INFO] WebApp:186 - Connection restablished
2025-07-26 23:49:40,380 [INFO] WebApp:189 - Connection lost
2025-07-26 23:49:45,883 [INFO] WebApp:186 - Connection restablished
